customerID,gender,SeniorCitizen,Partner,Dependents,tenure,PhoneService,MultipleLines,InternetService,OnlineSecurity,OnlineBackup,DeviceProtection,TechSupport,StreamingTV,StreamingMovies,Contract,PaperlessBilling,PaymentMethod,MonthlyCharges,TotalCharges,Churn,ChurnProbability,AtRiskFlag,RiskBand,SnapshotMonth
7590-VHVEG,Female,No,Yes,No,1,No,No,DSL,No,Yes,No,No,No,No,Month-to-month,Yes,Electronic check,29.85,29.85,No,0.7902,0,High,2025-10-01
5575-GNVDE,Male,No,No,No,34,Yes,No,DSL,Yes,No,Yes,No,No,No,One year,No,Mailed check,56.95,1889.5,No,0.1228,0,Low,2026-06-01
3668-QPYBK,Male,No,No,No,2,Yes,No,DSL,Yes,Yes,No,No,No,No,Month-to-month,Yes,Mailed check,53.85,108.15,Yes,0.5357,0,Medium,2026-04-01
7795-CFOCW,Male,No,No,No,45,No,No,DSL,Yes,No,Yes,Yes,No,No,One year,No,Bank transfer (automatic),42.3,1840.75,No,0.0763,0,Low,2026-02-01
9237-HQITU,Female,No,No,No,2,Yes,No,Fiber optic,No,No,No,No,No,No,Month-to-month,Yes,Electronic check,70.7,151.65,Yes,0.8555,1,High,2026-02-01
9305-CDSKC,Female,No,No,No,8,Yes,Yes,Fiber optic,No,No,Yes,No,Yes,Yes,Month-to-month,Yes,Electronic check,99.65,820.5,Yes,0.9064,1,High,2026-07-01
1452-KIOVK,Male,No,No,Yes,22,Yes,Yes,Fiber optic,No,Yes,No,No,Yes,No,Month-to-month,Yes,Credit card (automatic),89.1,1949.4,No,0.7119,0,High,2025-10-01
6713-OKOMC,Female,No,No,No,10,No,No,DSL,Yes,No,No,No,No,No,Month-to-month,No,Mailed check,29.75,301.9,No,0.5087,0,Medium,2026-05-01
7892-POOKP,Female,No,Yes,No,28,Yes,Yes,Fiber optic,No,No,Yes,Yes,Yes,Yes,Month-to-month,Yes,Electronic check,104.8,3046.05,Yes,0.8081,1,High,2025-11-01
6388-TABGU,Male,No,No,Yes,62,Yes,No,DSL,Yes,Yes,No,No,No,No,One year,No,Bank transfer (automatic),56.15,3487.95,No,0.0343,0,Low,2025-10-01
9763-GRSKD,Male,No,Yes,Yes,13,Yes,No,DSL,Yes,No,No,No,No,No,Month-to-month,Yes,Mailed check,49.95,587.45,No,0.4165,0,Medium,2026-03-01
7469-LKBCI,Male,No,No,No,16,Yes,No,No,No,No,No,No,No,No,Two year,No,Credit card (automatic),18.95,326.8,No,0.0778,0,Low,2026-08-01
8091-TTVAX,Male,No,Yes,No,58,Yes,Yes,Fiber optic,No,No,Yes,No,Yes,Yes,One year,No,Credit card (automatic),100.35,5681.1,No,0.3897,0,Medium,2026-05-01
0280-XJGEX,Male,No,No,No,49,Yes,Yes,Fiber optic,No,Yes,Yes,No,Yes,Yes,Month-to-month,Yes,Bank transfer (automatic),103.7,5036.3,Yes,0.681,0,High,2026-06-01
5129-JLPIS,Male,No,No,No,25,Yes,No,Fiber optic,Yes,No,Yes,Yes,Yes,Yes,Month-to-month,Yes,Electronic check,105.5,2686.05,No,0.7026,0,High,2026-05-01
3655-SNQYZ,Female,No,Yes,Yes,69,Yes,Yes,Fiber optic,Yes,Yes,Yes,Yes,Yes,Yes,Two year,No,Credit card (automatic),113.25,7895.15,No,0.0892,0,Low,2026-06-01
8191-XWSZG,Female,No,No,No,52,Yes,No,No,No,No,No,No,No,No,One year,No,Mailed check,20.65,1022.95,No,0.0332,0,Low,2026-03-01
9959-WOFKT,Male,No,No,Yes,71,Yes,Yes,Fiber optic,Yes,No,Yes,No,Yes,Yes,Two year,No,Bank transfer (automatic),106.7,7382.25,No,0.1198,0,Low,2025-10-01
4190-MFLUW,Female,No,Yes,Yes,10,Yes,No,DSL,No,No,Yes,Yes,No,No,Month-to-month,No,Credit card (automatic),55.2,528.35,Yes,0.3434,0,Medium,2026-07-01
4183-MYFRB,Female,No,No,No,21,Yes,No,Fiber optic,No,Yes,Yes,No,No,Yes,Month-to-month,Yes,Electronic check,90.05,1862.9,No,0.7862,0,High,2026-02-01
8779-QRDMV,Male,Yes,No,No,1,No,No,DSL,No,No,Yes,No,No,Yes,Month-to-month,Yes,Electronic check,39.65,39.65,Yes,0.8756,1,High,2026-03-01
1680-VDCWW,Male,No,Yes,No,12,Yes,No,No,No,No,No,No,No,No,One year,No,Bank transfer (automatic),19.8,202.25,No,0.1529,0,Low,2026-01-01
1066-JKSGK,Male,No,No,No,1,Yes,No,No,No,No,No,No,No,No,Month-to-month,No,Mailed check,20.15,20.15,Yes,0.3902,0,Medium,2025-11-01
3638-WEABW,Female,No,Yes,No,58,Yes,Yes,DSL,No,Yes,No,Yes,No,No,Two year,Yes,Credit card (automatic),59.9,3505.1,No,0.0524,0,Low,2026-08-01
6322-HRPFA,Male,No,Yes,Yes,49,Yes,No,DSL,Yes,Yes,No,Yes,No,No,Month-to-month,No,Credit card (automatic),59.6,2970.3,No,0.0772,0,Low,2026-06-01
6865-JZNKO,Female,No,No,No,30,Yes,No,DSL,Yes,Yes,No,No,No,No,Month-to-month,Yes,Bank transfer (automatic),55.3,1530.6,No,0.2779,0,Low,2026-04-01
6467-CHFZW,Male,No,Yes,Yes,47,Yes,Yes,Fiber optic,No,Yes,No,No,Yes,Yes,Month-to-month,Yes,Electronic check,99.35,4749.15,Yes,0.7246,0,High,2026-01-01
8665-UTDHZ,Male,No,Yes,Yes,1,No,No,DSL,No,Yes,No,No,No,No,Month-to-month,No,Electronic check,30.2,30.2,Yes,0.6764,0,High,2026-06-01
5248-YGIJN,Male,No,Yes,No,72,Yes,Yes,DSL,Yes,Yes,Yes,Yes,Yes,Yes,Two year,Yes,Credit card (automatic),90.25,6369.45,No,0.0501,0,Low,2026-03-01
8773-HHUOZ,Female,No,No,Yes,17,Yes,No,DSL,No,No,No,No,Yes,Yes,Month-to-month,Yes,Mailed check,64.7,1093.1,Yes,0.6145,0,High,2026-02-01
3841-NFECX,Female,Yes,Yes,No,71,Yes,Yes,Fiber optic,Yes,Yes,Yes,Yes,No,No,Two year,Yes,Credit card (automatic),96.35,6766.95,No,0.0868,0,Low,2026-02-01
4929-XIHVW,Male,Yes,Yes,No,2,Yes,No,Fiber optic,No,No,Yes,No,Yes,Yes,Month-to-month,Yes,Credit card (automatic),95.5,181.65,No,0.8831,1,High,2025-11-01
6827-IEAUQ,Female,No,Yes,Yes,27,Yes,No,DSL,Yes,Yes,Yes,Yes,No,No,One year,No,Mailed check,66.15,1874.45,No,0.0795,0,Low,2025-10-01
7310-EGVHZ,Male,No,No,No,1,Yes,No,No,No,No,No,No,No,No,Month-to-month,No,Bank transfer (automatic),20.2,20.2,No,0.3756,0,Medium,2026-03-01
3413-BMNZE,Male,Yes,No,No,1,Yes,No,DSL,No,No,No,No,No,No,Month-to-month,No,Bank transfer (automatic),45.25,45.25,No,0.6323,0,High,2026-07-01
6234-RAAPL,Female,No,Yes,Yes,72,Yes,Yes,Fiber optic,Yes,Yes,No,Yes,Yes,No,Two year,No,Bank transfer (automatic),99.9,7251.7,No,0.0545,0,Low,2025-09-01
6047-YHPVI,Male,No,No,No,5,Yes,No,Fiber optic,No,No,No,No,No,No,Month-to-month,Yes,Electronic check,69.7,316.9,Yes,0.846,1,High,2026-07-01
6572-ADKRS,Female,No,No,No,46,Yes,No,Fiber optic,No,No,Yes,No,No,No,Month-to-month,Yes,Credit card (automatic),74.8,3548.3,No,0.5154,0,Medium,2026-06-01
5380-WJKOV,Male,No,No,No,34,Yes,Yes,Fiber optic,No,Yes,Yes,No,Yes,Yes,Month-to-month,Yes,Electronic check,106.35,3549.25,Yes,0.8136,1,High,2025-12-01
8168-UQWWF,Female,No,No,No,11,Yes,Yes,Fiber optic,No,No,Yes,No,Yes,Yes,Month-to-month,Yes,Bank transfer (automatic),97.85,1105.4,Yes,0.8631,1,High,2026-04-01
8865-TNMNX,Male,No,Yes,Yes,10,Yes,No,DSL,No,Yes,No,No,No,No,One year,No,Mailed check,49.55,475.7,No,0.2582,0,Low,2025-10-01
9489-DEDVP,Female,No,Yes,Yes,70,Yes,Yes,DSL,Yes,Yes,No,No,Yes,No,Two year,Yes,Credit card (automatic),69.2,4872.35,No,0.0371,0,Low,2026-06-01
9867-JCZSP,Female,No,Yes,Yes,17,Yes,No,No,No,No,No,No,No,No,One year,No,Mailed check,20.75,418.25,No,0.1094,0,Low,2026-05-01
4671-VJLCL,Female,No,No,No,63,Yes,Yes,DSL,Yes,Yes,Yes,Yes,Yes,No,Two year,Yes,Credit card (automatic),79.85,4861.45,No,0.042,0,Low,2026-01-01
4080-IIARD,Female,No,Yes,No,13,Yes,Yes,DSL,Yes,Yes,No,Yes,Yes,No,Month-to-month,Yes,Electronic check,76.2,981.45,No,0.5247,0,Medium,2025-09-01
3714-NTNFO,Female,No,No,No,49,Yes,Yes,Fiber optic,No,No,No,No,No,Yes,Month-to-month,Yes,Electronic check,84.5,3906.7,No,0.7125,0,High,2026-08-01
5948-UJZLF,Male,No,No,No,2,Yes,No,DSL,No,Yes,No,No,No,No,Month-to-month,No,Mailed check,49.25,97.0,No,0.5496,0,Medium,2026-02-01
7760-OYPDY,Female,No,No,No,2,Yes,No,Fiber optic,No,No,No,No,Yes,No,Month-to-month,Yes,Electronic check,80.65,144.15,Yes,0.8761,1,High,2026-07-01
7639-LIAYI,Male,No,No,No,52,Yes,Yes,DSL,Yes,No,No,Yes,Yes,Yes,Two year,Yes,Credit card (automatic),79.75,4217.8,No,0.0973,0,Low,2026-05-01
2954-PIBKO,Female,No,Yes,Yes,69,Yes,Yes,DSL,Yes,No,Yes,Yes,No,No,Two year,Yes,Credit card (automatic),64.15,4254.1,No,0.0224,0,Low,2026-06-01
8012-SOUDQ,Female,Yes,No,No,43,Yes,Yes,Fiber optic,No,Yes,No,No,Yes,No,Month-to-month,Yes,Electronic check,90.25,3838.75,No,0.7487,0,High,2026-06-01
9420-LOJKX,Female,No,No,No,15,Yes,No,Fiber optic,Yes,Yes,No,No,Yes,Yes,Month-to-month,Yes,Credit card (automatic),99.1,1426.4,Yes,0.7179,0,High,2025-11-01
6575-SUVOI,Female,Yes,Yes,No,25,Yes,Yes,DSL,Yes,No,No,Yes,Yes,No,Month-to-month,Yes,Credit card (automatic),69.5,1752.65,No,0.4367,0,Medium,2026-01-01
7495-OOKFY,Female,Yes,Yes,No,8,Yes,Yes,Fiber optic,No,Yes,No,No,No,No,Month-to-month,Yes,Credit card (automatic),80.65,633.3,Yes,0.8129,1,High,2026-02-01
4667-QONEA,Female,Yes,Yes,Yes,60,Yes,No,DSL,Yes,Yes,Yes,Yes,No,Yes,One year,Yes,Credit card (automatic),74.85,4456.35,No,0.0677,0,Low,2026-02-01
1658-BYGOY,Male,Yes,No,No,18,Yes,Yes,Fiber optic,No,No,No,No,Yes,Yes,Month-to-month,Yes,Electronic check,95.45,1752.55,Yes,0.9063,1,High,2025-09-01
8769-KKTPH,Female,No,Yes,Yes,63,Yes,Yes,Fiber optic,Yes,No,No,No,Yes,Yes,One year,Yes,Credit card (automatic),99.65,6311.2,No,0.3121,0,Medium,2026-03-01
5067-XJQFU,Male,Yes,Yes,Yes,66,Yes,Yes,Fiber optic,No,Yes,Yes,Yes,Yes,Yes,One year,Yes,Electronic check,108.45,7076.35,No,0.4133,0,Medium,2025-10-01
3957-SQXML,Female,No,Yes,Yes,34,Yes,Yes,No,No,No,No,No,No,No,Two year,No,Credit card (automatic),24.95,894.3,No,0.0376,0,Low,2026-05-01
5954-BDFSG,Female,No,No,No,72,Yes,Yes,Fiber optic,No,No,Yes,Yes,Yes,Yes,Two year,Yes,Credit card (automatic),107.5,7853.7,No,0.2165,0,Low,2026-05-01
0434-CSFON,Female,No,Yes,No,47,Yes,Yes,Fiber optic,No,No,Yes,No,Yes,Yes,Month-to-month,Yes,Electronic check,100.5,4707.1,No,0.7831,0,High,2026-08-01
1215-FIGMP,Male,No,No,No,60,Yes,Yes,Fiber optic,No,Yes,No,No,Yes,No,Month-to-month,Yes,Bank transfer (automatic),89.9,5450.7,No,0.5267,0,Medium,2026-05-01
0526-SXDJP,Male,No,Yes,No,72,No,No,DSL,Yes,Yes,Yes,No,No,No,Two year,No,Bank transfer (automatic),42.1,2962.0,No,0.0187,0,Low,2026-01-01
0557-ASKVU,Female,No,Yes,Yes,18,Yes,No,DSL,No,No,Yes,Yes,No,No,One year,Yes,Credit card (automatic),54.4,957.1,No,0.2202,0,Low,2026-08-01
5698-BQJOH,Female,No,No,No,9,Yes,Yes,Fiber optic,No,No,No,No,Yes,Yes,Month-to-month,No,Electronic check,94.4,857.25,Yes,0.8715,1,High,2026-01-01
5122-CYFXA,Female,No,No,No,3,Yes,No,DSL,No,Yes,No,Yes,Yes,Yes,Month-to-month,Yes,Electronic check,75.3,244.1,No,0.7126,0,High,2025-12-01
8627-ZYGSZ,Male,No,Yes,No,47,Yes,Yes,Fiber optic,No,Yes,No,No,No,No,One year,Yes,Electronic check,78.9,3650.35,No,0.4476,0,Medium,2026-07-01
3410-YOQBQ,Female,No,No,No,31,Yes,No,DSL,No,Yes,Yes,Yes,Yes,Yes,Two year,No,Mailed check,79.2,2497.2,No,0.1208,0,Low,2026-01-01
3170-NMYVV,Female,No,Yes,Yes,50,Yes,No,No,No,No,No,No,No,No,Two year,No,Bank transfer (automatic),20.15,930.9,No,0.0144,0,Low,2025-09-01
7410-OIEDU,Male,No,No,No,10,Yes,No,Fiber optic,Yes,No,Yes,No,No,No,Month-to-month,Yes,Mailed check,79.85,887.35,No,0.6881,0,High,2026-02-01
2273-QCKXA,Male,No,No,No,1,Yes,No,DSL,No,No,No,Yes,No,No,Month-to-month,No,Mailed check,49.05,49.05,No,0.511,0,Medium,2026-06-01
0731-EBJQB,Female,No,Yes,Yes,52,Yes,No,No,No,No,No,No,No,No,One year,Yes,Electronic check,20.4,1090.65,No,0.0517,0,Low,2025-11-01
1891-QRQSA,Male,Yes,Yes,Yes,64,Yes,Yes,Fiber optic,Yes,No,Yes,Yes,Yes,Yes,Two year,Yes,Bank transfer (automatic),111.6,7099.0,No,0.176,0,Low,2026-02-01
8028-PNXHQ,Male,No,Yes,Yes,62,Yes,Yes,No,No,No,No,No,No,No,Two year,Yes,Bank transfer (automatic),24.25,1424.6,No,0.017,0,Low,2025-10-01
5630-AHZIL,Female,No,No,Yes,3,Yes,No,DSL,Yes,No,No,Yes,No,Yes,Month-to-month,Yes,Bank transfer (automatic),64.5,177.4,No,0.4671,0,Medium,2026-05-01
2673-CXQEU,Female,Yes,No,No,56,Yes,Yes,Fiber optic,Yes,Yes,Yes,No,Yes,Yes,One year,No,Electronic check,110.5,6139.5,No,0.4193,0,Medium,2026-02-01
6416-JNVRK,Female,No,No,No,46,Yes,No,DSL,No,No,No,No,No,Yes,One year,No,Credit card (automatic),55.65,2688.85,No,0.1616,0,Low,2025-12-01
5590-ZSKRV,Female,No,Yes,Yes,8,Yes,No,DSL,Yes,Yes,No,No,No,No,Month-to-month,No,Mailed check,54.65,482.25,No,0.3322,0,Medium,2025-11-01
0191-ZHSKZ,Male,Yes,No,No,30,Yes,No,DSL,Yes,Yes,No,No,Yes,Yes,Month-to-month,Yes,Electronic check,74.75,2111.3,No,0.5533,0,Medium,2026-03-01
3887-PBQAO,Female,No,Yes,Yes,45,Yes,Yes,No,No,No,No,No,No,No,One year,Yes,Credit card (automatic),25.9,1216.6,No,0.0634,0,Low,2026-05-01
5919-TMRGD,Female,No,No,Yes,1,Yes,No,Fiber optic,No,No,No,No,Yes,No,Month-to-month,Yes,Electronic check,79.35,79.35,Yes,0.855,1,High,2026-08-01
8108-UXRQN,Female,No,Yes,Yes,11,No,No,DSL,Yes,No,No,No,Yes,Yes,Month-to-month,No,Electronic check,50.55,565.35,No,0.6351,0,High,2026-02-01
9191-MYQKX,Female,No,Yes,No,7,Yes,No,Fiber optic,No,No,Yes,No,No,No,Month-to-month,Yes,Bank transfer (automatic),75.15,496.9,Yes,0.7665,0,High,2025-10-01
9919-YLNNG,Female,No,No,No,42,Yes,No,Fiber optic,No,Yes,Yes,Yes,Yes,Yes,Month-to-month,Yes,Bank transfer (automatic),103.8,4327.5,No,0.5768,0,Medium,2026-06-01
0318-ZOPWS,Female,No,Yes,No,49,Yes,No,No,No,No,No,No,No,No,Two year,Yes,Bank transfer (automatic),20.15,973.35,No,0.0275,0,Low,2026-04-01
4445-ZJNMU,Male,No,No,No,9,Yes,Yes,Fiber optic,No,Yes,No,No,Yes,Yes,Month-to-month,Yes,Credit card (automatic),99.3,918.75,No,0.8557,1,High,2026-05-01
4808-YNLEU,Female,No,Yes,No,35,Yes,No,DSL,Yes,No,No,No,Yes,No,One year,Yes,Bank transfer (automatic),62.15,2215.45,No,0.1939,0,Low,2025-10-01
1862-QRWPE,Female,No,Yes,Yes,48,Yes,No,No,No,No,No,No,No,No,Two year,No,Bank transfer (automatic),20.65,1057.0,No,0.0162,0,Low,2025-12-01
2796-NNUFI,Female,No,Yes,Yes,46,Yes,No,No,No,No,No,No,No,No,Two year,Yes,Mailed check,19.95,927.1,No,0.0266,0,Low,2026-06-01
3016-KSVCP,Male,No,Yes,No,29,No,No,DSL,No,No,No,No,Yes,No,Month-to-month,No,Mailed check,33.75,1009.25,No,0.483,0,Medium,2026-06-01
4767-HZZHQ,Male,No,Yes,Yes,30,Yes,No,Fiber optic,No,Yes,Yes,No,No,No,Month-to-month,No,Bank transfer (automatic),82.05,2570.2,No,0.4452,0,Medium,2026-02-01
2424-WVHPL,Male,Yes,No,No,1,Yes,No,Fiber optic,No,No,No,Yes,No,No,Month-to-month,No,Electronic check,74.7,74.7,No,0.7828,0,High,2026-06-01
7233-PAHHL,Male,No,Yes,Yes,66,Yes,Yes,DSL,Yes,No,Yes,Yes,Yes,Yes,Two year,Yes,Mailed check,84.0,5714.25,No,0.0579,0,Low,2026-07-01
6067-NGCEU,Female,No,No,No,65,Yes,Yes,Fiber optic,Yes,Yes,Yes,No,Yes,Yes,Month-to-month,Yes,Credit card (automatic),111.05,7107.0,No,0.4998,0,Medium,2026-01-01
9848-JQJTX,Male,No,No,No,72,Yes,Yes,Fiber optic,No,Yes,Yes,No,Yes,Yes,Two year,Yes,Bank transfer (automatic),100.9,7459.05,No,0.2495,0,Low,2026-07-01
8637-XJIVR,Female,No,No,No,12,Yes,Yes,Fiber optic,Yes,No,No,No,No,No,Month-to-month,Yes,Electronic check,78.95,927.35,Yes,0.7833,0,High,2025-12-01
9803-FTJCG,Male,No,Yes,Yes,71,Yes,Yes,DSL,Yes,Yes,No,Yes,No,No,One year,Yes,Credit card (automatic),66.85,4748.7,No,0.0368,0,Low,2025-11-01
0278-YXOOG,Male,No,No,No,5,Yes,No,No,No,No,No,No,No,No,Month-to-month,No,Mailed check,21.05,113.85,Yes,0.3488,0,Medium,2026-05-01
3212-KXOCR,Male,No,No,No,52,Yes,No,No,No,No,No,No,No,No,Two year,No,Bank transfer (automatic),21.0,1107.2,No,0.0174,0,Low,2026-04-01
4598-XLKNJ,Female,Yes,Yes,No,25,Yes,No,Fiber optic,No,Yes,Yes,No,Yes,Yes,Month-to-month,Yes,Electronic check,98.5,2514.5,Yes,0.8377,1,High,2025-10-01
6380-ARCEH,Male,No,No,No,1,Yes,No,No,No,No,No,No,No,No,Month-to-month,No,Mailed check,20.2,20.2,No,0.3901,0,Medium,2026-06-01
3679-XASPY,Female,No,Yes,Yes,1,Yes,No,No,No,No,No,No,No,No,Month-to-month,No,Electronic check,19.45,19.45,No,0.4045,0,Medium,2025-11-01
7123-WQUHX,Male,No,No,No,38,Yes,Yes,Fiber optic,No,No,Yes,Yes,Yes,No,One year,No,Bank transfer (automatic),95.0,3605.6,No,0.3514,0,Medium,2026-06-01
5386-THSLQ,Female,Yes,Yes,No,66,No,No,DSL,No,Yes,Yes,No,Yes,No,One year,No,Bank transfer (automatic),45.55,3027.25,No,0.0978,0,Low,2025-09-01
3192-NQECA,Male,No,Yes,No,68,Yes,Yes,Fiber optic,No,Yes,Yes,Yes,Yes,Yes,Two year,Yes,Bank transfer (automatic),110.0,7611.85,Yes,0.2122,0,Low,2026-06-01
6180-YBIQI,Male,No,No,No,5,No,No,DSL,No,No,No,No,No,No,Month-to-month,No,Mailed check,24.3,100.2,No,0.6653,0,High,2026-06-01
6728-DKUCO,Female,No,Yes,Yes,72,Yes,Yes,Fiber optic,Yes,Yes,No,No,Yes,Yes,One year,Yes,Electronic check,104.15,7303.05,No,0.3078,0,Medium,2026-06-01
9750-BOOHV,Female,No,No,No,32,No,No,DSL,Yes,No,No,No,No,No,One year,No,Mailed check,30.15,927.65,No,0.1699,0,Low,2026-04-01
8597-CWYHH,Male,No,No,No,43,Yes,Yes,Fiber optic,No,No,No,No,Yes,Yes,One year,No,Mailed check,94.35,3921.3,No,0.4973,0,Medium,2026-02-01
2848-YXSMW,Male,No,Yes,Yes,72,Yes,No,No,No,No,No,No,No,No,Two year,No,Credit card (automatic),19.4,1363.25,No,0.0059,0,Low,2026-05-01
0486-HECZI,Male,No,Yes,No,55,Yes,Yes,Fiber optic,Yes,Yes,No,No,Yes,No,Month-to-month,Yes,Electronic check,96.75,5238.9,Yes,0.5493,0,Medium,2025-12-01
4549-ZDQYY,Female,No,No,No,52,Yes,No,DSL,Yes,No,Yes,Yes,No,No,One year,No,Credit card (automatic),57.95,3042.25,No,0.0494,0,Low,2026-06-01
5712-AHQNN,Female,No,No,No,43,Yes,No,Fiber optic,No,Yes,Yes,No,Yes,No,Month-to-month,Yes,Electronic check,91.65,3954.1,No,0.6522,0,High,2026-03-01
4846-WHAFZ,Female,Yes,Yes,No,37,Yes,Yes,Fiber optic,No,No,No,No,No,No,Month-to-month,Yes,Electronic check,76.5,2868.15,Yes,0.757,0,High,2026-02-01
5256-SKJGO,Female,No,Yes,Yes,64,No,No,DSL,No,Yes,No,Yes,Yes,Yes,Two year,Yes,Electronic check,54.6,3423.5,No,0.0837,0,Low,2026-03-01
3071-VBYPO,Male,No,Yes,Yes,3,Yes,No,Fiber optic,Yes,Yes,No,No,Yes,No,Month-to-month,No,Electronic check,89.85,248.4,No,0.6735,0,High,2026-03-01
9560-BBZXK,Female,No,No,No,36,No,No,DSL,Yes,No,No,No,No,No,Two year,No,Bank transfer (automatic),31.05,1126.35,No,0.0806,0,Low,2025-09-01
5299-RULOA,Female,No,Yes,Yes,10,Yes,Yes,Fiber optic,Yes,No,No,No,Yes,Yes,Month-to-month,Yes,Electronic check,100.25,1064.65,Yes,0.8322,1,High,2025-10-01
8402-OOOHJ,Female,No,No,No,41,Yes,No,No,No,No,No,No,No,No,Two year,No,Mailed check,20.65,835.15,No,0.0285,0,Low,2025-11-01
9445-ZUEQE,Male,No,Yes,Yes,27,Yes,Yes,Fiber optic,No,Yes,No,Yes,No,No,Month-to-month,Yes,Credit card (automatic),85.2,2151.6,No,0.5337,0,Medium,2025-10-01
1091-SOZGA,Female,No,Yes,Yes,56,Yes,Yes,Fiber optic,No,No,Yes,No,Yes,Yes,One year,Yes,Credit card (automatic),99.8,5515.45,No,0.4358,0,Medium,2026-02-01
2928-HLDBA,Female,No,No,No,6,Yes,No,No,No,No,No,No,No,No,Month-to-month,No,Mailed check,20.7,112.75,No,0.3348,0,Medium,2026-05-01
0404-SWRVG,Male,No,No,No,3,Yes,Yes,Fiber optic,No,No,No,No,No,No,Month-to-month,Yes,Electronic check,74.4,229.55,Yes,0.8813,1,High,2026-04-01
6497-TILVL,Female,No,Yes,Yes,7,Yes,No,DSL,Yes,No,No,No,No,No,Month-to-month,No,Mailed check,50.7,350.35,No,0.3755,0,Medium,2026-02-01
7219-TLZHO,Female,No,Yes,Yes,4,Yes,No,No,No,No,No,No,No,No,Month-to-month,No,Mailed check,20.85,62.9,No,0.3005,0,Medium,2026-07-01
4622-YNKIJ,Male,No,No,No,33,Yes,No,Fiber optic,Yes,No,No,Yes,Yes,No,Two year,Yes,Electronic check,88.95,3027.65,No,0.2716,0,Low,2026-03-01
4412-YLTKF,Female,Yes,No,No,27,Yes,Yes,Fiber optic,No,No,Yes,No,No,No,Month-to-month,Yes,Electronic check,78.05,2135.5,Yes,0.8081,1,High,2025-09-01
6734-PSBAW,Male,No,Yes,No,72,Yes,Yes,No,No,No,No,No,No,No,Two year,Yes,Bank transfer (automatic),23.55,1723.95,No,0.0144,0,Low,2026-06-01
3930-ZGWVE,Male,No,No,No,1,Yes,No,No,No,No,No,No,No,No,Month-to-month,No,Mailed check,19.75,19.75,No,0.3912,0,Medium,2026-03-01
2639-UGMAZ,Male,Yes,No,No,71,No,No,DSL,Yes,Yes,No,No,Yes,Yes,One year,Yes,Electronic check,56.45,3985.35,No,0.1691,0,Low,2026-04-01
2876-GZYZC,Female,No,No,No,13,Yes,Yes,Fiber optic,No,No,No,No,No,Yes,Month-to-month,Yes,Electronic check,85.95,1215.65,No,0.8792,1,High,2026-03-01
6207-WIOLX,Female,No,Yes,Yes,25,No,No,DSL,Yes,Yes,Yes,No,Yes,Yes,Month-to-month,Yes,Credit card (automatic),58.6,1502.65,Yes,0.4756,0,Medium,2026-03-01
8587-XYZSF,Male,No,No,No,67,Yes,No,DSL,No,No,No,Yes,No,No,Two year,No,Bank transfer (automatic),50.55,3260.1,No,0.0224,0,Low,2025-10-01
3091-FYHKI,Male,No,No,No,1,No,No,DSL,No,No,No,No,No,Yes,Month-to-month,Yes,Electronic check,35.45,35.45,Yes,0.8582,1,High,2026-03-01
2372-HWUHI,Male,No,No,No,2,Yes,No,DSL,No,No,No,No,No,No,Month-to-month,No,Electronic check,44.35,81.25,Yes,0.6657,0,High,2026-06-01
7799-LGRDP,Female,No,No,No,43,Yes,Yes,No,No,No,No,No,No,No,Two year,Yes,Credit card (automatic),25.7,1188.2,No,0.0477,0,Low,2025-12-01
7850-VWJUU,Female,No,No,No,23,Yes,No,Fiber optic,Yes,No,No,No,No,No,Month-to-month,Yes,Bank transfer (automatic),75.0,1778.5,No,0.587,0,Medium,2026-04-01
3774-VBNXY,Female,No,Yes,Yes,64,Yes,No,No,No,No,No,No,No,No,Two year,No,Mailed check,20.2,1277.75,No,0.0086,0,Low,2025-09-01
6217-KDYWC,Male,No,No,Yes,57,Yes,No,No,No,No,No,No,No,No,Two year,Yes,Mailed check,19.6,1170.55,No,0.0174,0,Low,2026-01-01
0390-DCFDQ,Female,Yes,Yes,No,1,Yes,No,Fiber optic,No,No,No,No,No,No,Month-to-month,Yes,Mailed check,70.45,70.45,Yes,0.8435,1,High,2026-02-01
3146-MSEGF,Female,Yes,Yes,Yes,72,Yes,Yes,DSL,Yes,Yes,Yes,Yes,Yes,Yes,Two year,Yes,Credit card (automatic),88.05,6425.65,No,0.0494,0,Low,2026-08-01
4080-OGPJL,Female,No,No,No,8,Yes,Yes,DSL,Yes,No,No,Yes,No,Yes,Month-to-month,No,Electronic check,71.15,563.65,Yes,0.5373,0,Medium,2025-11-01
1095-WGNGG,Female,No,Yes,No,61,Yes,Yes,Fiber optic,No,Yes,No,No,Yes,Yes,Two year,Yes,Bank transfer (automatic),101.05,5971.25,No,0.279,0,Low,2025-12-01
2636-SJDOU,Male,No,No,No,64,Yes,Yes,Fiber optic,Yes,Yes,No,No,No,No,One year,Yes,Credit card (automatic),84.3,5289.05,No,0.1924,0,Low,2026-01-01
1131-QQZEB,Male,Yes,Yes,No,71,Yes,Yes,No,No,No,No,No,No,No,Two year,No,Bank transfer (automatic),23.95,1756.2,No,0.0127,0,Low,2026-08-01
5716-EZXZN,Female,No,Yes,Yes,65,Yes,Yes,Fiber optic,Yes,Yes,No,Yes,Yes,No,Two year,Yes,Credit card (automatic),99.05,6416.7,No,0.09,0,Low,2026-07-01
6837-BJYDQ,Male,No,No,No,3,Yes,No,No,No,No,No,No,No,No,One year,No,Mailed check,19.6,61.35,No,0.2237,0,Low,2025-09-01
2135-RXIHG,Male,No,No,No,1,Yes,No,DSL,No,No,No,No,No,No,Month-to-month,Yes,Electronic check,45.65,45.65,Yes,0.748,0,High,2025-11-01
6440-DKQGE,Male,No,No,Yes,30,Yes,No,DSL,No,Yes,Yes,No,Yes,No,One year,No,Credit card (automatic),64.5,1929.95,No,0.17,0,Low,2026-06-01
3466-BYAVD,Male,No,Yes,Yes,15,Yes,No,DSL,No,Yes,Yes,Yes,No,Yes,Month-to-month,Yes,Mailed check,69.5,1071.4,No,0.443,0,Medium,2025-09-01
3780-YVMFA,Female,No,Yes,Yes,8,Yes,No,DSL,No,No,No,Yes,Yes,Yes,Month-to-month,Yes,Electronic check,68.55,564.35,No,0.6698,0,High,2026-07-01
3874-EQOEP,Male,No,No,No,7,Yes,Yes,Fiber optic,No,No,No,No,Yes,Yes,Month-to-month,No,Mailed check,95.0,655.5,Yes,0.8409,1,High,2025-12-01
1679-JRFBR,Female,No,Yes,Yes,70,Yes,Yes,Fiber optic,Yes,Yes,Yes,No,Yes,Yes,One year,Yes,Credit card (automatic),108.15,7930.55,No,0.2733,0,Low,2026-08-01
9073-ZZIAY,Male,No,Yes,Yes,62,Yes,No,DSL,Yes,Yes,Yes,Yes,Yes,Yes,Two year,No,Electronic check,86.1,5215.25,No,0.0389,0,Low,2025-12-01
3077-RSNTJ,Female,No,Yes,Yes,6,Yes,No,No,No,No,No,No,No,No,Month-to-month,No,Mailed check,19.7,113.5,No,0.2859,0,Low,2026-02-01
6551-GNYDG,Female,No,Yes,Yes,14,Yes,No,Fiber optic,No,No,No,No,No,Yes,Month-to-month,Yes,Bank transfer (automatic),80.9,1152.8,No,0.7484,0,High,2026-04-01
9167-APMXZ,Female,No,No,No,22,Yes,Yes,Fiber optic,No,No,No,No,Yes,No,Month-to-month,Yes,Bank transfer (automatic),84.15,1821.95,No,0.7785,0,High,2025-10-01
2749-CTKAJ,Male,No,Yes,Yes,22,Yes,No,No,No,No,No,No,No,No,One year,No,Mailed check,20.15,419.9,No,0.0905,0,Low,2026-03-01
6371-NZYEG,Male,No,Yes,Yes,16,Yes,No,DSL,Yes,No,Yes,No,Yes,No,Two year,No,Mailed check,64.25,1024.0,No,0.1219,0,Low,2026-03-01
7554-NEWDD,Male,No,No,No,10,Yes,Yes,No,No,No,No,No,No,No,Two year,No,Bank transfer (automatic),25.7,251.6,No,0.1176,0,Low,2026-06-01
8992-VONJD,Female,No,No,Yes,13,Yes,No,DSL,Yes,Yes,No,No,No,No,Month-to-month,Yes,Electronic check,56.0,764.55,No,0.4527,0,Medium,2026-08-01
0867-MKZVY,Female,No,Yes,No,20,Yes,Yes,Fiber optic,Yes,No,No,No,No,No,Month-to-month,No,Electronic check,82.4,1592.35,Yes,0.6532,0,High,2026-04-01
4482-EWFMI,Female,No,No,No,2,Yes,No,Fiber optic,No,No,No,No,No,No,Month-to-month,Yes,Electronic check,69.7,135.2,No,0.8564,1,High,2026-01-01
4648-YPBTM,Male,No,No,No,53,Yes,Yes,DSL,No,Yes,Yes,Yes,No,Yes,Two year,Yes,Bank transfer (automatic),73.9,3958.25,No,0.0898,0,Low,2026-01-01
2907-ILJBN,Female,No,Yes,Yes,11,Yes,No,No,No,No,No,No,No,No,One year,No,Mailed check,20.6,233.9,No,0.1355,0,Low,2026-02-01
6345-FZOQH,Male,No,Yes,No,69,Yes,No,No,No,No,No,No,No,No,Two year,No,Mailed check,19.9,1363.45,No,0.0089,0,Low,2026-06-01
3376-BMGFE,Female,No,No,No,4,Yes,No,Fiber optic,No,No,No,No,No,No,Month-to-month,Yes,Bank transfer (automatic),70.9,273.0,Yes,0.792,0,High,2025-12-01
5997-OPVFA,Male,No,Yes,No,72,Yes,Yes,DSL,Yes,Yes,Yes,Yes,Yes,Yes,Two year,Yes,Bank transfer (automatic),89.05,6254.45,No,0.0489,0,Low,2025-11-01
3445-HXXGF,Male,Yes,Yes,No,58,No,No,DSL,No,Yes,Yes,No,No,Yes,Month-to-month,Yes,Electronic check,45.3,2651.2,Yes,0.4124,0,Medium,2026-01-01
1159-WFSGR,Female,No,Yes,Yes,16,Yes,No,No,No,No,No,No,No,No,Month-to-month,No,Electronic check,20.4,321.4,No,0.2616,0,Low,2025-09-01
7654-YWJUF,Male,No,Yes,No,43,Yes,No,Fiber optic,Yes,No,Yes,Yes,No,No,One year,Yes,Bank transfer (automatic),84.25,3539.25,No,0.209,0,Low,2025-10-01
1875-QIVME,Female,No,Yes,No,2,Yes,Yes,Fiber optic,No,No,Yes,Yes,Yes,Yes,Month-to-month,Yes,Electronic check,104.4,242.8,Yes,0.8847,1,High,2025-10-01
6727-IOTLZ,Male,No,Yes,No,14,Yes,No,DSL,No,Yes,Yes,Yes,Yes,Yes,Two year,No,Mailed check,81.95,1181.75,No,0.1821,0,Low,2026-06-01
0691-JVSYA,Female,No,Yes,No,53,Yes,No,Fiber optic,No,No,Yes,No,Yes,Yes,One year,Yes,Bank transfer (automatic),94.85,5000.2,Yes,0.4406,0,Medium,2026-05-01
5918-VUKWP,Female,No,No,No,32,Yes,No,No,No,No,No,No,No,No,One year,No,Bank transfer (automatic),20.55,654.55,No,0.071,0,Low,2026-05-01
1744-JHKYS,Female,No,Yes,No,34,Yes,Yes,No,No,No,No,No,No,No,Month-to-month,No,Electronic check,24.7,780.2,No,0.2099,0,Low,2026-02-01
2656-FMOKZ,Female,Yes,No,No,15,Yes,Yes,Fiber optic,No,No,No,No,No,No,Month-to-month,Yes,Mailed check,74.45,1145.7,Yes,0.8191,1,High,2026-05-01
2070-FNEXE,Female,Yes,No,No,7,Yes,No,Fiber optic,Yes,No,No,No,No,No,Month-to-month,No,Bank transfer (automatic),76.45,503.6,Yes,0.6514,0,High,2025-10-01
5947-SGKCL,Female,No,Yes,Yes,15,Yes,Yes,Fiber optic,No,Yes,Yes,No,Yes,Yes,Month-to-month,Yes,Bank transfer (automatic),105.35,1559.25,No,0.7864,0,High,2026-07-01
3712-PKXZA,Male,No,Yes,No,61,Yes,No,No,No,No,No,No,No,No,One year,Yes,Credit card (automatic),20.55,1252.0,No,0.0319,0,Low,2026-03-01
6317-YPKDH,Female,No,No,No,1,No,No,DSL,No,Yes,No,No,No,No,Month-to-month,No,Bank transfer (automatic),29.95,29.95,Yes,0.6432,0,High,2026-08-01
6582-OIVSP,Female,No,No,No,1,Yes,No,DSL,No,No,No,No,No,No,Month-to-month,No,Mailed check,45.3,45.3,No,0.5958,0,Medium,2025-10-01
9367-WXLCH,Male,No,No,No,8,Yes,Yes,Fiber optic,No,No,No,No,No,Yes,Month-to-month,No,Bank transfer (automatic),84.5,662.65,Yes,0.7998,1,High,2026-02-01
5524-KHNJP,Male,No,Yes,Yes,33,Yes,No,DSL,Yes,No,Yes,No,Yes,Yes,One year,No,Credit card (automatic),74.75,2453.3,No,0.1665,0,Low,2026-05-01
1918-ZBFQJ,Female,No,No,No,13,Yes,No,Fiber optic,No,Yes,Yes,No,No,No,Month-to-month,Yes,Electronic check,79.25,1111.65,Yes,0.7778,0,High,2026-02-01
1024-GUALD,Female,No,Yes,No,1,No,No,DSL,No,No,No,No,No,No,Month-to-month,Yes,Electronic check,24.8,24.8,Yes,0.8189,1,High,2026-02-01
4827-USJHP,Male,No,No,No,20,Yes,No,DSL,No,Yes,No,No,No,No,Month-to-month,Yes,Mailed check,51.8,1023.85,No,0.476,0,Medium,2025-10-01
8167-GJLRN,Male,No,No,No,3,No,No,DSL,No,No,No,Yes,No,No,Month-to-month,No,Electronic check,30.4,82.15,No,0.6678,0,High,2026-01-01
0956-SYCWG,Female,No,No,No,13,Yes,No,No,No,No,No,No,No,No,One year,No,Electronic check,19.65,244.8,No,0.2004,0,Low,2025-11-01
8017-UVSZU,Female,No,Yes,No,40,Yes,Yes,DSL,No,Yes,No,No,No,No,Month-to-month,No,Credit card (automatic),56.6,2379.1,No,0.2762,0,Low,2025-12-01
7100-FQPRV,Male,No,Yes,Yes,43,Yes,Yes,DSL,Yes,No,No,Yes,No,Yes,One year,Yes,Credit card (automatic),71.9,3173.35,No,0.136,0,Low,2026-05-01
2472-OVKUP,Male,No,Yes,No,6,Yes,No,Fiber optic,No,Yes,Yes,No,No,Yes,Month-to-month,Yes,Electronic check,91.0,531.0,Yes,0.8465,1,High,2026-04-01
2984-RGEYA,Female,No,Yes,Yes,69,Yes,No,No,No,No,No,No,No,No,Two year,No,Bank transfer (automatic),19.75,1375.4,No,0.0066,0,Low,2026-04-01
9680-NIAUV,Female,No,Yes,Yes,72,Yes,Yes,Fiber optic,Yes,Yes,Yes,No,Yes,Yes,Two year,No,Credit card (automatic),109.7,8129.3,No,0.1139,0,Low,2026-01-01
2146-EGVDT,Male,No,Yes,Yes,59,Yes,No,No,No,No,No,No,No,No,Two year,No,Credit card (automatic),19.3,1192.7,No,0.0104,0,Low,2026-08-01
2604-IJPDU,Female,No,Yes,No,20,Yes,No,Fiber optic,Yes,Yes,No,Yes,Yes,No,Month-to-month,Yes,Electronic check,96.55,1901.65,No,0.6183,0,High,2025-10-01
9178-JHUVJ,Male,No,Yes,Yes,24,Yes,Yes,No,No,No,No,No,No,No,Two year,Yes,Bank transfer (automatic),24.1,587.4,No,0.0796,0,Low,2026-01-01
6168-YBYNP,Male,No,No,No,59,Yes,Yes,Fiber optic,No,Yes,Yes,Yes,Yes,Yes,Month-to-month,Yes,Electronic check,111.35,6519.75,No,0.6423,0,High,2025-10-01
7255-SSFBC,Male,No,Yes,Yes,72,Yes,Yes,Fiber optic,No,Yes,Yes,Yes,Yes,Yes,Two year,Yes,Bank transfer (automatic),112.25,8041.65,No,0.16,0,Low,2026-01-01
3645-DEYGF,Male,No,No,Yes,1,Yes,No,No,No,No,No,No,No,No,Month-to-month,No,Mailed check,20.75,20.75,No,0.3358,0,Medium,2026-08-01
9323-HGFWY,Female,No,Yes,No,27,Yes,No,Fiber optic,Yes,No,No,Yes,Yes,Yes,One year,Yes,Credit card (automatic),101.9,2681.15,No,0.4245,0,Medium,2026-01-01
8544-GOQSH,Female,No,No,No,14,Yes,No,Fiber optic,No,Yes,No,Yes,No,No,Month-to-month,Yes,Credit card (automatic),80.05,1112.3,No,0.626,0,High,2026-07-01
3363-DTIVD,Male,No,Yes,Yes,71,Yes,Yes,Fiber optic,Yes,No,Yes,No,Yes,Yes,Two year,No,Electronic check,105.55,7405.5,No,0.1659,0,Low,2026-02-01
7018-WBJNK,Male,No,No,Yes,13,Yes,No,Fiber optic,No,No,No,No,Yes,No,Month-to-month,Yes,Credit card (automatic),78.3,1033.95,No,0.749,0,High,2026-05-01
9142-KZXOP,Male,No,No,No,44,Yes,No,Fiber optic,No,No,No,No,No,No,Month-to-month,No,Credit card (automatic),68.85,2958.95,No,0.4336,0,Medium,2026-02-01
7674-YTAFD,Female,No,No,No,33,Yes,No,Fiber optic,No,Yes,No,Yes,No,No,One year,Yes,Bank transfer (automatic),79.95,2684.85,No,0.3192,0,Medium,2025-12-01
6348-SNFUS,Male,No,Yes,Yes,72,No,No,DSL,Yes,Yes,Yes,Yes,No,Yes,Two year,Yes,Credit card (automatic),55.45,4179.2,No,0.026,0,Low,2026-06-01
1285-OKIPP,Male,No,No,No,1,Yes,No,Fiber optic,No,No,No,No,No,Yes,Month-to-month,No,Electronic check,79.9,79.9,Yes,0.8493,1,High,2026-08-01
7825-ECJRF,Female,No,No,No,19,Yes,No,Fiber optic,Yes,No,Yes,Yes,Yes,Yes,Month-to-month,Yes,Electronic check,106.6,1934.45,Yes,0.7196,0,High,2025-12-01
1347-KTTTA,Male,No,Yes,No,64,Yes,No,Fiber optic,No,Yes,Yes,Yes,Yes,Yes,One year,Yes,Credit card (automatic),102.45,6654.1,No,0.2914,0,Low,2026-06-01
7841-TZDMQ,Male,No,No,No,2,Yes,No,DSL,No,No,No,No,No,No,Month-to-month,Yes,Credit card (automatic),46.0,84.5,Yes,0.6651,0,High,2025-12-01
4195-NZGTA,Female,No,No,No,1,No,No,DSL,No,No,No,No,No,No,Month-to-month,No,Electronic check,25.25,25.25,No,0.7577,0,High,2026-05-01
7157-SMCFK,Male,No,No,Yes,61,Yes,No,No,No,No,No,No,No,No,Two year,No,Mailed check,19.75,1124.2,No,0.0099,0,Low,2026-06-01
4709-LKHYG,Female,No,Yes,Yes,29,Yes,No,No,No,No,No,No,No,No,One year,No,Electronic check,20.0,540.05,No,0.0897,0,Low,2026-02-01
2504-DSHIH,Male,Yes,Yes,No,23,Yes,Yes,Fiber optic,No,No,No,No,No,Yes,Month-to-month,No,Electronic check,86.8,1975.85,No,0.8181,1,High,2026-05-01
0699-NDKJM,Female,No,Yes,No,57,No,No,DSL,Yes,Yes,Yes,No,Yes,Yes,Month-to-month,Yes,Bank transfer (automatic),58.75,3437.45,No,0.2773,0,Low,2025-12-01
9286-BHDQG,Male,No,Yes,Yes,72,No,No,DSL,Yes,Yes,Yes,Yes,No,No,Two year,No,Credit card (automatic),45.25,3139.8,No,0.011,0,Low,2025-09-01
0230-WEQUW,Male,No,Yes,No,66,No,No,DSL,Yes,Yes,Yes,Yes,Yes,No,Two year,Yes,Bank transfer (automatic),56.6,3789.2,No,0.0352,0,Low,2025-10-01
2040-LDIWQ,Male,No,Yes,Yes,65,Yes,Yes,DSL,No,Yes,Yes,Yes,Yes,Yes,Two year,Yes,Bank transfer (automatic),84.2,5324.5,No,0.0667,0,Low,2026-02-01
6496-JDSSB,Female,No,No,No,8,Yes,No,Fiber optic,No,No,No,No,Yes,No,Month-to-month,Yes,Bank transfer (automatic),80.0,624.6,No,0.8048,1,High,2026-07-01
9408-SSNVZ,Female,No,No,No,4,Yes,No,Fiber optic,No,No,No,No,No,No,Month-to-month,Yes,Electronic check,70.15,268.35,Yes,0.8477,1,High,2025-10-01
4443-EMBNA,Female,No,Yes,No,71,Yes,Yes,No,No,No,No,No,No,No,Two year,No,Bank transfer (automatic),24.75,1836.9,No,0.0104,0,Low,2026-02-01
6469-MRVET,Male,No,Yes,Yes,1,Yes,No,No,No,No,No,No,No,No,One year,Yes,Electronic check,20.2,20.2,No,0.3273,0,Medium,2026-05-01
0742-MOABM,Male,No,Yes,No,4,Yes,No,DSL,No,No,No,Yes,No,No,Month-to-month,No,Mailed check,50.05,179.35,Yes,0.4774,0,Medium,2025-11-01
5961-VUSRV,Female,No,No,No,12,Yes,No,No,No,No,No,No,No,No,One year,Yes,Bank transfer (automatic),19.35,219.35,No,0.2081,0,Low,2026-05-01
6778-JFCMK,Male,No,No,No,24,No,No,DSL,Yes,No,No,No,Yes,Yes,One year,Yes,Mailed check,50.6,1288.75,No,0.4271,0,Medium,2025-12-01
6341-JVQGF,Female,No,Yes,Yes,31,Yes,No,DSL,Yes,No,Yes,Yes,Yes,Yes,One year,Yes,Mailed check,81.15,2545.75,No,0.1849,0,Low,2026-06-01
2232-DMLXU,Female,No,Yes,No,1,Yes,No,DSL,No,No,No,No,Yes,No,Month-to-month,No,Mailed check,55.2,55.2,Yes,0.6362,0,High,2026-03-01
4811-JBUVU,Male,No,No,No,30,Yes,Yes,Fiber optic,No,No,No,Yes,No,Yes,Month-to-month,Yes,Credit card (automatic),89.9,2723.15,No,0.6933,0,High,2026-03-01
0945-TSONX,Female,No,Yes,Yes,47,Yes,Yes,DSL,Yes,Yes,No,Yes,Yes,Yes,Two year,Yes,Credit card (automatic),85.3,4107.25,No,0.0784,0,Low,2025-11-01
2651-ZCBXV,Male,No,No,No,54,Yes,Yes,Fiber optic,Yes,Yes,No,Yes,Yes,Yes,Two year,Yes,Credit card (automatic),108.0,5760.65,No,0.197,0,Low,2026-02-01
3316-UWXUY,Male,No,No,No,50,Yes,No,Fiber optic,Yes,Yes,No,Yes,No,Yes,Month-to-month,Yes,Credit card (automatic),93.5,4747.5,No,0.3774,0,Medium,2026-07-01
8937-RDTHP,Male,No,No,No,1,Yes,No,Fiber optic,Yes,No,No,No,No,Yes,Month-to-month,Yes,Mailed check,84.6,84.6,Yes,0.7957,0,High,2025-09-01
7083-MIOPC,Female,No,No,No,72,Yes,No,No,No,No,No,No,No,No,Two year,No,Credit card (automatic),20.25,1566.9,No,0.0076,0,Low,2026-06-01
1984-GPTEH,Female,No,No,No,29,Yes,Yes,No,No,No,No,No,No,No,Month-to-month,No,Electronic check,25.15,702.0,No,0.2496,0,Low,2026-02-01
1251-KRREG,Male,No,No,No,2,Yes,Yes,DSL,No,Yes,No,No,No,No,Month-to-month,Yes,Mailed check,54.4,114.1,Yes,0.6896,0,High,2026-05-01
0621-JFHOL,Female,No,No,No,10,No,No,DSL,No,No,No,Yes,No,No,Two year,Yes,Mailed check,29.6,299.05,No,0.2932,0,Low,2026-04-01
9903-LYSAB,Male,No,Yes,No,18,Yes,Yes,Fiber optic,No,No,No,No,No,No,Month-to-month,Yes,Electronic check,73.15,1305.95,No,0.8237,1,High,2026-02-01
0094-OIFMO,Female,Yes,No,No,11,Yes,No,Fiber optic,No,Yes,No,No,Yes,Yes,Month-to-month,Yes,Electronic check,95.0,1120.3,Yes,0.8847,1,High,2025-12-01
9227-UAQFT,Male,No,No,No,16,Yes,No,No,No,No,No,No,No,No,Two year,No,Mailed check,19.75,284.35,No,0.08,0,Low,2026-04-01
7301-ABVAD,Female,No,No,No,72,Yes,Yes,DSL,No,Yes,Yes,Yes,Yes,Yes,Two year,No,Bank transfer (automatic),86.6,6350.5,No,0.0512,0,Low,2025-10-01
6614-FHDBO,Male,No,No,No,72,Yes,Yes,Fiber optic,No,Yes,Yes,Yes,Yes,Yes,Two year,No,Bank transfer (automatic),109.2,7878.3,No,0.1424,0,Low,2026-04-01
7576-ASEJU,Female,No,Yes,Yes,41,Yes,No,DSL,Yes,No,No,Yes,Yes,Yes,One year,Yes,Credit card (automatic),74.7,3187.65,No,0.1432,0,Low,2025-10-01
9058-HRZSV,Female,Yes,Yes,No,65,Yes,No,Fiber optic,Yes,Yes,Yes,No,No,Yes,Month-to-month,No,Electronic check,94.4,6126.15,No,0.393,0,Medium,2026-04-01
4522-AKYLR,Female,Yes,No,No,13,Yes,No,DSL,No,Yes,Yes,No,No,No,Month-to-month,Yes,Electronic check,54.8,731.3,No,0.6511,0,High,2026-04-01
0221-WMXNQ,Male,Yes,No,No,4,Yes,No,Fiber optic,Yes,No,No,No,No,No,Month-to-month,No,Electronic check,75.35,273.4,No,0.7535,0,High,2025-10-01
0303-UNCIP,Male,No,No,No,41,Yes,Yes,DSL,No,No,Yes,No,No,Yes,One year,No,Mailed check,65.0,2531.8,No,0.2309,0,Low,2026-06-01
9947-OTFQU,Male,Yes,No,No,15,Yes,No,Fiber optic,No,Yes,No,No,No,No,Month-to-month,Yes,Electronic check,74.4,1074.3,Yes,0.805,1,High,2026-01-01
0322-YINQP,Male,No,No,No,1,Yes,No,DSL,Yes,No,No,No,No,No,Month-to-month,Yes,Mailed check,48.55,48.55,Yes,0.59,0,Medium,2026-06-01
0959-WHOKV,Male,No,No,No,42,Yes,Yes,Fiber optic,Yes,Yes,Yes,No,No,Yes,One year,Yes,Electronic check,99.0,4298.45,No,0.489,0,Medium,2025-09-01
4075-JFPGR,Female,No,Yes,No,51,Yes,No,Fiber optic,Yes,Yes,Yes,No,Yes,No,One year,Yes,Electronic check,93.5,4619.55,No,0.3249,0,Medium,2025-11-01
4629-NRXKX,Female,No,Yes,Yes,2,Yes,No,Fiber optic,No,No,No,No,No,No,Month-to-month,No,Electronic check,70.4,147.15,Yes,0.7625,0,High,2026-02-01
9514-JDSKI,Male,Yes,Yes,No,1,No,No,DSL,No,Yes,No,No,Yes,No,Month-to-month,No,Electronic check,40.2,40.2,Yes,0.793,0,High,2025-11-01
3282-ZISZV,Male,No,No,Yes,32,Yes,Yes,DSL,No,Yes,Yes,Yes,Yes,Yes,One year,No,Credit card (automatic),83.7,2633.3,No,0.1977,0,Low,2025-12-01
3675-YDUPJ,Male,No,No,No,10,Yes,No,No,No,No,No,No,No,No,Month-to-month,Yes,Mailed check,19.85,193.05,No,0.3882,0,Medium,2026-04-01
4111-BNXIF,Female,No,Yes,Yes,67,No,No,DSL,No,Yes,Yes,Yes,Yes,Yes,Two year,Yes,Electronic check,59.55,4103.9,No,0.0804,0,Low,2025-10-01
7017-VFHAY,Female,No,Yes,Yes,61,Yes,Yes,Fiber optic,Yes,Yes,Yes,Yes,Yes,Yes,Two year,No,Credit card (automatic),115.1,7008.15,No,0.1028,0,Low,2026-05-01
6655-LHBYW,Male,No,No,No,50,Yes,Yes,Fiber optic,Yes,Yes,Yes,Yes,Yes,Yes,One year,No,Credit card (automatic),114.35,5791.1,No,0.2646,0,Low,2025-10-01
4959-JOSRX,Female,No,Yes,No,2,Yes,No,DSL,No,No,No,No,No,No,Month-to-month,Yes,Credit card (automatic),44.6,80.55,Yes,0.6618,0,High,2025-11-01
5046-NUHWD,Female,Yes,Yes,No,29,No,No,DSL,Yes,No,Yes,No,No,Yes,Month-to-month,Yes,Electronic check,45.0,1228.65,No,0.6048,0,High,2026-04-01
7273-TEFQD,Male,Yes,No,No,3,No,No,DSL,No,No,Yes,No,No,Yes,Month-to-month,Yes,Electronic check,41.15,132.2,Yes,0.8654,1,High,2026-06-01
3606-TWKGI,Male,Yes,No,No,13,Yes,Yes,Fiber optic,No,Yes,Yes,No,Yes,Yes,Month-to-month,Yes,Electronic check,106.9,1364.3,Yes,0.8969,1,High,2025-11-01
7529-ZDFXI,Male,Yes,Yes,No,57,Yes,Yes,Fiber optic,No,Yes,No,No,No,Yes,Month-to-month,Yes,Electronic check,89.85,4925.35,No,0.6848,0,High,2025-12-01
7605-BDWDC,Female,No,No,No,31,No,No,DSL,Yes,Yes,No,Yes,No,Yes,Two year,Yes,Bank transfer (automatic),49.85,1520.1,No,0.1176,0,Low,2026-08-01
1950-KSVVJ,Female,No,Yes,No,45,Yes,Yes,Fiber optic,Yes,Yes,Yes,Yes,Yes,Yes,One year,No,Mailed check,113.3,5032.25,No,0.2837,0,Low,2026-08-01
0123-CRBRT,Female,No,Yes,Yes,61,Yes,Yes,DSL,Yes,Yes,Yes,Yes,Yes,Yes,Two year,No,Mailed check,88.1,5526.75,No,0.0406,0,Low,2026-03-01
6292-TOSSS,Male,No,No,No,50,Yes,Yes,No,No,No,No,No,No,No,Two year,No,Bank transfer (automatic),24.9,1195.25,No,0.0245,0,Low,2026-02-01
3197-ARFOY,Female,Yes,No,No,19,Yes,No,Fiber optic,Yes,Yes,No,Yes,Yes,Yes,Month-to-month,Yes,Mailed check,105.0,2007.25,No,0.6756,0,High,2026-01-01
6323-AYBRX,Male,No,No,No,59,Yes,No,No,No,No,No,No,No,No,Two year,No,Mailed check,19.35,1099.6,Yes,0.0136,0,Low,2026-04-01
7014-ZZXAW,Female,No,Yes,No,71,Yes,Yes,No,No,No,No,No,No,No,Two year,Yes,Credit card (automatic),24.25,1732.95,No,0.0149,0,Low,2026-04-01
4385-GZQXV,Female,Yes,No,No,16,Yes,No,Fiber optic,No,No,No,Yes,Yes,Yes,Month-to-month,Yes,Electronic check,94.45,1511.2,Yes,0.8458,1,High,2025-12-01
7633-MVPUY,Male,No,Yes,No,57,Yes,No,DSL,Yes,Yes,No,Yes,No,No,Two year,Yes,Electronic check,59.75,3450.15,No,0.0415,0,Low,2025-09-01
6366-ZGQGL,Male,No,No,No,1,No,No,DSL,No,No,No,No,No,No,Month-to-month,No,Bank transfer (automatic),24.8,24.8,Yes,0.6883,0,High,2025-10-01
4716-HHKQH,Male,Yes,Yes,No,20,Yes,Yes,Fiber optic,No,Yes,No,Yes,Yes,Yes,Month-to-month,No,Electronic check,107.05,2172.05,No,0.7866,0,High,2026-08-01
5940-AHUHD,Male,No,No,No,1,Yes,No,Fiber optic,No,No,No,No,No,No,Month-to-month,No,Mailed check,70.6,70.6,Yes,0.758,0,High,2026-02-01
6432-TWQLB,Male,No,Yes,No,5,Yes,Yes,Fiber optic,No,Yes,No,Yes,No,No,Month-to-month,Yes,Electronic check,85.4,401.1,Yes,0.7967,0,High,2026-02-01
4484-GLZOU,Female,No,Yes,No,52,Yes,Yes,Fiber optic,No,Yes,Yes,No,Yes,Yes,Month-to-month,Yes,Electronic check,105.05,5624.85,Yes,0.7458,0,High,2026-02-01
3179-GBRWV,Male,Yes,Yes,No,21,Yes,No,DSL,Yes,Yes,No,No,No,Yes,Month-to-month,Yes,Bank transfer (automatic),64.95,1339.8,No,0.4755,0,Medium,2026-06-01
8645-KWHJO,Male,No,No,No,14,No,No,DSL,No,No,Yes,Yes,Yes,Yes,Month-to-month,Yes,Electronic check,55.0,771.95,No,0.7509,0,High,2025-09-01
4130-MZLCC,Female,No,No,No,5,Yes,No,DSL,No,Yes,No,No,No,No,Month-to-month,No,Bank transfer (automatic),50.55,244.75,No,0.4991,0,Medium,2025-09-01
0314-TKOSI,Female,No,No,No,6,Yes,No,DSL,Yes,Yes,No,No,No,No,Month-to-month,No,Mailed check,55.15,322.9,No,0.4001,0,Medium,2025-12-01
8229-MYEJZ,Female,No,No,No,10,Yes,No,DSL,No,Yes,No,No,No,No,Month-to-month,No,Electronic check,51.2,498.25,No,0.5454,0,Medium,2026-02-01
2080-SRCDE,Female,No,No,Yes,1,Yes,Yes,No,No,No,No,No,No,No,Month-to-month,No,Mailed check,25.4,25.4,No,0.3838,0,Medium,2026-05-01
9577-WJVCQ,Female,No,No,No,68,Yes,Yes,DSL,Yes,No,No,No,No,No,Month-to-month,No,Mailed check,54.45,3687.75,No,0.1033,0,Low,2026-02-01
9512-UIBFX,Male,No,Yes,Yes,18,Yes,No,Fiber optic,No,No,Yes,No,Yes,Yes,Month-to-month,No,Mailed check,95.15,1779.95,Yes,0.7068,0,High,2026-02-01
6202-DYYFX,Female,No,No,No,22,Yes,Yes,Fiber optic,No,No,No,No,No,No,One year,Yes,Credit card (automatic),76.0,1783.6,No,0.5848,0,Medium,2026-08-01
3808-HFKDE,Female,No,No,No,20,Yes,No,DSL,No,No,No,No,No,No,Month-to-month,Yes,Electronic check,44.35,927.15,No,0.5951,0,Medium,2025-10-01
5583-SXDAG,Male,No,Yes,No,1,Yes,No,Fiber optic,No,No,No,No,No,No,Month-to-month,No,Electronic check,70.0,70.0,Yes,0.8097,1,High,2026-03-01
3488-PGMQJ,Male,Yes,No,No,8,Yes,No,Fiber optic,No,Yes,No,No,No,No,Month-to-month,Yes,Electronic check,74.5,606.55,Yes,0.8378,1,High,2026-03-01
3580-REOAC,Male,No,No,No,10,Yes,No,DSL,No,No,No,No,No,No,Month-to-month,Yes,Credit card (automatic),44.85,435.4,Yes,0.5987,0,Medium,2026-02-01
7534-BFESC,Male,Yes,No,No,24,Yes,Yes,Fiber optic,No,No,No,No,No,No,Month-to-month,Yes,Electronic check,76.1,1712.7,Yes,0.8211,1,High,2026-06-01
3727-OWVYD,Male,No,No,No,35,Yes,No,DSL,Yes,Yes,Yes,No,No,No,One year,No,Mailed check,61.2,2021.2,No,0.1035,0,Low,2025-12-01
2294-SALNE,Male,No,Yes,Yes,23,Yes,No,Fiber optic,No,Yes,Yes,Yes,No,No,One year,No,Mailed check,86.8,1940.8,No,0.2566,0,Low,2026-08-01
4847-TAJYI,Female,Yes,No,No,6,Yes,No,Fiber optic,No,No,No,No,Yes,Yes,Month-to-month,Yes,Electronic check,89.35,567.8,No,0.9121,1,High,2025-12-01
1563-IWQEX,Female,No,No,No,12,Yes,No,No,No,No,No,No,No,No,Month-to-month,No,Mailed check,19.7,220.35,No,0.282,0,Low,2026-03-01
8203-XJZRC,Male,No,No,No,1,Yes,No,No,No,No,No,No,No,No,Month-to-month,No,Mailed check,20.25,20.25,No,0.3899,0,Medium,2026-03-01
6556-DBKZF,Female,No,Yes,Yes,71,Yes,No,Fiber optic,No,No,Yes,No,No,No,Two year,No,Electronic check,76.05,5436.45,No,0.09,0,Low,2026-07-01
6851-WEFYX,Male,Yes,Yes,No,35,Yes,Yes,Fiber optic,No,No,Yes,No,Yes,Yes,Month-to-month,Yes,Electronic check,100.8,3437.5,No,0.8552,1,High,2026-02-01
2985-JUUBZ,Male,No,Yes,Yes,40,Yes,Yes,DSL,No,No,Yes,No,Yes,Yes,Month-to-month,Yes,Electronic check,74.55,3015.75,No,0.5746,0,Medium,2025-12-01
6390-DSAZX,Female,No,No,Yes,1,Yes,No,Fiber optic,Yes,No,No,No,No,No,Month-to-month,Yes,Mailed check,73.6,73.6,Yes,0.7014,0,High,2025-09-01
0895-LMRSF,Male,No,No,No,23,Yes,No,DSL,No,No,No,No,Yes,Yes,One year,Yes,Bank transfer (automatic),64.9,1509.8,No,0.4359,0,Medium,2026-01-01
8098-LLAZX,Female,Yes,No,No,4,Yes,Yes,Fiber optic,No,No,No,No,Yes,Yes,Month-to-month,Yes,Electronic check,95.45,396.1,Yes,0.9312,1,High,2026-06-01
8266-VBFQL,Male,No,No,No,4,Yes,No,Fiber optic,No,No,Yes,Yes,No,Yes,Month-to-month,Yes,Electronic check,90.4,356.65,No,0.8301,1,High,2025-09-01
8181-YHCMF,Female,No,Yes,Yes,68,No,No,DSL,No,Yes,Yes,Yes,Yes,Yes,Two year,No,Credit card (automatic),60.3,4109.0,No,0.0382,0,Low,2026-07-01
2240-HSJQD,Male,No,No,Yes,38,Yes,Yes,Fiber optic,No,Yes,No,No,No,No,Month-to-month,Yes,Mailed check,81.85,3141.7,No,0.5639,0,Medium,2026-03-01
1248-DYXUB,Male,No,Yes,Yes,52,Yes,Yes,No,No,No,No,No,No,No,Two year,No,Mailed check,24.8,1229.1,No,0.0189,0,Low,2025-10-01
0265-EDXBD,Male,Yes,Yes,No,32,Yes,Yes,Fiber optic,No,No,No,No,No,No,Month-to-month,Yes,Electronic check,74.9,2303.35,Yes,0.7827,0,High,2025-12-01
4115-BNPJY,Male,No,Yes,Yes,29,Yes,No,DSL,No,No,Yes,Yes,Yes,Yes,Two year,No,Mailed check,75.55,2054.4,No,0.1147,0,Low,2026-03-01
3167-SNQPL,Male,Yes,Yes,Yes,38,Yes,Yes,Fiber optic,No,Yes,No,No,Yes,Yes,Month-to-month,No,Electronic check,101.15,3741.85,No,0.7245,0,High,2025-12-01
4091-TVOCN,Male,No,No,Yes,48,Yes,Yes,DSL,Yes,No,Yes,No,Yes,Yes,One year,Yes,Credit card (automatic),78.75,3682.45,No,0.1942,0,Low,2025-10-01
1098-TDVUQ,Female,No,No,No,1,Yes,No,No,No,No,No,No,No,No,Month-to-month,Yes,Bank transfer (automatic),19.25,19.25,No,0.4646,0,Medium,2026-04-01
7277-OZCGZ,Female,No,No,No,22,Yes,No,Fiber optic,Yes,No,No,Yes,No,Yes,Month-to-month,Yes,Electronic check,89.05,1886.25,No,0.6671,0,High,2026-05-01
1557-EMYVT,Female,No,No,No,43,Yes,Yes,Fiber optic,Yes,Yes,Yes,Yes,Yes,Yes,Two year,No,Credit card (automatic),115.05,4895.1,No,0.1748,0,Low,2025-10-01
2799-ARNLO,Female,Yes,Yes,No,5,Yes,No,Fiber optic,No,No,No,No,No,No,Month-to-month,Yes,Electronic check,69.35,341.6,No,0.8676,1,High,2025-12-01
7563-BIUPC,Male,No,No,No,5,Yes,No,Fiber optic,No,No,No,No,Yes,No,Month-to-month,Yes,Electronic check,80.6,415.55,Yes,0.8693,1,High,2025-11-01
5027-YOCXN,Male,No,Yes,Yes,51,Yes,Yes,Fiber optic,Yes,Yes,No,Yes,Yes,Yes,One year,No,Credit card (automatic),110.05,5686.4,No,0.2166,0,Low,2026-04-01
3973-SKMLN,Male,No,No,No,71,Yes,No,No,No,No,No,No,No,No,Two year,Yes,Credit card (automatic),19.9,1355.1,No,0.0113,0,Low,2026-05-01
2321-OMBXY,Female,No,Yes,Yes,38,Yes,No,DSL,Yes,Yes,No,Yes,Yes,Yes,One year,No,Credit card (automatic),80.3,3058.65,Yes,0.0961,0,Low,2026-05-01
2840-XANRC,Male,Yes,Yes,No,24,Yes,No,Fiber optic,No,No,Yes,No,Yes,Yes,Month-to-month,Yes,Electronic check,93.15,2231.05,Yes,0.8618,1,High,2026-08-01
6745-JEFZB,Male,No,Yes,No,35,Yes,Yes,Fiber optic,No,No,No,Yes,Yes,No,Month-to-month,Yes,Credit card (automatic),91.5,3236.35,No,0.6407,0,High,2026-06-01
5020-ZSTTY,Female,Yes,No,No,54,Yes,Yes,DSL,Yes,Yes,No,Yes,Yes,Yes,One year,No,Bank transfer (automatic),82.45,4350.1,Yes,0.1163,0,Low,2025-12-01
9880-TDQAC,Female,No,Yes,Yes,72,No,No,DSL,No,Yes,Yes,Yes,Yes,Yes,Two year,Yes,Electronic check,60.0,4264.0,No,0.0665,0,Low,2025-10-01
8705-WZCYL,Male,No,No,No,1,Yes,No,DSL,No,No,No,No,No,No,Month-to-month,Yes,Electronic check,44.8,44.8,No,0.7497,0,High,2026-04-01
7102-JJVTX,Female,No,Yes,Yes,9,Yes,No,DSL,Yes,No,No,No,No,No,One year,No,Mailed check,48.6,422.3,No,0.2172,0,Low,2026-07-01
8626-PTQGE,Male,No,No,No,69,No,No,DSL,Yes,Yes,No,Yes,Yes,Yes,Two year,Yes,Bank transfer (automatic),60.05,4176.7,No,0.0467,0,Low,2026-08-01
4983-CLMLV,Female,No,Yes,No,52,Yes,Yes,Fiber optic,No,Yes,No,Yes,Yes,Yes,Month-to-month,Yes,Credit card (automatic),102.7,5138.1,No,0.5772,0,Medium,2025-11-01
5701-YVSVF,Female,Yes,Yes,No,11,Yes,No,Fiber optic,No,No,No,Yes,Yes,No,Month-to-month,Yes,Electronic check,82.9,880.05,No,0.8228,1,High,2025-11-01
5804-LEPIM,Female,Yes,No,No,2,Yes,No,Fiber optic,No,No,No,No,No,No,Month-to-month,Yes,Electronic check,70.35,139.05,Yes,0.8782,1,High,2025-09-01
5697-GOMBF,Female,Yes,Yes,Yes,28,No,No,DSL,No,No,No,No,Yes,No,Month-to-month,Yes,Electronic check,35.9,973.65,No,0.6413,0,High,2025-10-01
2739-CACDQ,Female,Yes,No,No,17,Yes,Yes,Fiber optic,No,No,Yes,No,No,No,Month-to-month,Yes,Credit card (automatic),82.65,1470.05,No,0.794,0,High,2026-03-01
9385-EHGDO,Female,No,Yes,Yes,35,Yes,No,No,No,No,No,No,No,No,Two year,Yes,Mailed check,19.85,739.35,No,0.0422,0,Low,2026-03-01
9498-FIMXL,Female,No,No,No,8,Yes,No,No,No,No,No,No,No,No,One year,Yes,Mailed check,19.2,161.95,No,0.2502,0,Low,2026-01-01
2379-GYFLQ,Male,No,No,No,46,Yes,Yes,Fiber optic,No,Yes,Yes,No,Yes,No,One year,Yes,Credit card (automatic),94.9,4422.95,No,0.444,0,Medium,2025-12-01
0122-OAHPZ,Female,No,No,No,7,Yes,Yes,Fiber optic,No,No,No,No,No,No,Month-to-month,Yes,Electronic check,73.85,511.25,Yes,0.866,1,High,2026-06-01
2868-SNELZ,Female,No,No,No,2,Yes,Yes,Fiber optic,No,No,Yes,No,No,No,Month-to-month,No,Mailed check,80.6,155.8,Yes,0.7795,0,High,2026-02-01
4322-RCYMT,Male,No,Yes,Yes,68,Yes,Yes,DSL,No,Yes,Yes,Yes,No,Yes,One year,Yes,Bank transfer (automatic),75.8,5293.95,Yes,0.0869,0,Low,2026-06-01
6680-NENYN,Female,No,No,No,43,Yes,Yes,Fiber optic,No,Yes,Yes,No,Yes,Yes,Two year,Yes,Electronic check,104.6,4759.85,Yes,0.4929,0,Medium,2026-08-01
2088-IEBAU,Female,No,No,No,68,Yes,Yes,DSL,Yes,Yes,Yes,Yes,Yes,Yes,Two year,Yes,Electronic check,88.15,6148.45,No,0.0811,0,Low,2025-12-01
7982-VCELR,Female,No,No,No,36,Yes,No,Fiber optic,No,Yes,No,No,Yes,Yes,Month-to-month,Yes,Credit card (automatic),94.8,3565.65,No,0.7015,0,High,2025-11-01
1343-EHPYB,Male,No,Yes,No,63,Yes,Yes,Fiber optic,No,Yes,Yes,No,Yes,Yes,Month-to-month,Yes,Electronic check,103.4,6603.0,Yes,0.693,0,High,2026-08-01
6035-BXTTY,Female,Yes,No,No,32,Yes,No,DSL,No,Yes,No,Yes,No,No,Month-to-month,No,Bank transfer (automatic),54.65,1830.1,No,0.2511,0,Low,2026-04-01
6885-PKOAM,Female,No,Yes,No,71,Yes,Yes,DSL,Yes,Yes,Yes,Yes,Yes,Yes,Two year,No,Credit card (automatic),85.75,6223.8,No,0.0366,0,Low,2025-12-01
7520-HQWJU,Female,No,Yes,Yes,66,Yes,Yes,DSL,Yes,Yes,Yes,No,No,No,Month-to-month,Yes,Bank transfer (automatic),67.45,4508.65,No,0.111,0,Low,2026-04-01
9639-BUJXT,Male,No,No,No,63,Yes,No,No,No,No,No,No,No,No,One year,No,Mailed check,20.5,1328.15,No,0.0218,0,Low,2026-03-01
5924-SNGKP,Female,No,No,Yes,41,Yes,No,No,No,No,No,No,No,No,One year,Yes,Credit card (automatic),20.25,865.0,No,0.058,0,Low,2026-07-01
0021-IKXGC,Female,Yes,No,No,1,Yes,Yes,Fiber optic,No,No,No,No,No,No,Month-to-month,Yes,Electronic check,72.1,72.1,No,0.9061,1,High,2025-12-01
2034-GDRCN,Female,No,No,No,2,Yes,No,Fiber optic,No,No,No,No,Yes,Yes,Month-to-month,Yes,Electronic check,90.4,168.2,Yes,0.903,1,High,2026-08-01
8966-SNIZF,Female,No,Yes,No,70,Yes,No,No,No,No,No,No,No,No,Two year,No,Bank transfer (automatic),19.45,1303.5,No,0.0078,0,Low,2026-08-01
6243-OZGFH,Female,No,No,No,23,No,No,DSL,No,No,No,No,Yes,Yes,Month-to-month,Yes,Electronic check,44.95,996.85,No,0.7583,0,High,2025-11-01
4654-DLAMQ,Female,Yes,Yes,No,64,Yes,No,Fiber optic,Yes,Yes,Yes,No,No,Yes,One year,No,Bank transfer (automatic),97.0,6430.9,No,0.1918,0,Low,2025-10-01
0513-RBGPE,Male,No,Yes,Yes,37,Yes,Yes,DSL,Yes,No,Yes,Yes,No,No,Two year,Yes,Credit card (automatic),62.8,2278.75,No,0.0645,0,Low,2026-03-01
5160-UXJED,Male,No,No,Yes,17,Yes,No,DSL,No,No,No,No,No,No,One year,No,Mailed check,44.6,681.4,No,0.2413,0,Low,2025-09-01
4115-NZRKS,Female,Yes,No,No,7,Yes,No,Fiber optic,No,No,No,No,Yes,Yes,Month-to-month,Yes,Electronic check,89.15,574.35,No,0.9086,1,High,2025-12-01
0219-YTZUE,Male,No,Yes,Yes,4,Yes,Yes,Fiber optic,No,Yes,Yes,No,No,No,Month-to-month,Yes,Bank transfer (automatic),84.8,371.9,Yes,0.7567,0,High,2026-02-01
0623-IIHUG,Female,Yes,No,No,21,No,No,DSL,Yes,No,No,No,Yes,No,Month-to-month,Yes,Electronic check,41.9,840.1,Yes,0.662,0,High,2026-08-01
4572-DVCGN,Female,No,No,No,10,Yes,No,Fiber optic,No,No,No,No,No,Yes,Month-to-month,Yes,Bank transfer (automatic),80.25,846.0,Yes,0.8111,1,High,2026-08-01
3351-NGXYI,Female,Yes,No,No,16,Yes,Yes,DSL,Yes,No,No,No,No,No,Month-to-month,Yes,Electronic check,54.1,889.0,No,0.6339,0,High,2025-10-01
8984-EYLLL,Male,No,Yes,No,64,Yes,Yes,Fiber optic,No,Yes,No,Yes,Yes,Yes,Two year,Yes,Electronic check,105.25,6823.4,No,0.2938,0,Low,2026-07-01
9057-MSWCO,Male,Yes,Yes,No,27,No,No,DSL,Yes,No,No,No,No,No,Month-to-month,No,Credit card (automatic),30.75,805.1,Yes,0.375,0,Medium,2025-10-01
9833-TGFHX,Male,No,Yes,Yes,42,Yes,Yes,Fiber optic,Yes,No,No,No,Yes,Yes,One year,No,Electronic check,97.1,4016.75,No,0.4295,0,Medium,2026-05-01
9294-TDIPC,Male,No,No,Yes,5,Yes,No,No,No,No,No,No,No,No,Month-to-month,No,Mailed check,20.2,83.75,No,0.2993,0,Low,2026-07-01
5229-DTFYB,Female,No,No,No,41,Yes,No,Fiber optic,No,Yes,No,Yes,Yes,Yes,Two year,Yes,Bank transfer (automatic),98.8,3959.15,No,0.2646,0,Low,2026-07-01
0104-PPXDV,Male,No,Yes,No,58,Yes,No,DSL,No,No,Yes,No,No,No,One year,No,Credit card (automatic),50.3,2878.55,No,0.0772,0,Low,2025-11-01
5176-LMJXE,Female,No,No,No,47,Yes,No,No,No,No,No,No,No,No,Two year,Yes,Mailed check,20.55,945.7,No,0.032,0,Low,2026-07-01
3583-KRKMD,Male,No,No,No,18,Yes,No,Fiber optic,No,No,No,Yes,No,No,Month-to-month,Yes,Bank transfer (automatic),75.9,1373.05,No,0.6377,0,High,2025-10-01
1010-DIAUQ,Male,No,No,No,5,Yes,No,Fiber optic,No,No,Yes,No,Yes,Yes,Month-to-month,No,Bank transfer (automatic),96.5,492.55,Yes,0.7969,0,High,2026-03-01
9069-LGEUL,Male,No,Yes,No,23,Yes,No,DSL,Yes,No,No,No,No,Yes,Month-to-month,Yes,Bank transfer (automatic),59.95,1406.0,No,0.4526,0,Medium,2026-02-01
7302-ZHMHP,Female,No,No,No,1,Yes,No,No,No,No,No,No,No,No,Month-to-month,No,Mailed check,19.15,19.15,No,0.3884,0,Medium,2025-12-01
9571-EDEBV,Male,No,Yes,No,71,Yes,Yes,Fiber optic,No,No,Yes,No,Yes,Yes,One year,Yes,Credit card (automatic),98.65,6962.85,No,0.4062,0,Medium,2025-09-01
3520-FJGCV,Male,No,Yes,Yes,72,Yes,Yes,Fiber optic,Yes,Yes,Yes,Yes,Yes,Yes,Two year,Yes,Credit card (automatic),112.6,8126.65,No,0.1179,0,Low,2026-06-01
6563-VRERX,Male,No,Yes,Yes,33,Yes,No,No,No,No,No,No,No,No,One year,No,Mailed check,20.6,690.25,No,0.0589,0,Low,2026-01-01
0259-GBZSH,Male,No,No,No,2,Yes,Yes,Fiber optic,No,No,No,No,Yes,No,Month-to-month,Yes,Electronic check,85.65,181.5,Yes,0.9007,1,High,2026-04-01
6122-EFVKN,Male,No,No,Yes,24,No,No,DSL,Yes,No,No,Yes,No,No,Two year,No,Mailed check,35.75,830.8,No,0.0789,0,Low,2026-01-01
2805-EDJPQ,Female,No,Yes,Yes,56,Yes,Yes,Fiber optic,No,Yes,Yes,Yes,No,Yes,One year,Yes,Credit card (automatic),99.75,5608.4,No,0.2737,0,Low,2026-01-01
6862-CQUMB,Male,No,No,No,37,Yes,No,Fiber optic,No,Yes,No,No,Yes,Yes,Month-to-month,Yes,Credit card (automatic),96.1,3646.8,No,0.6963,0,High,2026-07-01
7156-MXBJE,Female,No,No,No,43,Yes,Yes,DSL,No,Yes,Yes,Yes,Yes,Yes,One year,No,Credit card (automatic),85.1,3662.25,No,0.1834,0,Low,2025-10-01
6158-HDPXZ,Male,No,No,No,1,No,No,DSL,No,No,No,No,No,No,Month-to-month,No,Mailed check,25.35,25.35,No,0.7,0,High,2026-05-01
9601-BRXPO,Female,No,Yes,No,25,Yes,Yes,Fiber optic,No,No,Yes,Yes,Yes,Yes,Month-to-month,Yes,Bank transfer (automatic),104.95,2566.5,Yes,0.7498,0,High,2026-05-01
2863-IMQDR,Female,No,No,No,61,Yes,Yes,DSL,Yes,Yes,Yes,Yes,Yes,Yes,Two year,No,Electronic check,89.65,5308.7,No,0.0643,0,Low,2026-01-01
5686-CMAWK,Male,No,No,No,17,Yes,Yes,Fiber optic,No,No,Yes,Yes,No,No,One year,No,Electronic check,86.75,1410.25,No,0.5143,0,Medium,2025-12-01
5651-CRHKQ,Female,No,Yes,No,41,Yes,No,Fiber optic,No,Yes,Yes,Yes,No,No,One year,Yes,Bank transfer (automatic),86.2,3339.05,No,0.2558,0,Low,2025-09-01
6905-NIQIN,Male,No,No,No,1,Yes,No,DSL,No,Yes,No,No,No,No,Month-to-month,No,Mailed check,50.65,50.65,Yes,0.5549,0,Medium,2026-08-01
8204-YJCLA,Male,Yes,Yes,Yes,72,No,No,DSL,Yes,Yes,Yes,Yes,Yes,Yes,Two year,Yes,Bank transfer (automatic),64.8,4732.35,No,0.042,0,Low,2026-08-01
5167-ZFFMM,Male,No,No,No,1,Yes,Yes,Fiber optic,No,Yes,No,No,No,Yes,Month-to-month,Yes,Credit card (automatic),90.85,90.85,Yes,0.8551,1,High,2025-11-01
6583-SZVGP,Male,No,No,No,48,Yes,Yes,Fiber optic,No,Yes,Yes,No,Yes,Yes,Two year,Yes,Bank transfer (automatic),108.1,5067.45,No,0.3572,0,Medium,2025-09-01
4895-TMWIR,Male,Yes,Yes,No,11,Yes,No,No,No,No,No,No,No,No,Month-to-month,No,Mailed check,19.95,214.75,Yes,0.3346,0,Medium,2025-10-01
0533-BNWKF,Female,Yes,Yes,No,55,Yes,Yes,Fiber optic,No,Yes,Yes,No,No,No,Month-to-month,Yes,Electronic check,85.45,4874.7,Yes,0.6252,0,High,2025-09-01
1708-PBBOA,Female,No,No,No,42,No,No,DSL,Yes,Yes,Yes,Yes,No,Yes,One year,Yes,Electronic check,54.75,2348.45,No,0.1981,0,Low,2026-06-01
8782-LKFPK,Male,No,No,No,44,Yes,Yes,Fiber optic,No,No,Yes,No,No,Yes,Month-to-month,Yes,Mailed check,90.4,4063.0,No,0.6947,0,High,2026-07-01
5522-JBWMO,Male,No,No,Yes,1,Yes,No,DSL,No,No,No,No,No,No,Month-to-month,No,Electronic check,44.0,44.0,No,0.623,0,High,2025-10-01
3597-MVHJT,Female,No,No,No,27,Yes,Yes,Fiber optic,No,No,No,No,Yes,Yes,Month-to-month,Yes,Bank transfer (automatic),95.6,2595.25,No,0.8093,1,High,2026-05-01
9774-NRNAU,Male,Yes,Yes,No,27,Yes,Yes,DSL,No,Yes,Yes,Yes,Yes,Yes,Month-to-month,Yes,Bank transfer (automatic),84.8,2309.55,No,0.561,0,Medium,2025-11-01
0224-RLWWD,Female,Yes,No,No,2,Yes,No,DSL,No,No,No,No,No,No,Month-to-month,Yes,Electronic check,44.3,89.3,No,0.7761,0,High,2026-01-01
9967-ATRFS,Female,No,No,No,19,Yes,No,No,No,No,No,No,No,No,Month-to-month,No,Mailed check,19.9,367.55,No,0.2254,0,Low,2026-04-01
3951-NJCVI,Female,Yes,Yes,No,42,Yes,Yes,Fiber optic,No,No,No,No,Yes,Yes,Month-to-month,Yes,Electronic check,95.05,3944.5,No,0.8326,1,High,2026-05-01
2977-CEBSX,Female,No,No,No,66,Yes,Yes,DSL,Yes,Yes,Yes,Yes,Yes,Yes,Two year,Yes,Credit card (automatic),90.05,5965.95,No,0.0598,0,Low,2026-07-01
0177-PXBAT,Male,Yes,Yes,No,33,Yes,Yes,Fiber optic,Yes,No,Yes,Yes,Yes,Yes,Month-to-month,Yes,Bank transfer (automatic),109.9,3694.7,No,0.6796,0,High,2025-09-01
6599-CEBNN,Female,No,No,No,34,Yes,No,Fiber optic,No,Yes,No,No,No,No,Month-to-month,Yes,Credit card (automatic),73.95,2524.45,Yes,0.5692,0,Medium,2025-11-01
2519-ERQOJ,Male,Yes,No,No,33,No,No,DSL,No,No,Yes,Yes,Yes,Yes,Month-to-month,Yes,Electronic check,54.6,1803.7,No,0.6546,0,High,2025-12-01
5876-QMYLD,Female,No,Yes,Yes,23,Yes,No,No,No,No,No,No,No,No,One year,No,Mailed check,20.05,415.1,No,0.0853,0,Low,2025-12-01
2277-AXSDC,Female,No,No,No,32,Yes,No,No,No,No,No,No,No,No,One year,No,Bank transfer (automatic),19.75,624.15,No,0.0712,0,Low,2026-08-01
9442-JTWDL,Female,No,No,No,11,Yes,No,No,No,No,No,No,No,No,One year,No,Credit card (automatic),20.05,237.7,No,0.1604,0,Low,2026-06-01
0979-PHULV,Male,No,Yes,Yes,69,Yes,Yes,Fiber optic,No,No,Yes,No,Yes,Yes,Month-to-month,Yes,Credit card (automatic),99.45,7007.6,Yes,0.5512,0,Medium,2025-12-01
3067-SVMTC,Female,No,Yes,No,68,Yes,No,DSL,Yes,No,No,Yes,No,No,One year,No,Bank transfer (automatic),55.9,3848.8,No,0.0284,0,Low,2026-08-01
5495-GPSRW,Male,No,No,No,20,Yes,No,No,No,No,No,No,No,No,Two year,Yes,Mailed check,19.7,419.4,No,0.0975,0,Low,2026-02-01
7606-BPHHN,Male,No,No,No,72,Yes,No,No,No,No,No,No,No,No,Two year,Yes,Credit card (automatic),19.8,1468.75,No,0.011,0,Low,2026-03-01
4742-DRORA,Male,No,Yes,Yes,60,Yes,Yes,Fiber optic,Yes,No,Yes,No,Yes,No,One year,Yes,Bank transfer (automatic),95.4,5812.0,No,0.2526,0,Low,2026-02-01
0111-KLBQG,Male,Yes,Yes,Yes,32,Yes,No,Fiber optic,No,Yes,No,No,Yes,Yes,Month-to-month,Yes,Mailed check,93.95,2861.45,No,0.7146,0,High,2025-10-01
4800-VHZKI,Female,No,No,No,1,Yes,No,No,No,No,No,No,No,No,Month-to-month,Yes,Mailed check,19.9,19.9,Yes,0.4781,0,Medium,2026-08-01
7989-CHGTL,Male,No,No,No,1,Yes,No,No,No,No,No,No,No,No,Month-to-month,Yes,Mailed check,19.6,19.6,Yes,0.4835,0,Medium,2025-09-01
0334-GDDSO,Male,Yes,No,No,3,Yes,Yes,Fiber optic,No,Yes,No,No,No,No,Month-to-month,Yes,Electronic check,81.35,233.7,Yes,0.8804,1,High,2025-11-01
4163-NCJAK,Female,No,Yes,No,46,Yes,Yes,No,No,No,No,No,No,No,One year,Yes,Bank transfer (automatic),24.45,1066.15,No,0.0731,0,Low,2025-11-01
5233-AOZUF,Female,No,Yes,No,29,Yes,Yes,Fiber optic,No,No,No,No,No,No,Month-to-month,Yes,Electronic check,74.95,2149.05,No,0.7638,0,High,2025-12-01
5973-EJGDP,Male,No,No,No,51,Yes,Yes,Fiber optic,No,Yes,Yes,Yes,No,No,Month-to-month,Yes,Electronic check,87.35,4473.0,No,0.5252,0,Medium,2025-10-01
1996-DBMUS,Female,Yes,Yes,No,48,Yes,No,Fiber optic,No,No,No,No,No,No,Month-to-month,Yes,Bank transfer (automatic),70.65,3545.05,No,0.546,0,Medium,2025-09-01
7916-VCCPB,Female,No,Yes,Yes,16,Yes,No,Fiber optic,No,Yes,No,No,No,No,Month-to-month,No,Bank transfer (automatic),73.25,1195.75,No,0.5523,0,Medium,2026-05-01
4686-GEFRM,Male,No,Yes,No,70,Yes,Yes,Fiber optic,No,Yes,Yes,Yes,No,Yes,Two year,Yes,Bank transfer (automatic),98.7,6858.9,No,0.1493,0,Low,2026-08-01
5249-QYHEX,Female,No,Yes,Yes,40,Yes,Yes,No,No,No,No,No,No,No,Two year,Yes,Mailed check,24.8,1024.7,No,0.0443,0,Low,2025-10-01
0578-SKVMF,Female,No,Yes,Yes,22,Yes,No,Fiber optic,No,Yes,No,No,No,Yes,Month-to-month,No,Electronic check,83.3,1845.9,Yes,0.6707,0,High,2025-12-01
5564-NEMQO,Female,Yes,No,No,1,Yes,No,Fiber optic,No,No,Yes,No,No,No,Month-to-month,Yes,Bank transfer (automatic),75.3,75.3,Yes,0.8295,1,High,2026-03-01
2233-FAGXV,Female,No,Yes,Yes,5,Yes,Yes,No,No,No,No,No,No,No,Month-to-month,Yes,Mailed check,24.3,132.25,No,0.4348,0,Medium,2026-08-01
5605-IYGFG,Female,No,No,No,7,Yes,No,Fiber optic,No,No,No,No,No,No,Month-to-month,Yes,Bank transfer (automatic),69.85,515.45,No,0.7794,0,High,2026-05-01
7663-ZTEGJ,Male,No,No,Yes,29,Yes,Yes,Fiber optic,No,Yes,Yes,Yes,No,Yes,One year,No,Credit card (automatic),100.55,2830.45,No,0.336,0,Medium,2026-06-01
3935-TBRZZ,Male,No,Yes,Yes,44,Yes,Yes,No,No,No,No,No,No,No,One year,No,Mailed check,25.7,1110.5,No,0.0486,0,Low,2026-03-01
8111-BKVDS,Female,No,No,No,10,No,No,DSL,Yes,Yes,Yes,No,No,No,Month-to-month,No,Bank transfer (automatic),40.7,449.3,No,0.4397,0,Medium,2026-02-01
2055-SIFSS,Female,Yes,Yes,No,55,Yes,Yes,DSL,No,No,No,No,No,No,Month-to-month,No,Bank transfer (automatic),51.65,2838.55,No,0.2312,0,Low,2025-11-01
2806-MLNTI,Male,Yes,Yes,No,52,Yes,Yes,Fiber optic,No,Yes,Yes,No,Yes,Yes,One year,Yes,Bank transfer (automatic),105.1,5376.4,No,0.5359,0,Medium,2026-07-01
8734-DKSTZ,Female,No,Yes,Yes,10,Yes,Yes,Fiber optic,No,No,No,No,No,Yes,Month-to-month,No,Electronic check,85.95,858.6,No,0.8072,1,High,2026-06-01
4360-PNRQB,Male,No,No,No,18,Yes,Yes,Fiber optic,No,No,No,No,No,No,Month-to-month,Yes,Bank transfer (automatic),75.6,1395.05,No,0.7638,0,High,2025-09-01
6152-ONASV,Female,No,Yes,No,68,Yes,Yes,DSL,Yes,No,No,Yes,No,No,One year,No,Bank transfer (automatic),58.25,3975.7,No,0.0373,0,Low,2026-05-01
9063-ZGTUY,Female,No,Yes,Yes,61,Yes,No,No,No,No,No,No,No,No,Month-to-month,Yes,Mailed check,19.4,1182.55,Yes,0.0524,0,Low,2025-10-01
7781-HVGMK,Female,No,Yes,Yes,72,No,No,DSL,Yes,Yes,Yes,Yes,Yes,Yes,Two year,Yes,Credit card (automatic),65.2,4784.45,No,0.0348,0,Low,2026-05-01
2181-UAESM,Male,No,No,No,2,Yes,No,DSL,Yes,No,Yes,No,No,No,Month-to-month,No,Electronic check,53.45,119.5,No,0.5535,0,Medium,2026-06-01
2957-LOLHO,Male,No,No,No,12,Yes,No,DSL,No,No,No,No,No,No,Month-to-month,Yes,Bank transfer (automatic),45.4,518.9,Yes,0.576,0,Medium,2025-10-01
6048-NJXHX,Male,No,Yes,No,41,Yes,No,No,No,No,No,No,No,No,Two year,Yes,Electronic check,19.75,899.45,No,0.0568,0,Low,2026-02-01
2320-SLKMB,Female,No,No,No,26,No,No,DSL,No,No,Yes,Yes,Yes,No,Month-to-month,Yes,Credit card (automatic),44.45,1183.8,No,0.4978,0,Medium,2025-10-01
4980-URKXC,Male,No,Yes,No,36,Yes,No,No,No,No,No,No,No,No,One year,No,Bank transfer (automatic),20.85,720.05,No,0.0606,0,Low,2026-03-01
4376-KFVRS,Male,No,Yes,Yes,72,Yes,Yes,Fiber optic,Yes,Yes,Yes,Yes,Yes,Yes,Two year,Yes,Credit card (automatic),114.05,8468.2,No,0.1244,0,Low,2026-08-01
5886-VLQVU,Male,No,Yes,No,35,Yes,Yes,Fiber optic,No,No,No,Yes,No,Yes,Month-to-month,Yes,Bank transfer (automatic),89.85,3161.2,No,0.6583,0,High,2025-09-01
3577-AMVUX,Male,No,No,No,1,Yes,No,DSL,No,No,Yes,Yes,No,No,Month-to-month,No,Mailed check,55.05,55.05,No,0.4948,0,Medium,2026-01-01
0771-WLCLA,Female,No,Yes,Yes,16,Yes,Yes,Fiber optic,Yes,No,Yes,Yes,Yes,Yes,Month-to-month,Yes,Electronic check,112.95,1882.55,No,0.7389,0,High,2026-08-01
5628-RKIFK,Female,Yes,No,No,49,Yes,Yes,Fiber optic,Yes,No,No,No,Yes,Yes,Month-to-month,No,Credit card (automatic),101.55,5070.4,No,0.5866,0,Medium,2025-12-01
0206-TBWLC,Female,No,Yes,No,54,Yes,Yes,Fiber optic,Yes,Yes,Yes,Yes,Yes,Yes,One year,Yes,Mailed check,114.65,6049.5,No,0.3182,0,Medium,2025-10-01
2937-FTHUR,Female,No,No,Yes,18,Yes,Yes,DSL,Yes,No,No,No,No,Yes,Month-to-month,No,Electronic check,64.8,1166.7,No,0.4941,0,Medium,2026-02-01
1910-FMXJM,Female,No,Yes,No,36,Yes,No,Fiber optic,No,No,No,No,No,Yes,Month-to-month,No,Electronic check,80.4,2937.65,No,0.6649,0,High,2026-03-01
7752-XUSCI,Female,No,No,No,60,Yes,Yes,Fiber optic,No,Yes,Yes,No,Yes,Yes,Month-to-month,Yes,Electronic check,105.9,6396.45,Yes,0.7055,0,High,2026-04-01
4110-PFEUZ,Female,No,No,No,1,Yes,No,Fiber optic,No,No,No,No,No,No,Month-to-month,No,Mailed check,69.55,69.55,Yes,0.7567,0,High,2025-12-01
0732-OCQOC,Female,No,Yes,Yes,52,Yes,Yes,No,No,No,No,No,No,No,Two year,Yes,Bank transfer (automatic),25.05,1270.25,No,0.0254,0,Low,2026-08-01
5168-MSWXT,Male,No,Yes,Yes,8,Yes,No,Fiber optic,No,No,Yes,No,Yes,Yes,Month-to-month,Yes,Electronic check,94.75,759.55,No,0.8596,1,High,2026-03-01
1090-ESELR,Male,No,Yes,Yes,72,Yes,No,Fiber optic,Yes,Yes,No,Yes,Yes,Yes,Two year,No,Bank transfer (automatic),105.5,7611.55,No,0.0621,0,Low,2025-12-01
8592-PLTMQ,Female,No,No,No,64,Yes,Yes,No,No,No,No,No,No,No,One year,No,Mailed check,24.7,1642.75,No,0.0275,0,Low,2026-08-01
5760-WRAHC,Female,Yes,No,No,22,Yes,No,DSL,Yes,No,Yes,Yes,No,Yes,Month-to-month,Yes,Mailed check,69.75,1545.4,No,0.4274,0,Medium,2026-08-01
8847-GEOOQ,Male,No,Yes,No,60,No,No,DSL,No,Yes,Yes,Yes,Yes,Yes,Month-to-month,Yes,Bank transfer (automatic),60.2,3582.4,No,0.2682,0,Low,2026-02-01
0256-LTHVJ,Female,No,Yes,Yes,28,Yes,No,Fiber optic,No,No,No,No,No,Yes,Month-to-month,Yes,Electronic check,81.05,2227.1,Yes,0.7391,0,High,2025-09-01
4785-FCIFB,Female,No,Yes,No,61,Yes,Yes,No,No,No,No,No,No,No,Two year,No,Mailed check,24.4,1417.9,No,0.0161,0,Low,2026-04-01
8313-NDOIA,Female,No,No,No,24,Yes,Yes,Fiber optic,No,Yes,Yes,No,Yes,Yes,Month-to-month,Yes,Electronic check,104.15,2494.65,No,0.8474,1,High,2026-03-01
5149-CUZUJ,Male,No,Yes,Yes,28,Yes,No,Fiber optic,No,Yes,Yes,Yes,Yes,No,One year,No,Bank transfer (automatic),92.9,2768.35,No,0.2785,0,Low,2025-10-01
0942-KOWSM,Female,No,Yes,Yes,30,Yes,No,DSL,No,Yes,Yes,Yes,Yes,Yes,Two year,No,Bank transfer (automatic),80.8,2369.3,No,0.0923,0,Low,2026-04-01
4237-CLSMM,Male,No,Yes,No,2,Yes,No,No,No,No,No,No,No,No,Month-to-month,No,Mailed check,20.0,38.0,No,0.3778,0,Medium,2026-07-01
1452-VOQCH,Male,No,No,No,1,Yes,Yes,Fiber optic,No,No,No,No,No,No,Month-to-month,Yes,Electronic check,75.1,75.1,No,0.8866,1,High,2025-10-01
4719-UMSIY,Male,No,No,Yes,6,Yes,No,No,No,No,No,No,No,No,Month-to-month,No,Mailed check,19.65,100.9,No,0.2915,0,Low,2026-05-01
6614-VBEGU,Female,No,Yes,No,24,Yes,No,DSL,No,Yes,No,No,Yes,Yes,Month-to-month,Yes,Bank transfer (automatic),69.45,1614.05,No,0.557,0,Medium,2025-10-01
0880-TKATG,Male,No,Yes,Yes,4,Yes,Yes,Fiber optic,No,No,Yes,No,Yes,Yes,Month-to-month,No,Electronic check,101.15,385.9,Yes,0.8518,1,High,2026-05-01
3811-VBYBZ,Male,No,No,No,7,Yes,Yes,Fiber optic,No,Yes,No,No,Yes,Yes,Month-to-month,Yes,Electronic check,99.8,673.25,Yes,0.8978,1,High,2026-02-01
1480-BKXGA,Male,Yes,Yes,No,72,Yes,Yes,Fiber optic,Yes,Yes,Yes,Yes,Yes,Yes,Two year,Yes,Bank transfer (automatic),116.05,8404.9,No,0.1714,0,Low,2025-09-01
2996-XAUVF,Male,No,No,No,70,No,No,DSL,No,No,No,Yes,No,Yes,Two year,Yes,Mailed check,40.05,2799.75,No,0.0537,0,Low,2026-08-01
9076-AXYIK,Male,Yes,Yes,No,64,Yes,Yes,Fiber optic,No,No,Yes,Yes,Yes,Yes,Two year,No,Electronic check,102.1,6538.45,No,0.2777,0,Low,2025-10-01
5968-XQIVE,Male,No,Yes,Yes,72,Yes,Yes,Fiber optic,No,Yes,No,No,Yes,No,One year,Yes,Electronic check,89.7,6588.95,No,0.3126,0,Medium,2026-04-01
8896-RAZCR,Female,No,No,Yes,44,Yes,No,No,No,No,No,No,No,No,Two year,No,Mailed check,19.9,868.1,No,0.0202,0,Low,2025-11-01
4640-UHDOS,Female,No,Yes,Yes,13,Yes,No,DSL,No,No,No,No,No,Yes,Month-to-month,No,Electronic check,55.95,734.35,Yes,0.5761,0,Medium,2026-08-01
4933-IKULF,Female,Yes,No,No,17,Yes,No,No,No,No,No,No,No,No,One year,No,Mailed check,20.65,330.6,No,0.1572,0,Low,2026-05-01
3583-EKAPL,Male,No,No,No,1,Yes,No,DSL,No,No,No,No,No,Yes,Month-to-month,Yes,Electronic check,55.0,55.0,Yes,0.7964,0,High,2026-06-01
1304-BCCFO,Male,No,Yes,No,9,Yes,No,DSL,No,No,Yes,No,Yes,Yes,Month-to-month,Yes,Mailed check,70.05,564.4,No,0.7115,0,High,2026-02-01
4104-PVRPS,Male,No,Yes,No,24,Yes,No,DSL,Yes,No,No,Yes,No,No,Month-to-month,No,Mailed check,53.6,1315.35,No,0.2314,0,Low,2026-02-01
9399-APLBT,Female,No,Yes,Yes,1,Yes,No,Fiber optic,No,Yes,No,No,No,No,Month-to-month,Yes,Electronic check,74.7,74.7,Yes,0.8015,1,High,2026-04-01
2359-KMGLI,Male,No,No,No,24,Yes,Yes,Fiber optic,No,Yes,No,No,No,No,Month-to-month,Yes,Electronic check,80.25,1861.5,Yes,0.7663,0,High,2026-06-01
3780-DDGSE,Male,Yes,Yes,Yes,35,Yes,No,DSL,No,Yes,No,Yes,Yes,Yes,Month-to-month,Yes,Electronic check,76.05,2747.2,No,0.4818,0,Medium,2026-07-01
4431-EDMIQ,Female,No,Yes,Yes,7,Yes,No,DSL,Yes,Yes,Yes,Yes,Yes,No,Month-to-month,Yes,Electronic check,75.7,554.05,No,0.4465,0,Medium,2025-09-01
0306-JAELE,Male,No,No,No,5,Yes,No,Fiber optic,No,No,No,Yes,Yes,Yes,Month-to-month,Yes,Electronic check,96.1,453.4,Yes,0.8566,1,High,2026-04-01
6227-HWPWX,Female,No,No,Yes,15,Yes,No,Fiber optic,No,No,No,No,No,No,Month-to-month,No,Bank transfer (automatic),69.0,994.8,Yes,0.5982,0,Medium,2025-10-01
0486-LGCCH,Male,No,Yes,Yes,11,Yes,No,No,No,No,No,No,No,No,Two year,No,Mailed check,19.65,225.75,No,0.0789,0,Low,2025-12-01
0447-BEMNG,Female,No,Yes,No,48,No,No,DSL,Yes,No,Yes,No,No,Yes,Month-to-month,Yes,Bank transfer (automatic),45.3,2145.0,Yes,0.3023,0,Medium,2026-06-01
4612-SSVHJ,Female,Yes,No,No,20,Yes,No,Fiber optic,No,No,No,No,No,Yes,Month-to-month,Yes,Electronic check,81.45,1671.6,No,0.8488,1,High,2025-12-01
5168-MQQCA,Female,No,Yes,No,72,Yes,Yes,Fiber optic,No,Yes,Yes,Yes,Yes,Yes,One year,Yes,Bank transfer (automatic),108.5,8003.8,No,0.3138,0,Medium,2026-06-01
5949-XIKAE,Female,No,Yes,Yes,8,Yes,No,Fiber optic,No,Yes,No,No,Yes,No,Month-to-month,Yes,Electronic check,83.55,680.05,Yes,0.8011,1,High,2026-02-01
7971-HLVXI,Male,No,Yes,Yes,72,Yes,Yes,Fiber optic,No,No,No,No,No,Yes,Two year,Yes,Credit card (automatic),84.5,6130.85,No,0.1667,0,Low,2025-11-01
9094-AZPHK,Female,No,No,No,15,Yes,Yes,Fiber optic,No,Yes,No,No,Yes,Yes,Month-to-month,Yes,Electronic check,100.15,1415.0,No,0.8743,1,High,2026-01-01
3649-JPUGY,Male,No,No,No,72,Yes,Yes,DSL,No,Yes,Yes,Yes,Yes,Yes,Two year,Yes,Bank transfer (automatic),88.6,6201.95,No,0.0704,0,Low,2026-03-01
4472-LVYGI,Female,No,Yes,Yes,0,No,No,DSL,Yes,No,Yes,Yes,Yes,No,Two year,Yes,Bank transfer (automatic),52.55,0.0,No,0.2454,0,Low,2026-06-01
8372-JUXUI,Male,No,No,Yes,1,Yes,Yes,Fiber optic,No,No,No,No,No,No,Month-to-month,Yes,Electronic check,74.35,74.35,Yes,0.8624,1,High,2026-04-01
3552-CTCYF,Male,No,Yes,Yes,63,Yes,Yes,Fiber optic,No,Yes,Yes,No,Yes,Yes,Two year,Yes,Bank transfer (automatic),104.8,6597.25,No,0.2397,0,Low,2026-08-01
6778-YSNIH,Female,No,No,No,2,Yes,No,DSL,No,Yes,No,No,Yes,No,Month-to-month,Yes,Electronic check,59.0,114.15,No,0.741,0,High,2026-07-01
0388-EOPEX,Female,No,Yes,No,2,Yes,No,Fiber optic,Yes,No,No,No,No,No,Month-to-month,Yes,Electronic check,74.4,139.4,Yes,0.7927,0,High,2026-06-01
5756-OZRIO,Male,Yes,Yes,No,61,Yes,Yes,DSL,No,Yes,No,No,No,Yes,One year,No,Bank transfer (automatic),64.05,3902.6,No,0.1379,0,Low,2026-04-01
6579-JPICP,Male,No,No,No,1,Yes,No,No,No,No,No,No,No,No,Month-to-month,No,Mailed check,20.4,20.4,No,0.3895,0,Medium,2025-12-01
8205-OTCHB,Male,No,No,No,22,No,No,DSL,No,Yes,Yes,No,No,Yes,One year,Yes,Bank transfer (automatic),43.75,903.6,Yes,0.4241,0,Medium,2026-01-01
4134-BSXLX,Male,No,Yes,No,28,Yes,No,DSL,Yes,Yes,No,Yes,No,No,Month-to-month,No,Mailed check,60.9,1785.65,No,0.1835,0,Low,2025-10-01
0505-SPOOW,Female,No,Yes,No,70,Yes,No,No,No,No,No,No,No,No,Two year,No,Bank transfer (automatic),19.8,1397.65,No,0.0079,0,Low,2026-01-01
6235-VDHOM,Female,Yes,No,No,5,No,No,DSL,No,Yes,No,No,No,No,Month-to-month,No,Electronic check,28.45,131.05,Yes,0.7326,0,High,2026-08-01
7783-YKGDV,Female,No,No,No,12,Yes,Yes,Fiber optic,Yes,Yes,Yes,No,No,Yes,Month-to-month,Yes,Bank transfer (automatic),99.7,1238.45,Yes,0.7317,0,High,2026-02-01
4374-YMUSQ,Male,No,No,No,34,Yes,Yes,Fiber optic,Yes,Yes,Yes,Yes,Yes,Yes,One year,No,Credit card (automatic),116.25,3899.05,No,0.3287,0,Medium,2025-10-01
4513-CXYIX,Female,Yes,Yes,No,71,Yes,Yes,Fiber optic,Yes,No,No,No,No,No,Two year,Yes,Credit card (automatic),80.7,5676.0,No,0.1218,0,Low,2026-04-01
3957-HHLMR,Female,No,Yes,Yes,70,Yes,Yes,DSL,Yes,No,No,No,No,Yes,One year,No,Bank transfer (automatic),65.2,4543.15,No,0.056,0,Low,2026-08-01
7803-XOCCZ,Female,No,Yes,Yes,52,Yes,No,Fiber optic,Yes,No,Yes,Yes,No,No,Month-to-month,Yes,Bank transfer (automatic),84.05,4326.8,No,0.2488,0,Low,2026-07-01
5736-YEJAX,Male,No,No,Yes,69,Yes,Yes,DSL,Yes,Yes,Yes,Yes,Yes,No,Two year,Yes,Credit card (automatic),79.45,5502.55,No,0.0301,0,Low,2025-12-01
5609-CEBID,Female,Yes,No,No,20,Yes,Yes,Fiber optic,No,Yes,Yes,No,No,Yes,Month-to-month,Yes,Electronic check,94.1,1782.4,Yes,0.8533,1,High,2026-02-01
8981-FJGLA,Male,No,No,Yes,11,Yes,Yes,Fiber optic,No,No,Yes,No,No,No,Month-to-month,Yes,Mailed check,78.0,851.8,No,0.7663,0,High,2026-03-01
7218-HKQFK,Male,No,Yes,No,2,Yes,No,Fiber optic,No,No,No,Yes,Yes,Yes,Month-to-month,Yes,Electronic check,94.2,167.5,Yes,0.867,1,High,2025-11-01
4636-QRJKY,Female,No,Yes,Yes,6,Yes,Yes,Fiber optic,No,No,No,Yes,No,No,Month-to-month,Yes,Electronic check,80.5,502.85,Yes,0.7818,0,High,2025-12-01
1135-LMECX,Female,No,No,No,1,Yes,No,No,No,No,No,No,No,No,Month-to-month,No,Mailed check,19.85,19.85,No,0.3865,0,Medium,2025-11-01
4332-MUOEZ,Male,Yes,Yes,Yes,20,Yes,No,Fiber optic,Yes,No,Yes,Yes,No,Yes,One year,No,Credit card (automatic),94.3,1818.3,No,0.3183,0,Medium,2026-08-01
8535-SFUTN,Male,No,No,No,61,Yes,Yes,Fiber optic,Yes,No,Yes,No,Yes,Yes,Month-to-month,Yes,Electronic check,106.45,6300.15,No,0.6372,0,High,2026-05-01
5956-VKDTT,Female,Yes,Yes,No,5,Yes,Yes,Fiber optic,No,No,No,No,No,No,Month-to-month,Yes,Electronic check,74.35,334.8,Yes,0.891,1,High,2026-07-01
8677-HDZEE,Female,No,No,No,56,Yes,Yes,Fiber optic,No,Yes,No,Yes,Yes,Yes,Month-to-month,Yes,Bank transfer (automatic),105.45,5916.95,No,0.566,0,Medium,2026-06-01
2475-MROZF,Male,No,No,No,30,Yes,Yes,Fiber optic,Yes,Yes,Yes,Yes,No,No,Month-to-month,Yes,Credit card (automatic),95.0,2852.4,No,0.4752,0,Medium,2026-08-01
9412-GHEEC,Male,No,No,No,40,Yes,Yes,Fiber optic,No,No,Yes,Yes,Yes,Yes,Month-to-month,No,Bank transfer (automatic),104.8,4131.95,Yes,0.5984,0,Medium,2025-10-01
3482-ABPKK,Female,No,No,No,28,Yes,No,DSL,Yes,No,No,Yes,No,No,One year,No,Mailed check,54.3,1546.3,No,0.1119,0,Low,2026-07-01
6705-LXORM,Female,Yes,Yes,No,5,Yes,No,Fiber optic,No,No,No,No,No,No,Month-to-month,No,Electronic check,70.05,302.6,No,0.8159,1,High,2025-09-01
0257-ZESQC,Female,Yes,Yes,No,27,Yes,No,Fiber optic,Yes,No,No,No,No,No,Month-to-month,Yes,Bank transfer (automatic),75.2,1929.35,Yes,0.5938,0,Medium,2026-02-01
7531-GQHME,Male,No,No,No,12,Yes,No,No,No,No,No,No,No,No,Month-to-month,No,Credit card (automatic),20.05,265.45,No,0.2772,0,Low,2026-04-01
5174-ITUMV,Male,No,Yes,Yes,67,Yes,Yes,Fiber optic,No,Yes,Yes,No,Yes,Yes,One year,Yes,Electronic check,105.4,6989.45,No,0.436,0,Medium,2026-01-01
4109-CYRBD,Male,Yes,Yes,No,29,Yes,Yes,DSL,No,No,No,No,No,No,Month-to-month,Yes,Electronic check,51.6,1442.0,No,0.6171,0,High,2025-10-01
0913-XWSCN,Male,No,Yes,Yes,55,Yes,Yes,Fiber optic,No,No,No,No,No,Yes,Month-to-month,No,Bank transfer (automatic),85.5,4713.4,No,0.4569,0,Medium,2025-11-01
6825-UYPFK,Female,No,No,No,23,Yes,Yes,Fiber optic,No,No,No,No,No,No,Month-to-month,No,Bank transfer (automatic),75.6,1758.6,Yes,0.6516,0,High,2026-06-01
8397-MVTAZ,Male,No,Yes,No,34,Yes,Yes,Fiber optic,No,No,Yes,No,Yes,Yes,Month-to-month,Yes,Electronic check,100.05,3480.0,Yes,0.8382,1,High,2025-12-01
0750-EBAIU,Male,No,No,No,52,Yes,No,Fiber optic,Yes,No,Yes,No,Yes,No,One year,No,Electronic check,91.25,4738.3,No,0.2801,0,Low,2025-12-01
8606-CIQUL,Male,Yes,Yes,Yes,72,Yes,Yes,Fiber optic,Yes,Yes,Yes,Yes,Yes,Yes,Two year,Yes,Credit card (automatic),115.75,8399.15,No,0.143,0,Low,2026-08-01
3571-DPYUH,Male,No,Yes,Yes,58,Yes,Yes,Fiber optic,No,Yes,No,Yes,Yes,No,One year,Yes,Credit card (automatic),94.7,5430.35,No,0.2452,0,Low,2025-10-01
7601-GNDYK,Male,No,Yes,Yes,35,Yes,No,No,No,No,No,No,No,No,Two year,No,Mailed check,19.6,686.95,No,0.0297,0,Low,2026-07-01
0356-OBMAC,Female,Yes,No,No,56,Yes,Yes,Fiber optic,No,Yes,Yes,Yes,Yes,No,Two year,Yes,Bank transfer (automatic),99.9,5706.3,No,0.2223,0,Low,2026-08-01
8067-NIOYM,Female,No,Yes,Yes,24,Yes,No,No,No,No,No,No,No,No,Two year,Yes,Credit card (automatic),21.1,490.65,No,0.0617,0,Low,2026-04-01
1403-GYAFU,Male,No,Yes,Yes,70,Yes,No,No,No,No,No,No,No,No,Two year,No,Credit card (automatic),20.05,1360.25,No,0.0064,0,Low,2025-10-01
4234-XTNEA,Male,No,No,No,2,Yes,No,Fiber optic,No,No,No,No,Yes,No,Month-to-month,Yes,Electronic check,79.95,174.45,No,0.8797,1,High,2025-10-01
1297-VQDRP,Male,Yes,Yes,Yes,68,Yes,Yes,Fiber optic,No,No,Yes,Yes,Yes,Yes,One year,Yes,Credit card (automatic),107.15,7379.8,No,0.3558,0,Medium,2025-12-01
9282-IZGQK,Female,No,No,No,1,Yes,Yes,Fiber optic,No,No,No,No,No,Yes,Month-to-month,Yes,Electronic check,85.0,85.0,Yes,0.9095,1,High,2026-03-01
5348-CAGXB,Male,No,No,No,12,Yes,Yes,Fiber optic,No,No,Yes,No,Yes,No,Month-to-month,Yes,Electronic check,89.55,1021.75,No,0.8676,1,High,2025-10-01
0621-HJWXJ,Female,No,Yes,No,63,Yes,Yes,Fiber optic,No,Yes,No,No,No,No,Month-to-month,Yes,Bank transfer (automatic),81.55,5029.05,No,0.4118,0,Medium,2026-02-01
5844-QVTAT,Female,No,Yes,Yes,33,Yes,No,DSL,Yes,Yes,Yes,No,No,No,One year,Yes,Mailed check,58.45,1955.4,No,0.1265,0,Low,2025-10-01
8905-IAZPF,Female,No,Yes,No,69,Yes,No,Fiber optic,No,Yes,No,No,Yes,Yes,One year,Yes,Credit card (automatic),95.65,6744.2,No,0.3259,0,Medium,2026-03-01
5394-MEITZ,Female,No,Yes,Yes,60,Yes,No,DSL,No,Yes,Yes,Yes,Yes,Yes,Two year,Yes,Bank transfer (automatic),80.6,4946.7,No,0.0604,0,Low,2025-09-01
6859-QNXIQ,Female,No,Yes,Yes,72,Yes,Yes,Fiber optic,Yes,Yes,Yes,Yes,Yes,Yes,Two year,Yes,Bank transfer (automatic),113.1,8248.5,No,0.117,0,Low,2026-05-01
2782-LFZVW,Female,No,No,No,11,Yes,Yes,DSL,No,No,No,No,No,Yes,Month-to-month,Yes,Mailed check,58.95,601.6,No,0.715,0,High,2025-09-01
2866-IKBTM,Female,No,No,No,1,Yes,No,No,No,No,No,No,No,No,Month-to-month,No,Mailed check,19.55,19.55,No,0.3873,0,Medium,2025-11-01
1342-JPNKI,Male,No,No,No,10,Yes,Yes,Fiber optic,No,No,No,No,Yes,No,Month-to-month,Yes,Bank transfer (automatic),86.05,834.1,Yes,0.8318,1,High,2025-11-01
2817-NTQDO,Male,No,No,No,13,No,No,DSL,Yes,No,No,Yes,Yes,No,Month-to-month,Yes,Credit card (automatic),45.55,597.0,Yes,0.5241,0,Medium,2026-06-01
7129-AZJDE,Male,No,Yes,Yes,34,Yes,No,Fiber optic,No,No,No,No,No,Yes,One year,Yes,Bank transfer (automatic),78.95,2647.2,No,0.4512,0,Medium,2025-09-01
6986-IJDHX,Male,No,Yes,Yes,39,Yes,No,Fiber optic,No,Yes,No,No,Yes,No,Month-to-month,Yes,Mailed check,86.3,3266.0,Yes,0.5472,0,Medium,2026-02-01
2560-PPCHE,Female,No,No,No,65,Yes,Yes,Fiber optic,No,Yes,No,Yes,Yes,Yes,One year,Yes,Bank transfer (automatic),105.05,6744.25,No,0.3347,0,Medium,2026-04-01
4676-MQUEA,Male,Yes,Yes,No,50,Yes,Yes,Fiber optic,Yes,Yes,Yes,No,Yes,No,One year,Yes,Bank transfer (automatic),101.9,5265.5,No,0.375,0,Medium,2026-03-01
8138-EALND,Male,No,No,No,15,Yes,No,No,No,No,No,No,No,No,Month-to-month,No,Mailed check,19.75,311.6,No,0.2616,0,Low,2026-05-01
3580-HYCSP,Male,No,Yes,Yes,72,Yes,Yes,Fiber optic,Yes,Yes,Yes,No,Yes,Yes,Two year,Yes,Bank transfer (automatic),110.3,7966.9,No,0.1527,0,Low,2026-06-01
1352-HNSAW,Female,No,Yes,Yes,72,Yes,Yes,Fiber optic,Yes,Yes,Yes,Yes,Yes,Yes,Two year,Yes,Bank transfer (automatic),115.6,8220.4,No,0.1135,0,Low,2026-01-01
2075-PUEPR,Male,No,Yes,Yes,55,Yes,No,No,No,No,No,No,No,No,Two year,No,Bank transfer (automatic),19.35,1153.25,No,0.0123,0,Low,2026-06-01
1982-FEBTD,Female,No,Yes,Yes,23,Yes,Yes,No,No,No,No,No,No,No,Two year,Yes,Credit card (automatic),25.6,514.75,No,0.0801,0,Low,2025-12-01
5301-GAUUY,Male,No,No,No,32,Yes,Yes,Fiber optic,No,Yes,No,No,No,No,Month-to-month,Yes,Bank transfer (automatic),80.35,2596.15,Yes,0.6462,0,High,2026-08-01
5791-KAJFD,Female,No,Yes,Yes,56,Yes,Yes,DSL,Yes,No,Yes,No,No,Yes,One year,Yes,Bank transfer (automatic),68.75,3808.0,No,0.1199,0,Low,2026-03-01
2654-VBVPB,Female,No,No,No,1,Yes,No,No,No,No,No,No,No,No,Month-to-month,No,Bank transfer (automatic),19.9,19.9,No,0.372,0,Medium,2026-05-01
1154-HYWWO,Male,No,No,No,38,Yes,No,DSL,Yes,Yes,No,Yes,Yes,No,One year,No,Mailed check,70.6,2708.2,No,0.0926,0,Low,2026-07-01
2501-XWWTZ,Male,No,No,No,11,Yes,No,Fiber optic,No,No,No,No,No,No,Month-to-month,No,Electronic check,70.2,760.05,No,0.7577,0,High,2026-06-01
3716-UVSPD,Male,No,No,No,1,Yes,No,DSL,No,No,No,Yes,No,No,Month-to-month,Yes,Electronic check,49.3,49.3,No,0.6741,0,High,2026-07-01
6815-ABQFQ,Male,No,Yes,No,56,Yes,Yes,Fiber optic,No,Yes,No,Yes,Yes,Yes,One year,Yes,Electronic check,107.25,6033.3,No,0.4831,0,Medium,2026-03-01
7343-EOBEU,Male,No,Yes,No,3,Yes,Yes,No,No,No,No,No,No,No,Month-to-month,Yes,Mailed check,23.6,89.05,No,0.5195,0,Medium,2025-09-01
3701-SFMUH,Male,No,Yes,Yes,7,Yes,No,DSL,Yes,No,No,No,Yes,Yes,Month-to-month,No,Credit card (automatic),69.7,516.15,No,0.4887,0,Medium,2026-02-01
6103-LIANB,Male,No,Yes,Yes,59,Yes,Yes,Fiber optic,No,No,Yes,No,Yes,Yes,Two year,Yes,Credit card (automatic),99.5,5861.75,No,0.2825,0,Low,2025-11-01
7319-VENRZ,Male,No,No,No,7,Yes,No,DSL,No,No,Yes,Yes,Yes,No,Month-to-month,No,Bank transfer (automatic),64.3,445.95,No,0.4775,0,Medium,2026-07-01
5846-NEQVZ,Male,No,Yes,Yes,71,Yes,No,DSL,Yes,No,Yes,Yes,No,Yes,Two year,Yes,Credit card (automatic),70.85,4973.4,No,0.025,0,Low,2025-11-01
6967-QIQRV,Male,No,Yes,Yes,15,Yes,No,Fiber optic,Yes,No,No,Yes,Yes,Yes,One year,No,Electronic check,101.9,1667.25,No,0.4522,0,Medium,2025-11-01
5781-RFZRP,Male,No,Yes,No,71,Yes,Yes,DSL,Yes,Yes,No,Yes,Yes,No,Two year,No,Credit card (automatic),73.5,5357.75,No,0.0244,0,Low,2025-11-01
0939-YAPAF,Female,No,No,No,35,Yes,Yes,Fiber optic,No,No,Yes,No,Yes,Yes,Month-to-month,Yes,Electronic check,100.25,3527.6,Yes,0.8318,1,High,2026-04-01
0308-IVGOK,Female,No,No,No,11,No,No,DSL,No,Yes,Yes,Yes,No,No,One year,Yes,Credit card (automatic),40.4,422.6,No,0.3627,0,Medium,2026-03-01
7293-LSCDV,Female,No,Yes,Yes,60,Yes,No,No,No,No,No,No,No,No,Two year,Yes,Credit card (automatic),19.25,1103.25,No,0.0139,0,Low,2026-08-01
7025-WCBNE,Male,Yes,No,No,47,Yes,Yes,DSL,No,Yes,No,Yes,No,No,Two year,No,Bank transfer (automatic),59.6,2754.0,No,0.0629,0,Low,2026-01-01
5756-JYOJT,Female,No,No,No,11,Yes,No,DSL,No,No,Yes,Yes,No,Yes,One year,No,Credit card (automatic),64.9,697.25,No,0.296,0,Low,2025-12-01
4710-FDUIZ,Male,No,Yes,No,56,Yes,Yes,Fiber optic,No,Yes,No,No,Yes,Yes,One year,No,Credit card (automatic),100.3,5614.45,Yes,0.3783,0,Medium,2025-09-01
6030-REHUX,Female,Yes,Yes,No,28,Yes,Yes,Fiber optic,No,Yes,Yes,Yes,Yes,Yes,Month-to-month,Yes,Electronic check,110.85,3204.4,No,0.8137,1,High,2025-09-01
9548-LIGTA,Male,No,Yes,No,61,Yes,No,DSL,Yes,Yes,No,Yes,Yes,Yes,Two year,Yes,Mailed check,81.05,4747.65,No,0.0514,0,Low,2026-01-01
5150-LJNSR,Male,No,Yes,Yes,31,Yes,Yes,Fiber optic,Yes,No,Yes,No,Yes,No,One year,No,Bank transfer (automatic),98.05,3082.1,No,0.3241,0,Medium,2026-08-01
8270-RKSAP,Male,No,No,No,9,Yes,No,Fiber optic,No,No,No,No,No,No,Month-to-month,Yes,Electronic check,70.5,597.9,No,0.8277,1,High,2026-03-01
6522-YRBXD,Male,Yes,Yes,No,35,Yes,Yes,Fiber optic,Yes,Yes,No,No,No,Yes,Month-to-month,Yes,Electronic check,94.55,3365.4,No,0.7367,0,High,2026-07-01
2640-LYMOV,Male,No,No,No,2,Yes,No,No,No,No,No,No,No,No,Month-to-month,Yes,Mailed check,19.65,38.8,No,0.4727,0,Medium,2025-10-01
1218-VKFPE,Female,No,Yes,Yes,12,Yes,No,No,No,No,No,No,No,No,Month-to-month,No,Mailed check,19.0,233.55,Yes,0.238,0,Low,2025-10-01
3627-FHKBK,Female,No,No,No,1,Yes,No,Fiber optic,Yes,No,No,No,No,No,Month-to-month,No,Mailed check,75.3,75.3,Yes,0.6659,0,High,2026-07-01
2865-TCHJW,Female,Yes,No,No,4,Yes,Yes,Fiber optic,No,No,Yes,No,Yes,No,Month-to-month,Yes,Electronic check,89.2,346.2,Yes,0.9078,1,High,2025-10-01
1423-BMPBQ,Female,No,Yes,Yes,1,Yes,No,No,No,No,No,No,No,No,Month-to-month,Yes,Mailed check,19.0,19.0,No,0.4212,0,Medium,2025-09-01
2393-DIVAI,Female,No,No,No,3,Yes,No,No,No,No,No,No,No,No,Month-to-month,Yes,Mailed check,20.0,61.7,No,0.4566,0,Medium,2026-01-01
5192-EBGOV,Female,Yes,No,No,1,Yes,Yes,Fiber optic,No,No,No,No,Yes,No,Month-to-month,Yes,Electronic check,85.7,85.7,Yes,0.9174,1,High,2026-08-01
4568-KNYWR,Male,No,No,No,52,Yes,No,DSL,Yes,Yes,No,No,Yes,No,Two year,Yes,Credit card (automatic),63.25,3342.45,No,0.0628,0,Low,2026-05-01
8752-IMQOS,Male,No,Yes,Yes,5,Yes,No,No,No,No,No,No,No,No,One year,No,Mailed check,20.1,85.1,No,0.1709,0,Low,2025-10-01
0742-LAFQK,Male,No,Yes,No,72,Yes,Yes,Fiber optic,Yes,Yes,Yes,No,No,Yes,Two year,Yes,Electronic check,99.15,7422.1,No,0.1976,0,Low,2026-07-01
0795-LAFGP,Male,No,Yes,Yes,71,Yes,Yes,DSL,Yes,Yes,Yes,Yes,Yes,Yes,Two year,No,Electronic check,90.4,6668.05,No,0.0442,0,Low,2026-07-01
0619-OLYUR,Male,No,Yes,No,72,Yes,Yes,Fiber optic,Yes,No,Yes,Yes,Yes,Yes,Two year,Yes,Credit card (automatic),111.9,8071.05,No,0.1597,0,Low,2026-06-01
5512-IDZEI,Male,No,Yes,Yes,46,Yes,Yes,No,No,No,No,No,No,No,One year,No,Electronic check,24.9,1174.8,No,0.061,0,Low,2026-07-01
0459-SPZHJ,Male,No,Yes,Yes,63,Yes,Yes,DSL,Yes,Yes,Yes,No,Yes,Yes,Two year,No,Credit card (automatic),83.5,5435.0,No,0.0505,0,Low,2025-11-01
0215-BQKGS,Male,No,No,No,30,Yes,No,Fiber optic,Yes,Yes,Yes,No,No,No,Month-to-month,Yes,Credit card (automatic),84.3,2438.6,No,0.4925,0,Medium,2026-08-01
9244-ZVAPM,Male,No,No,No,1,Yes,No,DSL,No,No,No,No,No,No,Month-to-month,No,Mailed check,45.6,45.6,No,0.5995,0,Medium,2025-12-01
0719-SYFRB,Female,No,No,No,12,Yes,Yes,DSL,Yes,No,Yes,Yes,No,No,Month-to-month,Yes,Mailed check,61.65,713.75,Yes,0.4469,0,Medium,2026-06-01
8208-EUMTE,Male,No,No,No,16,No,No,DSL,Yes,Yes,Yes,Yes,Yes,No,Two year,No,Mailed check,54.85,916.15,No,0.1323,0,Low,2026-03-01
5172-MIGPM,Male,No,No,No,4,Yes,Yes,DSL,No,No,No,Yes,No,Yes,Month-to-month,No,Mailed check,65.55,237.2,No,0.6028,0,High,2026-06-01
1710-RCXUS,Male,No,Yes,No,51,Yes,Yes,Fiber optic,No,Yes,No,No,No,Yes,One year,Yes,Credit card (automatic),90.35,4614.55,No,0.4278,0,Medium,2026-04-01
0374-FIUCA,Male,No,Yes,No,65,Yes,No,No,No,No,No,No,No,No,Two year,Yes,Credit card (automatic),20.4,1414.45,No,0.0149,0,Low,2026-04-01
5839-SUYVZ,Male,No,No,No,16,Yes,No,Fiber optic,No,No,No,Yes,No,No,Month-to-month,Yes,Credit card (automatic),74.55,1170.5,No,0.6551,0,High,2026-04-01
5173-ZXXXL,Male,No,No,No,2,Yes,No,No,No,No,No,No,No,No,One year,No,Mailed check,19.95,47.7,No,0.2308,0,Low,2026-06-01
1096-ADRUX,Female,No,Yes,Yes,66,Yes,Yes,Fiber optic,No,No,No,No,No,No,One year,Yes,Bank transfer (automatic),74.25,4859.25,No,0.2184,0,Low,2026-05-01
2001-MCUUW,Male,No,No,No,46,Yes,Yes,Fiber optic,No,Yes,Yes,Yes,Yes,Yes,Two year,No,Electronic check,108.65,4903.2,No,0.2972,0,Low,2025-10-01
2731-GJRDG,Female,No,No,No,32,Yes,Yes,Fiber optic,Yes,No,Yes,Yes,Yes,Yes,One year,Yes,Bank transfer (automatic),109.55,3608.0,No,0.4653,0,Medium,2026-06-01
4723-BEGSG,Male,No,Yes,No,72,Yes,Yes,DSL,Yes,No,Yes,Yes,Yes,Yes,Two year,No,Credit card (automatic),86.65,6094.25,No,0.0388,0,Low,2026-03-01
6516-NKQBO,Male,No,Yes,Yes,38,Yes,No,DSL,Yes,No,Yes,Yes,Yes,Yes,Two year,No,Credit card (automatic),81.0,3084.9,No,0.0614,0,Low,2025-12-01
8672-OAUPW,Male,No,No,Yes,51,Yes,No,DSL,No,No,No,Yes,No,No,One year,No,Credit card (automatic),47.85,2356.75,No,0.0584,0,Low,2026-03-01
8207-DMRVL,Male,No,Yes,Yes,72,Yes,Yes,Fiber optic,Yes,Yes,Yes,Yes,Yes,Yes,Two year,No,Bank transfer (automatic),114.55,8306.05,No,0.0847,0,Low,2026-08-01
3419-SNJJD,Female,Yes,Yes,No,65,Yes,Yes,Fiber optic,Yes,No,Yes,No,Yes,Yes,Month-to-month,No,Bank transfer (automatic),105.25,6786.4,Yes,0.4794,0,Medium,2026-07-01
6543-CPZMK,Male,No,Yes,Yes,9,No,No,DSL,No,Yes,No,No,No,No,Month-to-month,Yes,Electronic check,29.95,248.95,Yes,0.687,0,High,2026-07-01
4765-OXPPD,Female,No,Yes,Yes,9,Yes,No,DSL,Yes,Yes,Yes,Yes,No,No,Month-to-month,No,Mailed check,65.0,663.05,Yes,0.2422,0,Low,2026-02-01
2804-ETQDK,Male,No,No,Yes,66,Yes,No,No,No,No,No,No,No,No,Two year,No,Mailed check,20.55,1357.1,No,0.0082,0,Low,2026-06-01
6689-VRRTK,Female,Yes,No,No,44,Yes,Yes,Fiber optic,Yes,Yes,Yes,No,Yes,Yes,One year,Yes,Credit card (automatic),109.8,4860.35,No,0.4939,0,Medium,2026-01-01
7138-GIRSH,Male,No,No,No,50,Yes,Yes,DSL,No,No,Yes,Yes,No,Yes,Two year,No,Bank transfer (automatic),69.5,3418.2,No,0.0763,0,Low,2026-05-01
9396-ZSFLL,Female,No,No,No,15,Yes,Yes,DSL,No,No,No,No,No,No,Month-to-month,No,Mailed check,48.85,631.4,No,0.5244,0,Medium,2026-04-01
6464-KEXXH,Male,No,No,No,8,No,No,DSL,No,No,No,No,No,No,Month-to-month,Yes,Credit card (automatic),25.25,186.3,No,0.7068,0,High,2025-11-01
7134-MJPDY,Female,Yes,No,No,66,Yes,Yes,Fiber optic,No,No,Yes,Yes,Yes,Yes,One year,Yes,Credit card (automatic),102.85,6976.75,No,0.4205,0,Medium,2025-12-01
5240-CAOYT,Female,No,No,No,57,Yes,Yes,Fiber optic,Yes,Yes,No,Yes,No,No,Month-to-month,Yes,Bank transfer (automatic),87.55,4884.85,No,0.2963,0,Low,2025-09-01
4059-IIEBK,Female,No,No,No,7,Yes,Yes,Fiber optic,No,Yes,No,No,No,No,Month-to-month,Yes,Bank transfer (automatic),78.55,522.95,No,0.7887,0,High,2025-10-01
4881-JVQOD,Male,Yes,Yes,Yes,10,No,No,DSL,No,No,No,No,No,Yes,Month-to-month,Yes,Bank transfer (automatic),34.55,362.6,No,0.7395,0,High,2026-02-01
0516-UXRMT,Female,No,No,No,62,Yes,Yes,Fiber optic,Yes,Yes,Yes,No,No,No,One year,Yes,Electronic check,92.05,5755.8,No,0.2729,0,Low,2026-02-01
4851-BQDNX,Male,No,Yes,Yes,40,Yes,No,Fiber optic,No,No,Yes,No,Yes,No,One year,Yes,Electronic check,85.05,3355.65,No,0.4742,0,Medium,2025-10-01
5148-HKFIR,Female,No,No,No,20,Yes,No,No,No,No,No,No,No,No,Two year,No,Mailed check,19.7,406.95,No,0.0678,0,Low,2026-02-01
1009-IRMNA,Female,No,No,No,7,Yes,No,No,No,No,No,No,No,No,Month-to-month,No,Bank transfer (automatic),20.0,137.6,Yes,0.314,0,Medium,2026-04-01
3003-CMDUU,Female,No,Yes,No,25,Yes,No,Fiber optic,No,No,No,Yes,Yes,Yes,Month-to-month,Yes,Electronic check,95.15,2395.7,No,0.7792,0,High,2025-11-01
5016-IBERQ,Male,No,Yes,No,23,Yes,Yes,Fiber optic,No,Yes,Yes,No,No,No,Month-to-month,No,Electronic check,84.25,1968.1,No,0.6962,0,High,2026-01-01
6797-UCJHZ,Female,Yes,Yes,No,66,Yes,Yes,Fiber optic,No,Yes,Yes,No,Yes,Yes,One year,No,Credit card (automatic),104.6,6819.45,No,0.3618,0,Medium,2026-01-01
2469-DTSGX,Female,Yes,No,No,72,Yes,Yes,Fiber optic,No,Yes,Yes,Yes,Yes,Yes,Two year,No,Electronic check,111.65,7943.45,No,0.2211,0,Low,2026-03-01
4554-YGZIH,Male,Yes,Yes,No,49,Yes,Yes,Fiber optic,No,Yes,No,No,No,Yes,Month-to-month,No,Credit card (automatic),90.05,4547.25,Yes,0.5823,0,Medium,2026-01-01
5099-BAILX,Male,Yes,Yes,Yes,43,Yes,Yes,Fiber optic,No,Yes,Yes,Yes,Yes,Yes,Month-to-month,Yes,Bank transfer (automatic),110.75,4687.9,Yes,0.6269,0,High,2026-05-01
9931-KGHOA,Female,No,Yes,No,46,Yes,Yes,DSL,Yes,No,No,No,No,No,Month-to-month,No,Bank transfer (automatic),55.0,2473.95,No,0.1864,0,Low,2025-12-01
1775-KWJKQ,Male,No,Yes,Yes,72,Yes,Yes,DSL,Yes,Yes,Yes,Yes,Yes,Yes,Two year,No,Credit card (automatic),89.85,6562.9,No,0.0294,0,Low,2026-02-01
7665-VIGUD,Male,No,No,No,10,Yes,No,No,No,No,No,No,No,No,One year,No,Mailed check,20.35,176.3,No,0.174,0,Low,2026-01-01
9411-TPQQV,Female,No,No,No,40,No,No,DSL,Yes,No,No,Yes,Yes,Yes,One year,Yes,Bank transfer (automatic),54.55,2236.2,No,0.2174,0,Low,2025-11-01
7207-RMRDB,Female,No,Yes,Yes,65,Yes,Yes,Fiber optic,No,Yes,Yes,No,Yes,Yes,Month-to-month,Yes,Electronic check,105.5,6985.65,Yes,0.6307,0,High,2026-05-01
7954-MLBUN,Male,No,No,No,31,Yes,No,Fiber optic,No,No,Yes,Yes,Yes,Yes,Two year,No,Bank transfer (automatic),99.45,3109.9,No,0.2737,0,Low,2025-11-01
2077-DDHJK,Female,No,Yes,No,68,Yes,Yes,DSL,Yes,Yes,Yes,Yes,No,No,Two year,No,Credit card (automatic),70.9,4911.35,No,0.0193,0,Low,2025-12-01
4913-EHYUI,Male,Yes,Yes,Yes,56,Yes,Yes,Fiber optic,Yes,No,Yes,No,Yes,Yes,One year,Yes,Bank transfer (automatic),104.55,5794.65,Yes,0.3947,0,Medium,2026-06-01
0195-IESCP,Male,No,Yes,No,10,Yes,Yes,Fiber optic,No,No,No,No,No,Yes,Month-to-month,Yes,Electronic check,85.25,855.3,Yes,0.8871,1,High,2026-08-01
9574-BOSMD,Male,No,Yes,Yes,68,Yes,Yes,No,No,No,No,No,No,No,Two year,No,Bank transfer (automatic),25.4,1620.2,No,0.0092,0,Low,2026-05-01
4580-TMHJU,Female,No,Yes,Yes,43,Yes,No,DSL,No,No,No,No,Yes,No,Month-to-month,No,Electronic check,56.15,2499.3,Yes,0.3094,0,Medium,2026-07-01
0970-ETWGE,Male,No,No,No,1,Yes,No,Fiber optic,No,No,No,No,Yes,Yes,Month-to-month,Yes,Electronic check,89.55,89.55,Yes,0.9079,1,High,2026-07-01
4908-XAXAY,Female,Yes,No,No,49,Yes,No,Fiber optic,No,Yes,Yes,No,No,Yes,One year,Yes,Bank transfer (automatic),89.85,4287.2,No,0.4095,0,Medium,2026-02-01
8404-VLQFB,Female,No,Yes,Yes,15,Yes,Yes,No,No,No,No,No,No,No,Month-to-month,Yes,Electronic check,25.25,394.85,No,0.4073,0,Medium,2026-06-01
1626-ERCMM,Male,Yes,Yes,No,20,Yes,Yes,Fiber optic,No,No,No,No,Yes,Yes,Month-to-month,Yes,Electronic check,94.55,1899.65,Yes,0.9009,1,High,2025-12-01
0887-HJGAR,Male,No,No,No,1,Yes,No,DSL,No,No,No,No,No,No,Month-to-month,Yes,Mailed check,45.7,45.7,Yes,0.685,0,High,2026-02-01
2391-IPLOP,Male,No,Yes,Yes,50,Yes,Yes,DSL,No,No,Yes,Yes,Yes,No,One year,Yes,Electronic check,69.65,3442.15,No,0.1916,0,Low,2026-03-01
5644-PDMZC,Female,Yes,No,No,2,Yes,Yes,Fiber optic,No,Yes,No,No,No,Yes,Month-to-month,No,Electronic check,89.5,161.5,Yes,0.8723,1,High,2026-08-01
3509-GWQGF,Male,Yes,No,No,24,Yes,No,Fiber optic,No,No,No,No,No,No,Month-to-month,No,Credit card (automatic),70.0,1732.6,No,0.642,0,High,2026-07-01
9576-ANLXO,Female,No,No,No,3,Yes,No,Fiber optic,No,No,No,No,No,No,Month-to-month,Yes,Bank transfer (automatic),69.55,222.3,Yes,0.8003,1,High,2026-02-01
2024-BASKD,Female,No,No,No,1,Yes,No,Fiber optic,No,No,Yes,No,No,No,Month-to-month,Yes,Mailed check,74.6,74.6,Yes,0.8107,1,High,2026-04-01
5845-BZZIB,Male,No,Yes,Yes,35,Yes,No,No,No,No,No,No,No,No,Two year,No,Mailed check,20.1,655.3,No,0.0293,0,Low,2025-11-01
1140-UKVZG,Female,No,No,No,17,Yes,Yes,No,No,No,No,No,No,No,Month-to-month,No,Mailed check,24.8,475.25,No,0.2907,0,Low,2026-06-01
4160-AMJTL,Female,Yes,No,No,8,Yes,No,No,No,No,No,No,No,No,Month-to-month,No,Electronic check,19.65,164.3,Yes,0.4376,0,Medium,2026-03-01
5183-SNMJQ,Male,No,No,No,10,Yes,No,Fiber optic,No,No,No,Yes,Yes,Yes,Month-to-month,Yes,Credit card (automatic),95.1,865.1,No,0.785,0,High,2026-03-01
8100-PNJMH,Male,No,Yes,Yes,68,Yes,Yes,DSL,Yes,Yes,Yes,Yes,Yes,Yes,Two year,Yes,Credit card (automatic),88.85,6132.7,No,0.0465,0,Low,2026-06-01
7838-LAZFO,Male,No,Yes,No,45,Yes,No,DSL,Yes,Yes,Yes,No,Yes,Yes,One year,No,Bank transfer (automatic),78.8,3597.5,No,0.1329,0,Low,2026-04-01
4464-JCOLN,Male,No,Yes,Yes,2,Yes,No,No,No,No,No,No,No,No,One year,No,Mailed check,19.85,35.9,Yes,0.1907,0,Low,2025-09-01
2085-JVGAD,Male,No,Yes,No,37,Yes,No,No,No,No,No,No,No,No,Month-to-month,No,Bank transfer (automatic),20.35,697.65,No,0.1122,0,Low,2025-12-01
5650-VDUDS,Female,No,No,No,4,No,No,DSL,No,No,No,No,No,No,Month-to-month,Yes,Mailed check,24.25,96.05,Yes,0.7483,0,High,2025-11-01
8095-WANWK,Female,No,No,No,10,Yes,No,DSL,No,No,No,No,No,No,Month-to-month,No,Mailed check,45.25,428.7,No,0.5125,0,Medium,2026-05-01
3030-ZKIWL,Male,No,No,No,1,Yes,No,No,No,No,No,No,No,No,Month-to-month,No,Mailed check,20.05,20.05,No,0.3904,0,Medium,2025-09-01
9565-FLVCG,Male,No,Yes,Yes,65,Yes,Yes,DSL,Yes,Yes,No,No,No,Yes,Two year,Yes,Mailed check,69.55,4459.15,No,0.0492,0,Low,2025-11-01
8755-OGKNA,Female,No,Yes,Yes,57,Yes,No,No,No,No,No,No,No,No,Two year,No,Bank transfer (automatic),19.5,1167.6,No,0.011,0,Low,2026-04-01
2800-VEQXM,Female,No,No,No,3,Yes,No,Fiber optic,No,No,Yes,No,No,No,Month-to-month,Yes,Mailed check,74.75,238.1,No,0.8015,1,High,2026-05-01
7538-GWHML,Female,No,No,No,2,Yes,No,Fiber optic,No,No,No,No,No,No,Month-to-month,No,Electronic check,69.65,145.15,Yes,0.8044,1,High,2026-03-01
5533-RJFTJ,Male,No,No,No,49,No,No,DSL,No,No,Yes,No,No,No,Month-to-month,Yes,Bank transfer (automatic),30.2,1453.1,No,0.302,0,Medium,2026-07-01
3859-CVCET,Female,No,No,No,4,Yes,No,DSL,No,No,No,No,No,No,Month-to-month,No,Mailed check,45.65,191.05,Yes,0.5684,0,Medium,2026-08-01
0214-JHPFW,Female,No,Yes,No,70,No,No,DSL,No,Yes,Yes,Yes,Yes,Yes,Two year,No,Bank transfer (automatic),57.8,4039.3,No,0.0435,0,Low,2025-10-01
5642-MHDQT,Female,No,Yes,Yes,53,Yes,No,No,No,No,No,No,No,No,One year,Yes,Bank transfer (automatic),19.85,1039.45,No,0.0344,0,Low,2026-08-01
3088-FVYWK,Male,No,Yes,Yes,53,Yes,Yes,No,No,No,No,No,No,No,Two year,No,Credit card (automatic),25.55,1336.1,No,0.0175,0,Low,2026-04-01
3276-HDUEG,Female,No,No,No,1,Yes,Yes,Fiber optic,No,No,No,No,No,No,Month-to-month,Yes,Mailed check,75.05,75.05,Yes,0.8491,1,High,2026-04-01
9092-GDZKO,Male,No,No,No,22,Yes,Yes,No,No,No,No,No,No,No,Month-to-month,Yes,Credit card (automatic),24.85,493.4,No,0.3143,0,Medium,2025-10-01
0823-HSCDJ,Male,Yes,No,No,52,No,No,DSL,No,Yes,No,No,Yes,Yes,Month-to-month,Yes,Electronic check,49.15,2550.9,Yes,0.5409,0,Medium,2026-04-01
3729-OWRVL,Male,Yes,No,No,65,Yes,Yes,Fiber optic,Yes,No,Yes,Yes,Yes,Yes,Two year,Yes,Electronic check,110.35,7246.15,No,0.2825,0,Low,2026-05-01
2324-AALNO,Female,No,No,No,48,Yes,Yes,No,No,No,No,No,No,No,One year,No,Bank transfer (automatic),24.55,1203.95,No,0.0489,0,Low,2026-03-01
0822-GAVAP,Female,No,No,No,2,No,No,DSL,No,No,No,No,No,Yes,Month-to-month,Yes,Electronic check,34.7,62.25,Yes,0.8518,1,High,2025-10-01
5760-IFJOZ,Male,No,No,No,3,Yes,Yes,Fiber optic,No,Yes,Yes,No,Yes,Yes,Month-to-month,No,Mailed check,107.95,313.6,No,0.8183,1,High,2026-03-01
2826-UWHIS,Male,No,Yes,No,45,Yes,Yes,Fiber optic,No,Yes,No,No,No,No,Month-to-month,No,Bank transfer (automatic),81.4,3775.85,No,0.4643,0,Medium,2026-08-01
1448-PWKYE,Male,No,Yes,Yes,1,Yes,No,Fiber optic,No,No,No,No,No,Yes,Month-to-month,No,Electronic check,80.0,80.0,Yes,0.8158,1,High,2026-05-01
7501-IWUNG,Female,No,Yes,Yes,61,Yes,No,DSL,No,No,Yes,Yes,Yes,Yes,Two year,Yes,Bank transfer (automatic),73.8,4616.05,No,0.0652,0,Low,2025-10-01
4957-TREIR,Male,No,No,No,3,Yes,No,DSL,Yes,No,No,Yes,Yes,No,Month-to-month,Yes,Credit card (automatic),64.4,195.65,No,0.5114,0,Medium,2026-08-01
7251-LJBQN,Female,Yes,No,No,40,Yes,Yes,Fiber optic,No,No,Yes,Yes,Yes,Yes,One year,Yes,Credit card (automatic),103.75,4188.4,No,0.5668,0,Medium,2026-08-01
8040-MNRTF,Female,No,No,No,1,Yes,No,Fiber optic,No,No,No,No,No,No,Month-to-month,No,Mailed check,71.1,71.1,No,0.7536,0,High,2025-11-01
1536-HBSWP,Female,No,No,No,1,Yes,No,DSL,No,No,No,Yes,No,No,Month-to-month,Yes,Electronic check,49.9,49.9,No,0.6685,0,High,2026-06-01
5313-FPXWG,Male,No,No,No,51,Yes,Yes,No,No,No,No,No,No,No,One year,Yes,Bank transfer (automatic),24.6,1266.4,No,0.0627,0,Low,2026-01-01
0067-DKWBL,Male,Yes,No,No,2,Yes,No,DSL,Yes,No,No,No,No,No,Month-to-month,Yes,Electronic check,49.25,91.1,Yes,0.6953,0,High,2026-04-01
0946-FKYTX,Male,No,No,No,52,No,No,DSL,No,Yes,No,No,No,No,One year,No,Mailed check,30.1,1623.4,No,0.109,0,Low,2026-02-01
5076-YVXCM,Male,No,No,No,51,Yes,Yes,Fiber optic,No,No,No,No,No,Yes,Month-to-month,No,Bank transfer (automatic),83.4,4149.45,No,0.5381,0,Medium,2026-06-01
8262-COGGB,Male,No,No,No,1,Yes,No,No,No,No,No,No,No,No,Month-to-month,Yes,Mailed check,20.45,20.45,No,0.4812,0,Medium,2026-08-01
6663-JOCQO,Male,No,Yes,Yes,31,Yes,Yes,DSL,Yes,Yes,No,Yes,No,Yes,One year,Yes,Bank transfer (automatic),75.25,2344.5,No,0.1617,0,Low,2026-06-01
9620-QJREV,Male,No,No,Yes,47,Yes,No,No,No,No,No,No,No,No,One year,No,Credit card (automatic),20.55,1013.05,No,0.0324,0,Low,2026-08-01
2276-YDAVZ,Female,No,No,No,3,Yes,Yes,Fiber optic,No,No,No,No,No,No,Month-to-month,Yes,Credit card (automatic),75.1,270.7,Yes,0.8359,1,High,2026-08-01
2682-KEVRP,Female,Yes,No,No,22,Yes,No,No,No,No,No,No,No,No,One year,Yes,Mailed check,20.05,417.0,No,0.1803,0,Low,2025-10-01
2480-JZOSN,Female,No,Yes,No,1,Yes,No,No,No,No,No,No,No,No,Month-to-month,Yes,Mailed check,20.65,20.65,No,0.4733,0,Medium,2025-12-01
0078-XZMHT,Male,No,Yes,No,72,Yes,Yes,DSL,No,Yes,Yes,Yes,Yes,Yes,Two year,Yes,Bank transfer (automatic),85.15,6316.2,No,0.0739,0,Low,2026-05-01
5896-NPFWW,Male,No,Yes,Yes,3,Yes,No,DSL,No,No,Yes,No,No,No,Month-to-month,Yes,Electronic check,50.15,168.15,Yes,0.6752,0,High,2026-04-01
9978-HYCIN,Male,Yes,Yes,Yes,47,Yes,No,Fiber optic,No,Yes,No,No,Yes,No,One year,Yes,Bank transfer (automatic),84.95,4018.05,No,0.3572,0,Medium,2025-09-01
8338-QIUNR,Male,No,Yes,Yes,72,Yes,Yes,DSL,Yes,No,Yes,Yes,No,No,Two year,Yes,Credit card (automatic),66.5,4811.6,No,0.0219,0,Low,2025-10-01
1525-LNLOJ,Male,No,Yes,Yes,66,Yes,Yes,DSL,No,No,Yes,No,Yes,No,Two year,Yes,Bank transfer (automatic),63.3,4189.7,No,0.0667,0,Low,2026-03-01
9450-TRJUU,Male,No,No,No,35,Yes,Yes,Fiber optic,No,No,No,No,Yes,No,Month-to-month,No,Electronic check,83.15,2848.45,No,0.7112,0,High,2026-04-01
1766-GKNMI,Male,No,No,No,29,Yes,Yes,Fiber optic,No,No,No,No,No,Yes,Month-to-month,Yes,Electronic check,84.9,2516.2,No,0.8253,1,High,2025-11-01
6942-LBFDP,Female,No,No,No,2,Yes,No,No,No,No,No,No,No,No,Month-to-month,Yes,Mailed check,20.55,33.6,No,0.4652,0,Medium,2025-11-01
1456-TWCGB,Male,No,No,No,4,Yes,No,DSL,No,Yes,No,No,No,No,Month-to-month,No,Mailed check,49.25,208.45,No,0.5324,0,Medium,2025-10-01
7133-VBDCG,Female,No,No,No,25,Yes,No,Fiber optic,Yes,Yes,No,No,No,No,Month-to-month,Yes,Bank transfer (automatic),79.85,2015.35,Yes,0.5321,0,Medium,2026-03-01
7596-ZYWBB,Female,No,No,No,65,Yes,No,DSL,Yes,Yes,No,Yes,No,No,Two year,Yes,Mailed check,59.6,3739.8,No,0.0226,0,Low,2025-09-01
8329-UTMVM,Male,Yes,No,No,27,Yes,Yes,Fiber optic,No,Yes,No,Yes,Yes,Yes,One year,Yes,Bank transfer (automatic),104.65,2964.0,No,0.6165,0,High,2026-03-01
3014-WJKSM,Male,No,Yes,No,29,Yes,No,Fiber optic,No,No,Yes,No,No,No,Month-to-month,Yes,Credit card (automatic),75.3,2263.4,No,0.6404,0,High,2026-02-01
3347-YJZZE,Male,No,Yes,Yes,29,Yes,Yes,DSL,No,Yes,Yes,No,Yes,Yes,Month-to-month,No,Credit card (automatic),80.1,2211.8,No,0.4293,0,Medium,2026-02-01
1029-QFBEN,Male,No,No,No,1,Yes,No,No,No,No,No,No,No,No,Month-to-month,No,Mailed check,19.55,19.55,Yes,0.3918,0,Medium,2026-05-01
7929-DMBCV,Female,No,Yes,No,20,Yes,No,Fiber optic,No,No,Yes,Yes,No,No,Month-to-month,Yes,Mailed check,81.0,1683.7,No,0.6263,0,High,2026-03-01
9661-JALZV,Female,No,No,No,58,Yes,Yes,No,No,No,No,No,No,No,Two year,Yes,Credit card (automatic),24.7,1519.0,No,0.0262,0,Low,2026-05-01
5433-KYGHE,Female,No,No,Yes,14,Yes,Yes,Fiber optic,Yes,No,No,Yes,No,No,Month-to-month,Yes,Mailed check,86.0,1164.05,No,0.5755,0,Medium,2026-06-01
4312-KFRXN,Male,No,Yes,No,72,Yes,Yes,No,No,No,No,No,No,No,Two year,No,Mailed check,25.4,1710.9,No,0.0103,0,Low,2026-08-01
5575-TPIZQ,Male,No,No,No,46,Yes,Yes,Fiber optic,Yes,No,No,No,Yes,No,Month-to-month,Yes,Credit card (automatic),89.15,4245.55,No,0.5654,0,Medium,2026-06-01
0114-IGABW,Female,No,Yes,No,71,No,No,DSL,No,Yes,Yes,Yes,Yes,Yes,Two year,No,Bank transfer (automatic),58.25,4145.9,No,0.0423,0,Low,2026-03-01
9944-AEXBM,Male,No,No,No,32,Yes,Yes,Fiber optic,No,No,No,No,No,Yes,Month-to-month,Yes,Bank transfer (automatic),85.65,2664.3,No,0.7436,0,High,2026-02-01
1853-ARAAQ,Female,No,No,No,26,No,No,DSL,No,No,Yes,No,Yes,Yes,Month-to-month,Yes,Credit card (automatic),50.35,1277.5,No,0.6561,0,High,2025-11-01
6952-OMNWB,Male,Yes,Yes,No,68,Yes,Yes,Fiber optic,No,No,Yes,No,No,No,Month-to-month,Yes,Credit card (automatic),80.35,5589.3,No,0.4757,0,Medium,2026-04-01
4697-LUPSU,Male,No,Yes,Yes,2,Yes,No,No,No,No,No,No,No,No,One year,No,Mailed check,20.2,34.75,No,0.19,0,Low,2025-10-01
8434-VGEQQ,Male,No,Yes,Yes,61,Yes,No,No,No,No,No,No,No,No,Two year,No,Credit card (automatic),20.55,1305.95,No,0.0096,0,Low,2026-08-01
4952-YSOGZ,Female,No,Yes,Yes,4,Yes,Yes,Fiber optic,No,No,No,No,No,Yes,Month-to-month,Yes,Electronic check,85.95,381.3,Yes,0.8789,1,High,2026-07-01
1589-AGTLK,Male,No,No,No,3,Yes,No,DSL,No,No,No,No,No,No,Month-to-month,Yes,Electronic check,45.35,141.5,Yes,0.7347,0,High,2025-10-01
5244-IRFIH,Male,Yes,Yes,No,33,Yes,Yes,Fiber optic,No,No,No,No,Yes,Yes,Month-to-month,Yes,Electronic check,94.5,3105.55,Yes,0.8659,1,High,2026-06-01
6549-YMFAW,Male,Yes,Yes,No,9,Yes,No,No,No,No,No,No,No,No,Month-to-month,Yes,Mailed check,21.25,204.55,No,0.4414,0,Medium,2025-10-01
4950-HKQTE,Female,No,No,No,22,Yes,Yes,No,No,No,No,No,No,No,Two year,No,Mailed check,26.25,605.9,No,0.0783,0,Low,2026-05-01
6786-OBWQR,Female,No,Yes,Yes,5,Yes,No,Fiber optic,No,No,No,No,Yes,No,Month-to-month,Yes,Electronic check,80.85,356.1,No,0.8348,1,High,2025-10-01
2684-EIWEO,Female,Yes,No,No,30,Yes,Yes,Fiber optic,Yes,Yes,Yes,No,No,No,Month-to-month,No,Credit card (automatic),91.7,2758.15,Yes,0.5101,0,Medium,2026-02-01
2753-JMMCV,Male,No,No,No,65,Yes,Yes,DSL,No,Yes,Yes,Yes,No,Yes,Two year,Yes,Credit card (automatic),74.2,4805.65,No,0.064,0,Low,2026-04-01
6439-GTPCA,Female,No,No,No,45,Yes,Yes,Fiber optic,No,No,Yes,Yes,No,No,Month-to-month,Yes,Electronic check,87.25,3941.7,Yes,0.5926,0,Medium,2026-05-01
6621-YOBKI,Male,No,No,No,5,Yes,No,No,No,No,No,No,No,No,Month-to-month,No,Mailed check,20.35,92.75,No,0.3495,0,Medium,2026-02-01
1216-JWVUX,Male,No,Yes,Yes,25,Yes,No,Fiber optic,No,Yes,No,No,No,No,Month-to-month,Yes,Electronic check,75.5,1901.05,No,0.6646,0,High,2026-08-01
7564-GHCVB,Female,No,Yes,Yes,72,Yes,Yes,Fiber optic,Yes,No,No,No,No,No,Two year,No,Bank transfer (automatic),79.05,5730.7,No,0.0571,0,Low,2026-06-01
1173-NOEYG,Female,No,Yes,No,27,Yes,Yes,Fiber optic,No,No,Yes,No,No,Yes,Month-to-month,No,Bank transfer (automatic),90.15,2423.4,No,0.6884,0,High,2025-11-01
7595-EHCDL,Male,No,Yes,Yes,32,No,No,DSL,No,No,Yes,No,Yes,Yes,Month-to-month,No,Credit card (automatic),50.6,1653.45,No,0.4623,0,Medium,2026-05-01
6647-ZEDXT,Female,No,No,No,30,Yes,Yes,Fiber optic,No,Yes,Yes,Yes,Yes,Yes,One year,No,Credit card (automatic),110.45,3327.05,No,0.4437,0,Medium,2026-05-01
2521-NPUZR,Male,No,Yes,No,70,Yes,No,Fiber optic,Yes,Yes,Yes,Yes,No,Yes,Two year,No,Credit card (automatic),101.0,7085.5,No,0.0608,0,Low,2026-01-01
1307-TVUFB,Male,Yes,No,No,42,Yes,Yes,Fiber optic,No,Yes,No,No,No,No,Month-to-month,Yes,Bank transfer (automatic),79.35,3344.1,No,0.6238,0,High,2026-05-01
7503-MIOGA,Female,Yes,Yes,No,72,Yes,Yes,DSL,Yes,Yes,Yes,Yes,Yes,Yes,Two year,Yes,Bank transfer (automatic),89.85,6697.35,No,0.0631,0,Low,2026-07-01
4381-MHQDC,Female,No,No,No,47,Yes,Yes,DSL,Yes,No,Yes,Yes,No,No,Two year,Yes,Mailed check,65.0,2879.9,No,0.0592,0,Low,2026-06-01
6923-JHPMP,Female,No,No,No,2,Yes,No,Fiber optic,Yes,No,Yes,No,No,No,Month-to-month,Yes,Electronic check,80.45,137.1,No,0.7833,0,High,2026-06-01
5138-WVKYJ,Male,No,No,No,10,Yes,Yes,Fiber optic,Yes,No,No,No,Yes,Yes,Month-to-month,No,Electronic check,98.55,1008.55,Yes,0.8164,1,High,2026-04-01
4018-PPNDW,Female,No,Yes,Yes,61,Yes,Yes,No,No,No,No,No,No,No,Two year,Yes,Mailed check,24.1,1551.6,No,0.0192,0,Low,2025-12-01
1635-FJFCC,Female,No,No,No,5,Yes,No,DSL,No,No,No,No,No,No,Month-to-month,Yes,Credit card (automatic),44.05,202.15,No,0.6397,0,High,2026-06-01
2499-AJYUA,Female,Yes,Yes,No,72,Yes,Yes,Fiber optic,No,Yes,Yes,Yes,Yes,Yes,Two year,Yes,Credit card (automatic),110.8,7882.25,No,0.2211,0,Low,2026-01-01
6919-ELBGL,Male,Yes,Yes,Yes,72,Yes,Yes,Fiber optic,Yes,Yes,Yes,Yes,Yes,Yes,Two year,Yes,Bank transfer (automatic),114.95,8196.4,No,0.1371,0,Low,2026-03-01
3966-HRMZA,Female,Yes,No,No,3,Yes,No,Fiber optic,No,No,Yes,No,No,No,Month-to-month,No,Mailed check,75.05,202.9,No,0.7695,0,High,2025-12-01
6425-JWTDV,Male,No,Yes,No,48,Yes,No,No,No,No,No,No,No,No,Two year,No,Mailed check,19.25,855.1,No,0.0213,0,Low,2025-12-01
8405-IGQFX,Female,No,No,No,63,Yes,No,Fiber optic,No,No,Yes,Yes,Yes,No,One year,Yes,Credit card (automatic),90.05,5817.0,No,0.2405,0,Low,2025-10-01
8224-IVVPA,Female,No,No,No,27,Yes,No,DSL,Yes,Yes,No,No,No,No,Month-to-month,Yes,Mailed check,56.7,1652.95,No,0.323,0,Medium,2026-08-01
9477-LGWQI,Male,No,Yes,Yes,70,Yes,No,DSL,Yes,Yes,Yes,No,Yes,Yes,Two year,Yes,Credit card (automatic),80.15,5600.15,No,0.0433,0,Low,2025-10-01
1410-RSCMR,Male,No,Yes,Yes,7,Yes,No,DSL,Yes,No,Yes,Yes,No,Yes,Month-to-month,Yes,Credit card (automatic),71.35,515.75,No,0.4256,0,Medium,2025-10-01
3115-CZMZD,Male,No,No,Yes,0,Yes,No,No,No,No,No,No,No,No,Two year,No,Mailed check,20.25,0.0,No,0.1208,0,Low,2026-08-01
0139-IVFJG,Female,No,Yes,No,2,Yes,No,Fiber optic,Yes,Yes,No,No,Yes,No,Month-to-month,No,Electronic check,90.35,190.5,No,0.7237,0,High,2026-03-01
6683-VLCTZ,Male,Yes,No,No,20,Yes,Yes,Fiber optic,No,No,Yes,No,Yes,Yes,Month-to-month,Yes,Electronic check,98.55,1842.8,Yes,0.8967,1,High,2026-02-01
5730-DBDSI,Male,No,No,No,66,Yes,No,No,No,No,No,No,No,No,Two year,No,Bank transfer (automatic),19.7,1253.8,No,0.0095,0,Low,2026-05-01
0030-FNXPP,Female,No,No,No,3,Yes,No,No,No,No,No,No,No,No,Month-to-month,No,Mailed check,19.85,57.2,No,0.3663,0,Medium,2026-01-01
2189-WWOEW,Female,No,No,Yes,15,Yes,No,Fiber optic,No,Yes,No,No,No,Yes,Month-to-month,Yes,Bank transfer (automatic),85.9,1269.55,Yes,0.7102,0,High,2025-10-01
5684-FJVYR,Female,No,Yes,Yes,72,Yes,Yes,Fiber optic,Yes,Yes,No,Yes,No,No,Two year,Yes,Bank transfer (automatic),90.35,6563.4,No,0.0564,0,Low,2026-05-01
4013-GUXND,Male,No,No,No,1,Yes,No,No,No,No,No,No,No,No,Month-to-month,No,Mailed check,20.8,20.8,No,0.3885,0,Medium,2025-11-01
1894-IGFSG,Female,No,No,No,22,Yes,No,Fiber optic,No,No,No,No,Yes,Yes,Month-to-month,No,Electronic check,89.25,1907.85,Yes,0.7886,0,High,2026-03-01
7379-POKDZ,Male,No,Yes,No,3,Yes,No,Fiber optic,No,No,No,No,No,No,Month-to-month,Yes,Electronic check,70.3,208.85,Yes,0.8527,1,High,2026-08-01
1266-NZYUI,Female,No,Yes,Yes,72,Yes,Yes,DSL,Yes,No,Yes,Yes,No,No,Two year,No,Bank transfer (automatic),66.85,4758.8,No,0.0145,0,Low,2026-08-01
7969-FFOWG,Male,No,Yes,Yes,65,Yes,No,No,No,No,No,No,No,No,Two year,No,Mailed check,19.9,1292.6,No,0.0084,0,Low,2026-01-01
4718-DHSMV,Female,No,No,No,11,No,No,DSL,No,No,No,No,Yes,No,Month-to-month,Yes,Mailed check,35.8,363.15,No,0.7272,0,High,2026-06-01
5175-WLYXL,Male,No,No,No,22,Yes,Yes,Fiber optic,No,Yes,No,No,No,No,Month-to-month,Yes,Mailed check,78.85,1600.25,No,0.7167,0,High,2026-04-01
7817-OMJNA,Male,No,No,No,14,Yes,No,No,No,No,No,No,No,No,One year,No,Bank transfer (automatic),20.4,275.7,No,0.1436,0,Low,2026-02-01
8728-SKJLR,Male,No,No,No,41,Yes,No,Fiber optic,No,No,No,Yes,No,No,Month-to-month,Yes,Electronic check,74.25,3089.1,No,0.5637,0,Medium,2025-10-01
3137-NYQQI,Male,No,Yes,No,17,Yes,No,DSL,Yes,Yes,No,No,No,Yes,One year,No,Mailed check,64.8,1175.6,No,0.2363,0,Low,2026-01-01
7706-DZNKK,Male,No,No,No,11,Yes,No,No,No,No,No,No,No,No,Month-to-month,Yes,Credit card (automatic),20.45,237.3,No,0.3664,0,Medium,2026-04-01
0236-HFWSV,Male,No,No,No,15,Yes,Yes,Fiber optic,No,No,No,No,Yes,Yes,Month-to-month,Yes,Electronic check,93.35,1444.65,Yes,0.8974,1,High,2026-08-01
3900-AQPHZ,Female,No,No,No,1,Yes,No,No,No,No,No,No,No,No,Month-to-month,No,Mailed check,19.9,19.9,Yes,0.3864,0,Medium,2025-09-01
5842-POCOP,Female,No,Yes,No,5,Yes,No,Fiber optic,Yes,No,Yes,No,No,Yes,Month-to-month,Yes,Mailed check,88.9,454.15,Yes,0.7645,0,High,2026-05-01
2037-XJFUP,Male,No,Yes,No,33,Yes,No,Fiber optic,No,No,Yes,No,Yes,Yes,One year,Yes,Electronic check,95.8,3036.75,Yes,0.6554,0,High,2026-07-01
8823-RLPWL,Female,No,Yes,No,72,Yes,Yes,Fiber optic,Yes,Yes,Yes,No,Yes,Yes,Two year,Yes,Credit card (automatic),110.65,8065.65,No,0.1865,0,Low,2026-08-01
9505-SQFSW,Female,No,Yes,Yes,3,No,No,DSL,No,Yes,No,No,No,Yes,Month-to-month,No,Mailed check,40.3,92.5,No,0.644,0,High,2026-02-01
7314-OXENN,Male,No,No,No,2,Yes,Yes,Fiber optic,No,Yes,No,No,No,No,Month-to-month,Yes,Electronic check,82.0,184.65,Yes,0.8616,1,High,2025-10-01
3758-CKOQL,Female,No,Yes,No,59,Yes,Yes,Fiber optic,Yes,Yes,Yes,Yes,No,Yes,One year,Yes,Credit card (automatic),107.0,6152.3,No,0.2263,0,Low,2025-12-01
0322-CHQRU,Male,No,No,No,2,Yes,No,DSL,No,No,No,No,No,No,Month-to-month,No,Electronic check,45.35,89.5,Yes,0.6636,0,High,2026-07-01
5676-CFLYY,Male,No,Yes,Yes,71,Yes,No,DSL,No,Yes,No,Yes,Yes,Yes,Two year,Yes,Credit card (automatic),73.35,5154.5,No,0.0428,0,Low,2026-07-01
7521-AFHAB,Female,No,Yes,Yes,5,Yes,No,DSL,No,No,No,No,No,No,Month-to-month,No,Mailed check,44.8,220.45,No,0.501,0,Medium,2026-04-01
0285-INHLN,Male,No,Yes,Yes,27,Yes,No,DSL,Yes,Yes,No,No,No,No,Month-to-month,Yes,Credit card (automatic),54.75,1510.3,No,0.2649,0,Low,2025-10-01
4678-DVQEO,Female,No,No,No,1,Yes,No,DSL,No,No,No,Yes,No,No,Month-to-month,Yes,Electronic check,52.2,52.2,Yes,0.6629,0,High,2025-10-01
5125-CNDSP,Male,No,No,Yes,63,No,No,DSL,Yes,Yes,No,Yes,No,No,One year,Yes,Bank transfer (automatic),40.6,2588.95,No,0.0415,0,Low,2026-02-01
0691-IFBQW,Female,Yes,No,No,46,Yes,Yes,Fiber optic,Yes,Yes,Yes,No,Yes,Yes,One year,Yes,Electronic check,110.0,4874.8,Yes,0.5601,0,Medium,2026-04-01
4992-LTJNE,Male,No,Yes,Yes,72,Yes,Yes,DSL,Yes,No,No,No,No,No,Two year,No,Bank transfer (automatic),55.3,3983.6,No,0.0193,0,Low,2025-09-01
2202-OUTMO,Female,No,Yes,No,34,Yes,Yes,DSL,Yes,No,No,Yes,No,No,Month-to-month,Yes,Bank transfer (automatic),60.85,2003.6,No,0.264,0,Low,2026-05-01
0810-BDHAW,Female,No,Yes,Yes,24,Yes,Yes,DSL,Yes,Yes,No,No,Yes,Yes,One year,No,Electronic check,78.4,1832.4,No,0.2941,0,Low,2026-03-01
0229-LFJAF,Male,No,No,No,72,Yes,Yes,DSL,Yes,Yes,Yes,Yes,No,No,Two year,No,Bank transfer (automatic),69.65,4908.25,No,0.0165,0,Low,2025-09-01
7131-ZQZNK,Female,No,Yes,Yes,60,No,No,DSL,Yes,No,Yes,Yes,Yes,Yes,Two year,No,Credit card (automatic),59.85,3590.2,No,0.0387,0,Low,2025-10-01
3442-ZHHCC,Male,No,No,No,68,Yes,Yes,DSL,Yes,Yes,Yes,No,No,Yes,One year,Yes,Credit card (automatic),76.9,5023.0,No,0.0968,0,Low,2026-02-01
5726-CVNYA,Female,No,Yes,Yes,8,Yes,No,No,No,No,No,No,No,No,Two year,Yes,Mailed check,19.85,146.6,No,0.1213,0,Low,2026-05-01
9871-ELEYA,Female,No,No,Yes,34,Yes,No,DSL,Yes,No,Yes,Yes,Yes,No,Two year,No,Credit card (automatic),67.65,2339.3,No,0.05,0,Low,2026-06-01
4257-GAESD,Female,No,No,No,6,No,No,DSL,No,No,No,No,Yes,Yes,Month-to-month,No,Credit card (automatic),45.0,298.7,No,0.7416,0,High,2026-02-01
5173-WXOQV,Male,No,Yes,No,2,Yes,No,DSL,No,Yes,No,Yes,No,Yes,Month-to-month,Yes,Mailed check,64.2,143.65,No,0.6138,0,High,2025-12-01
2040-OBMLJ,Male,No,No,No,31,Yes,Yes,Fiber optic,No,No,No,Yes,No,No,One year,No,Credit card (automatic),81.7,2548.65,No,0.3427,0,Medium,2026-08-01
6286-ZHAOK,Female,No,Yes,Yes,20,Yes,Yes,No,No,No,No,No,No,No,Month-to-month,Yes,Bank transfer (automatic),25.55,507.4,No,0.2767,0,Low,2026-02-01
3807-XHCJH,Female,No,Yes,Yes,1,Yes,No,No,No,No,No,No,No,No,Month-to-month,No,Electronic check,20.0,20.0,No,0.403,0,Medium,2025-12-01
3009-JWMPU,Male,No,No,No,62,Yes,Yes,Fiber optic,No,No,Yes,No,Yes,Yes,One year,Yes,Electronic check,96.75,6125.4,Yes,0.5617,0,Medium,2026-02-01
5671-RQRLP,Female,Yes,Yes,No,70,Yes,Yes,Fiber optic,No,No,No,No,No,No,Two year,Yes,Credit card (automatic),75.65,5411.4,No,0.1751,0,Low,2025-09-01
1450-GALXR,Female,No,No,No,10,Yes,Yes,Fiber optic,No,No,No,Yes,Yes,Yes,Month-to-month,Yes,Electronic check,98.5,1058.25,Yes,0.8721,1,High,2025-12-01
8859-AXJZP,Male,No,Yes,Yes,39,Yes,Yes,No,No,No,No,No,No,No,Two year,Yes,Mailed check,23.8,903.8,No,0.0465,0,Low,2026-03-01
3174-AKMAS,Female,No,Yes,No,46,Yes,No,DSL,No,Yes,No,Yes,Yes,No,Two year,Yes,Credit card (automatic),64.2,3009.5,No,0.0776,0,Low,2026-08-01
3138-BKYAV,Male,No,No,No,6,Yes,No,Fiber optic,No,Yes,No,No,Yes,No,Month-to-month,Yes,Electronic check,85.35,489.45,Yes,0.8433,1,High,2026-05-01
9926-PJHDQ,Female,No,Yes,Yes,72,Yes,Yes,DSL,No,No,Yes,No,Yes,Yes,Two year,Yes,Bank transfer (automatic),76.8,5468.45,No,0.0814,0,Low,2026-06-01
7382-DFJTU,Male,No,No,No,18,Yes,No,DSL,No,No,Yes,Yes,No,No,Month-to-month,No,Credit card (automatic),55.2,1058.1,No,0.3434,0,Medium,2026-03-01
2798-NYLMZ,Male,No,Yes,No,71,Yes,Yes,Fiber optic,Yes,No,Yes,Yes,Yes,Yes,Two year,Yes,Credit card (automatic),108.55,7616.0,No,0.1573,0,Low,2025-10-01
4289-DTDKW,Male,No,Yes,No,40,Yes,Yes,Fiber optic,No,Yes,No,No,Yes,Yes,Month-to-month,Yes,Electronic check,101.3,4113.1,Yes,0.7961,0,High,2026-01-01
1820-TQVEV,Male,No,No,No,1,Yes,No,Fiber optic,No,No,No,No,No,No,Month-to-month,Yes,Electronic check,69.55,69.55,Yes,0.8628,1,High,2026-08-01
2239-JALAW,Male,No,No,No,58,Yes,Yes,Fiber optic,No,Yes,Yes,No,Yes,Yes,One year,Yes,Bank transfer (automatic),103.25,6017.65,Yes,0.4603,0,Medium,2025-09-01
4853-RULSV,Male,No,No,No,70,Yes,Yes,Fiber optic,Yes,No,No,Yes,Yes,Yes,Two year,Yes,Credit card (automatic),104.0,7250.15,Yes,0.1607,0,Low,2026-07-01
8098-TDCBU,Female,No,Yes,No,42,Yes,Yes,No,No,No,No,No,No,No,Two year,No,Electronic check,25.25,1108.2,No,0.0481,0,Low,2026-05-01
3551-GAEGL,Male,No,Yes,Yes,34,No,No,DSL,Yes,No,No,No,No,No,One year,No,Bank transfer (automatic),30.4,938.65,No,0.1231,0,Low,2025-12-01
4785-NKHCX,Male,Yes,No,No,5,Yes,No,No,No,No,No,No,No,No,Month-to-month,No,Bank transfer (automatic),20.05,94.15,No,0.3816,0,Medium,2026-06-01
3196-NVXLZ,Female,No,No,No,25,Yes,Yes,Fiber optic,No,No,No,No,Yes,No,Month-to-month,Yes,Mailed check,84.6,2088.05,No,0.7741,0,High,2026-07-01
6275-YDUVO,Female,No,No,No,2,Yes,No,Fiber optic,No,No,Yes,No,No,Yes,Month-to-month,Yes,Mailed check,86.2,178.7,Yes,0.8429,1,High,2025-09-01
0036-IHMOT,Female,No,Yes,Yes,55,Yes,No,Fiber optic,No,Yes,Yes,Yes,Yes,Yes,One year,Yes,Bank transfer (automatic),103.7,5656.75,No,0.2764,0,Low,2025-10-01
0115-TFERT,Male,No,Yes,No,21,Yes,Yes,Fiber optic,No,Yes,Yes,Yes,Yes,Yes,Month-to-month,Yes,Electronic check,111.2,2317.1,Yes,0.8059,1,High,2026-04-01
4178-EGMON,Male,No,Yes,No,70,Yes,Yes,Fiber optic,Yes,Yes,No,Yes,No,No,Two year,Yes,Credit card (automatic),88.0,5986.45,No,0.0713,0,Low,2026-08-01
4220-TINQT,Female,No,Yes,No,61,Yes,Yes,Fiber optic,No,No,Yes,Yes,Yes,Yes,Month-to-month,Yes,Electronic check,106.35,6751.35,No,0.6675,0,High,2025-09-01
5318-YKDPV,Male,No,Yes,Yes,43,Yes,No,DSL,Yes,No,Yes,Yes,Yes,Yes,Two year,Yes,Credit card (automatic),79.15,3566.6,No,0.0787,0,Low,2026-04-01
7975-TZMLR,Male,No,No,No,47,Yes,Yes,Fiber optic,No,Yes,Yes,No,Yes,Yes,One year,Yes,Electronic check,103.1,4889.3,No,0.6176,0,High,2025-10-01
0295-QVKPB,Male,No,No,No,5,Yes,No,DSL,No,No,Yes,Yes,Yes,No,Month-to-month,Yes,Credit card (automatic),63.95,318.1,No,0.5906,0,Medium,2026-04-01
4335-BSMJS,Female,No,No,No,62,Yes,Yes,No,No,No,No,No,No,No,Two year,Yes,Credit card (automatic),25.8,1563.95,No,0.0217,0,Low,2026-04-01
2311-QYMUQ,Female,No,Yes,Yes,16,Yes,No,Fiber optic,No,Yes,Yes,No,Yes,No,Month-to-month,Yes,Credit card (automatic),89.45,1430.25,Yes,0.6814,0,High,2025-10-01
3643-AHCFP,Male,Yes,Yes,No,7,Yes,Yes,Fiber optic,No,No,No,No,Yes,Yes,Month-to-month,Yes,Bank transfer (automatic),95.6,644.35,Yes,0.8961,1,High,2026-05-01
9146-JRIOX,Female,No,Yes,Yes,14,Yes,Yes,No,No,No,No,No,No,No,Month-to-month,No,Mailed check,25.55,372.45,No,0.2647,0,Low,2026-07-01
3104-OWCGK,Male,No,Yes,Yes,60,Yes,No,Fiber optic,No,Yes,Yes,No,Yes,No,One year,No,Electronic check,90.95,5453.4,Yes,0.2417,0,Low,2026-07-01
5337-IIWKZ,Male,No,Yes,Yes,34,No,No,DSL,No,No,Yes,Yes,Yes,No,Month-to-month,Yes,Electronic check,44.85,1442.6,No,0.4515,0,Medium,2025-09-01
9101-BWFSS,Female,No,Yes,No,50,Yes,Yes,Fiber optic,Yes,Yes,No,Yes,Yes,Yes,One year,No,Electronic check,108.55,5610.7,Yes,0.3387,0,Medium,2025-11-01
9650-VBUOG,Male,No,Yes,Yes,38,Yes,Yes,No,No,No,No,No,No,No,Two year,No,Credit card (automatic),25.05,963.95,No,0.0324,0,Low,2025-11-01
3487-EARAT,Female,No,Yes,Yes,70,Yes,No,DSL,Yes,Yes,Yes,Yes,No,Yes,One year,No,Credit card (automatic),74.1,5222.3,No,0.0297,0,Low,2026-02-01
2672-TGEFF,Female,No,Yes,Yes,37,Yes,Yes,Fiber optic,No,Yes,No,No,Yes,No,Month-to-month,Yes,Electronic check,88.8,3340.55,No,0.6991,0,High,2025-10-01
9231-ZJYAM,Female,Yes,No,No,4,Yes,No,Fiber optic,No,No,No,No,Yes,No,Month-to-month,Yes,Electronic check,78.85,292.8,Yes,0.892,1,High,2026-07-01
4250-WAROZ,Male,Yes,Yes,Yes,60,Yes,Yes,Fiber optic,Yes,Yes,No,No,No,Yes,Month-to-month,Yes,Electronic check,93.25,5774.55,No,0.5441,0,Medium,2026-06-01
8184-WMOFI,Male,No,Yes,Yes,62,Yes,No,DSL,Yes,No,Yes,Yes,No,Yes,One year,No,Credit card (automatic),71.4,4487.3,No,0.0433,0,Low,2026-06-01
6982-SSHFK,Male,No,No,No,1,Yes,No,DSL,No,No,No,No,No,No,Month-to-month,No,Mailed check,44.4,44.4,Yes,0.6026,0,High,2025-11-01
6092-QZVPP,Male,No,No,No,36,Yes,No,DSL,Yes,No,Yes,Yes,Yes,Yes,Month-to-month,Yes,Credit card (automatic),79.2,2854.95,No,0.3319,0,Medium,2025-09-01
4625-LAMOB,Male,No,No,No,44,Yes,No,No,No,No,No,No,No,No,Two year,No,Credit card (automatic),20.4,905.55,No,0.0246,0,Low,2026-07-01
0727-BMPLR,Female,Yes,No,No,55,Yes,Yes,Fiber optic,No,No,Yes,No,Yes,Yes,One year,Yes,Electronic check,100.0,5509.3,Yes,0.6413,0,High,2025-12-01
0392-BZIUW,Female,No,Yes,No,72,Yes,Yes,Fiber optic,Yes,No,Yes,No,Yes,Yes,Two year,Yes,Credit card (automatic),105.0,7589.8,No,0.1995,0,Low,2026-04-01
1038-ZAGBI,Female,No,Yes,Yes,12,Yes,No,No,No,No,No,No,No,No,One year,No,Bank transfer (automatic),19.8,229.6,Yes,0.1242,0,Low,2026-07-01
6549-NNDYT,Female,No,No,No,13,No,No,DSL,Yes,No,No,No,No,No,Month-to-month,Yes,Bank transfer (automatic),30.85,394.1,No,0.5536,0,Medium,2025-09-01
3027-ZTDHO,Male,No,No,No,1,Yes,No,Fiber optic,No,No,No,No,Yes,Yes,Month-to-month,Yes,Electronic check,89.9,89.9,Yes,0.9076,1,High,2025-09-01
0422-OHQHQ,Female,No,Yes,Yes,15,Yes,No,No,No,No,No,No,No,No,One year,No,Mailed check,20.55,295.95,No,0.1164,0,Low,2025-09-01
6916-HIJSE,Female,No,No,No,65,Yes,No,DSL,Yes,Yes,Yes,Yes,Yes,Yes,Two year,Yes,Bank transfer (automatic),84.85,5459.2,No,0.045,0,Low,2025-10-01
2316-ESMLS,Female,No,Yes,Yes,12,No,No,DSL,Yes,No,No,Yes,No,No,One year,No,Credit card (automatic),33.15,444.75,No,0.1987,0,Low,2025-09-01
9778-OGKQZ,Male,No,Yes,No,72,Yes,Yes,DSL,Yes,Yes,Yes,Yes,Yes,Yes,Two year,Yes,Credit card (automatic),92.0,6782.15,No,0.0537,0,Low,2026-06-01
7408-OFWXJ,Female,No,Yes,Yes,72,Yes,Yes,DSL,Yes,Yes,Yes,Yes,Yes,Yes,Two year,No,Credit card (automatic),89.8,6510.45,No,0.0285,0,Low,2026-04-01
6007-TCTST,Female,No,Yes,Yes,72,Yes,Yes,Fiber optic,Yes,Yes,Yes,Yes,Yes,Yes,Two year,Yes,Bank transfer (automatic),115.8,8476.5,No,0.1192,0,Low,2026-08-01
2252-NKNSI,Male,No,No,Yes,52,Yes,Yes,DSL,Yes,Yes,No,Yes,Yes,Yes,Two year,Yes,Mailed check,85.15,4461.85,No,0.073,0,Low,2026-06-01
8713-IGZSO,Male,No,No,No,2,Yes,Yes,No,No,No,No,No,No,No,Month-to-month,No,Mailed check,24.85,62.0,No,0.4357,0,Medium,2026-08-01
7905-TVXTA,Female,No,No,No,5,Yes,No,DSL,Yes,No,No,Yes,Yes,No,Month-to-month,Yes,Electronic check,64.35,352.65,No,0.5812,0,Medium,2025-11-01
7695-PKLCZ,Female,No,No,No,68,Yes,No,No,No,No,No,No,No,No,Two year,No,Credit card (automatic),20.5,1424.9,No,0.0089,0,Low,2025-12-01
2382-BCKQJ,Female,No,No,Yes,62,Yes,Yes,Fiber optic,No,No,Yes,No,Yes,Yes,One year,Yes,Electronic check,100.15,6413.65,Yes,0.5068,0,Medium,2026-07-01
8374-UULRV,Male,No,No,No,72,Yes,Yes,DSL,Yes,Yes,No,Yes,Yes,Yes,Two year,No,Credit card (automatic),86.05,6309.65,No,0.0365,0,Low,2025-11-01
2207-NHRJK,Male,No,No,No,1,Yes,No,DSL,No,Yes,No,No,No,No,Month-to-month,No,Electronic check,50.8,50.8,Yes,0.6293,0,High,2025-09-01
3224-DFQNQ,Female,No,Yes,No,66,Yes,Yes,Fiber optic,Yes,Yes,No,Yes,No,No,One year,No,Electronic check,89.0,5898.6,No,0.1406,0,Low,2026-05-01
5275-PMFUT,Male,No,Yes,Yes,72,No,No,DSL,Yes,Yes,Yes,Yes,Yes,Yes,Two year,Yes,Credit card (automatic),64.8,4719.75,No,0.0351,0,Low,2026-06-01
4795-UXVCJ,Male,No,No,No,26,Yes,No,No,No,No,No,No,No,No,One year,No,Credit card (automatic),19.8,457.3,No,0.0917,0,Low,2026-08-01
9777-IQHWP,Male,No,Yes,Yes,64,Yes,Yes,Fiber optic,Yes,No,Yes,No,No,Yes,Two year,No,Bank transfer (automatic),93.4,5822.3,No,0.1027,0,Low,2026-08-01
0947-MUGVO,Male,Yes,Yes,No,20,Yes,No,Fiber optic,No,Yes,No,No,No,No,Month-to-month,Yes,Electronic check,73.65,1463.5,Yes,0.7802,0,High,2025-10-01
9944-HKVVB,Female,No,No,No,3,Yes,No,Fiber optic,No,Yes,No,No,Yes,Yes,Month-to-month,Yes,Electronic check,95.1,307.4,Yes,0.8844,1,High,2026-06-01
4124-MMETB,Male,No,No,No,22,Yes,Yes,Fiber optic,No,No,No,No,Yes,Yes,Month-to-month,Yes,Credit card (automatic),94.65,2104.55,Yes,0.8338,1,High,2026-07-01
3671-SHRSP,Male,No,Yes,No,4,Yes,No,Fiber optic,No,No,Yes,Yes,No,No,Month-to-month,Yes,Mailed check,80.6,319.15,Yes,0.7286,0,High,2026-05-01
0979-MOZQI,Male,No,Yes,No,62,No,No,DSL,No,No,No,Yes,Yes,No,Two year,Yes,Bank transfer (automatic),39.0,2337.45,No,0.0604,0,Low,2026-06-01
2732-ISEZX,Female,No,No,No,5,Yes,No,No,No,No,No,No,No,No,Month-to-month,Yes,Mailed check,20.5,104.3,No,0.4343,0,Medium,2026-07-01
3313-QKNKB,Male,No,Yes,No,59,Yes,Yes,Fiber optic,No,No,No,No,No,Yes,One year,No,Electronic check,85.55,5084.65,Yes,0.4022,0,Medium,2026-02-01
0323-XWWTN,Male,No,No,Yes,3,Yes,Yes,No,No,No,No,No,No,No,Two year,Yes,Mailed check,26.4,121.25,No,0.1802,0,Low,2025-09-01
1937-OTUKY,Female,No,Yes,No,72,Yes,Yes,Fiber optic,Yes,No,Yes,Yes,Yes,No,Two year,Yes,Bank transfer (automatic),98.2,7015.9,No,0.1039,0,Low,2026-02-01
1573-LGXBA,Male,No,Yes,Yes,57,Yes,No,Fiber optic,No,Yes,Yes,No,Yes,Yes,One year,Yes,Credit card (automatic),97.55,5598.0,No,0.3432,0,Medium,2025-11-01
1764-VUUMT,Male,No,No,Yes,66,Yes,No,No,No,No,No,No,No,No,Two year,No,Credit card (automatic),19.95,1269.1,No,0.0077,0,Low,2025-10-01
5073-WXOYN,Female,No,No,No,60,No,No,DSL,No,Yes,No,No,Yes,Yes,Month-to-month,Yes,Electronic check,50.8,3027.4,Yes,0.416,0,Medium,2025-10-01
4713-ZBURT,Male,No,No,Yes,45,Yes,Yes,Fiber optic,No,No,Yes,No,Yes,Yes,Two year,No,Bank transfer (automatic),99.7,4634.35,No,0.2838,0,Low,2026-05-01
3050-GBUSH,Female,No,No,No,3,No,No,DSL,No,No,No,No,Yes,No,Month-to-month,Yes,Credit card (automatic),34.8,113.95,No,0.7798,0,High,2026-03-01
0207-MDKNV,Female,No,No,No,15,Yes,No,Fiber optic,Yes,No,Yes,Yes,Yes,Yes,Month-to-month,No,Electronic check,105.1,1582.75,Yes,0.667,0,High,2026-03-01
7876-AEHIG,Female,No,No,Yes,51,No,No,DSL,Yes,No,Yes,Yes,Yes,Yes,One year,No,Bank transfer (automatic),60.15,3077.0,No,0.0931,0,Low,2026-05-01
7945-HLKEA,Female,No,No,No,60,Yes,Yes,DSL,Yes,No,Yes,Yes,No,No,One year,No,Electronic check,64.75,4039.5,No,0.0726,0,Low,2026-03-01
9342-VNIMQ,Male,No,No,No,33,Yes,Yes,DSL,No,Yes,No,No,No,No,Month-to-month,Yes,Bank transfer (automatic),54.65,1665.2,No,0.4061,0,Medium,2026-04-01
9851-KIELU,Male,No,No,No,10,Yes,No,Fiber optic,Yes,Yes,Yes,Yes,Yes,Yes,Month-to-month,Yes,Electronic check,110.1,1043.3,Yes,0.7347,0,High,2025-10-01
3523-BRGUW,Male,Yes,No,No,26,Yes,No,No,No,No,No,No,No,No,One year,No,Credit card (automatic),19.3,504.2,No,0.111,0,Low,2026-07-01
3908-BLSYF,Female,No,No,No,6,Yes,No,Fiber optic,No,No,Yes,No,No,Yes,Month-to-month,No,Electronic check,83.9,497.55,Yes,0.8212,1,High,2026-02-01
3199-NPKCN,Female,No,Yes,No,67,Yes,Yes,Fiber optic,Yes,No,Yes,Yes,Yes,Yes,One year,Yes,Electronic check,111.25,7511.65,No,0.3612,0,Medium,2025-10-01
5170-PTRKA,Female,No,Yes,Yes,49,No,No,DSL,Yes,No,No,Yes,No,No,One year,Yes,Credit card (automatic),35.8,1782.0,No,0.0762,0,Low,2026-06-01
4661-NJEUX,Male,No,No,No,1,Yes,No,No,No,No,No,No,No,No,Month-to-month,Yes,Mailed check,20.05,20.05,No,0.4823,0,Medium,2026-05-01
2123-AGEEN,Female,Yes,No,No,7,Yes,No,Fiber optic,No,No,Yes,No,Yes,No,Month-to-month,Yes,Electronic check,84.35,609.65,No,0.8787,1,High,2025-09-01
1258-YMZNM,Female,Yes,No,No,27,Yes,Yes,Fiber optic,Yes,Yes,Yes,No,Yes,Yes,One year,Yes,Bank transfer (automatic),110.5,2857.6,No,0.5762,0,Medium,2025-11-01
0048-LUMLS,Male,No,Yes,Yes,37,Yes,No,Fiber optic,No,No,No,No,Yes,Yes,One year,No,Credit card (automatic),91.2,3247.55,No,0.3986,0,Medium,2025-09-01
7549-MYGPK,Female,No,Yes,Yes,63,Yes,Yes,Fiber optic,Yes,Yes,Yes,No,Yes,No,Month-to-month,Yes,Electronic check,100.55,6215.35,Yes,0.438,0,Medium,2025-12-01
5898-IGSLP,Male,No,Yes,Yes,31,Yes,Yes,Fiber optic,Yes,No,Yes,Yes,No,No,Month-to-month,No,Electronic check,89.3,2823.0,No,0.446,0,Medium,2025-10-01
3804-RVTGV,Male,No,Yes,Yes,50,Yes,Yes,Fiber optic,No,Yes,Yes,No,Yes,Yes,Month-to-month,Yes,Bank transfer (automatic),103.85,5017.9,Yes,0.6143,0,High,2026-05-01
6259-WJQLC,Male,Yes,No,No,32,Yes,Yes,Fiber optic,No,No,Yes,No,No,No,Month-to-month,Yes,Credit card (automatic),81.1,2619.25,No,0.7183,0,High,2026-03-01
9227-LUNBG,Female,No,No,No,1,No,No,DSL,No,No,No,No,No,No,Month-to-month,No,Electronic check,24.6,24.6,Yes,0.759,0,High,2026-08-01
7997-EASSD,Female,No,Yes,No,63,Yes,Yes,Fiber optic,No,No,No,Yes,No,No,One year,Yes,Credit card (automatic),81.2,4965.1,No,0.2197,0,Low,2026-05-01
0730-KOAVE,Male,No,No,No,30,Yes,Yes,Fiber optic,Yes,Yes,No,No,No,Yes,Month-to-month,Yes,Credit card (automatic),94.3,2679.7,No,0.6384,0,High,2026-04-01
8975-SKGRX,Male,No,Yes,No,71,Yes,Yes,Fiber optic,Yes,Yes,Yes,Yes,Yes,Yes,Two year,Yes,Bank transfer (automatic),116.1,8310.55,No,0.1485,0,Low,2026-03-01
0678-RLHVP,Female,No,No,No,53,Yes,Yes,Fiber optic,No,Yes,Yes,No,Yes,Yes,Two year,No,Electronic check,105.55,5682.25,No,0.3367,0,Medium,2025-09-01
4315-MURBD,Female,No,No,No,12,Yes,No,Fiber optic,Yes,No,No,Yes,Yes,Yes,Month-to-month,Yes,Bank transfer (automatic),98.9,1120.95,Yes,0.6907,0,High,2025-09-01
2267-FPIMA,Male,No,Yes,No,50,Yes,Yes,Fiber optic,Yes,Yes,No,No,No,Yes,Month-to-month,Yes,Credit card (automatic),94.4,4914.9,No,0.5289,0,Medium,2026-04-01
1051-GEJLJ,Female,No,No,No,2,Yes,No,No,No,No,No,No,No,No,Month-to-month,No,Mailed check,19.5,27.55,No,0.3767,0,Medium,2025-09-01
9734-YWGEX,Female,No,No,No,9,Yes,Yes,Fiber optic,No,No,Yes,No,Yes,Yes,Month-to-month,No,Credit card (automatic),98.3,923.5,Yes,0.8216,1,High,2025-09-01
2719-BDAQO,Male,No,No,No,17,Yes,No,Fiber optic,Yes,No,No,No,Yes,Yes,Month-to-month,No,Electronic check,93.85,1625.65,Yes,0.7455,0,High,2025-11-01
5285-MVEHD,Female,No,Yes,No,56,Yes,No,Fiber optic,Yes,Yes,Yes,No,Yes,Yes,One year,Yes,Credit card (automatic),105.6,6068.65,No,0.3193,0,Medium,2026-07-01
0379-DJQHR,Male,No,Yes,Yes,67,Yes,No,DSL,Yes,Yes,Yes,No,Yes,Yes,Two year,No,Credit card (automatic),81.35,5398.6,No,0.0327,0,Low,2026-02-01
0781-LKXBR,Male,Yes,No,No,9,Yes,Yes,Fiber optic,No,No,Yes,No,Yes,Yes,Month-to-month,Yes,Electronic check,100.5,918.6,Yes,0.9206,1,High,2026-05-01
5543-QDCRY,Male,No,No,No,4,Yes,No,DSL,No,No,No,No,Yes,No,Month-to-month,Yes,Electronic check,56.4,234.85,No,0.7612,0,High,2026-01-01
0297-RBCSG,Male,No,No,No,19,Yes,No,DSL,No,Yes,No,Yes,No,Yes,One year,Yes,Bank transfer (automatic),65.35,1231.85,No,0.294,0,Low,2025-11-01
4694-PHWFW,Female,No,No,Yes,8,Yes,No,No,No,No,No,No,No,No,Month-to-month,No,Mailed check,19.95,170.9,No,0.2712,0,Low,2026-01-01
0835-JKADZ,Female,No,No,No,71,Yes,Yes,Fiber optic,No,Yes,Yes,Yes,Yes,Yes,Two year,Yes,Electronic check,111.25,7984.15,No,0.2651,0,Low,2025-10-01
1907-UBQFC,Male,Yes,No,No,10,Yes,No,Fiber optic,No,Yes,No,No,No,No,Month-to-month,Yes,Electronic check,72.85,688.65,Yes,0.8299,1,High,2026-06-01
7508-SMHXL,Female,Yes,No,No,15,Yes,Yes,Fiber optic,No,Yes,No,No,Yes,No,Month-to-month,No,Credit card (automatic),89.0,1288.3,No,0.7538,0,High,2025-11-01
3865-YIOTT,Male,No,Yes,Yes,72,Yes,Yes,Fiber optic,Yes,No,Yes,No,Yes,Yes,One year,Yes,Bank transfer (automatic),106.1,7848.5,No,0.2822,0,Low,2026-01-01
5993-BQHEA,Male,No,No,No,12,Yes,No,No,No,No,No,No,No,No,One year,No,Credit card (automatic),20.05,267.0,No,0.1575,0,Low,2026-08-01
6024-RUGGH,Male,No,Yes,Yes,72,Yes,Yes,No,No,No,No,No,No,No,Two year,Yes,Bank transfer (automatic),25.2,1798.9,No,0.0115,0,Low,2026-04-01
6513-EECDB,Male,Yes,Yes,No,1,Yes,Yes,Fiber optic,No,No,No,No,No,No,Month-to-month,Yes,Electronic check,73.55,73.55,Yes,0.9054,1,High,2026-02-01
3956-CJUST,Female,Yes,No,No,23,Yes,No,Fiber optic,Yes,No,No,No,No,No,Month-to-month,Yes,Bank transfer (automatic),75.4,1643.55,No,0.6255,0,High,2026-03-01
4079-WWQQQ,Male,No,No,No,72,No,No,DSL,Yes,Yes,Yes,Yes,Yes,Yes,Two year,Yes,Bank transfer (automatic),65.55,4807.45,No,0.0441,0,Low,2026-06-01
6103-BOCOU,Female,No,No,No,26,Yes,Yes,Fiber optic,No,No,Yes,No,No,No,Month-to-month,Yes,Electronic check,80.7,2193.0,No,0.7812,0,High,2025-12-01
5149-TGWDZ,Female,No,No,No,21,Yes,No,Fiber optic,No,Yes,Yes,Yes,Yes,Yes,One year,Yes,Mailed check,104.55,2239.4,No,0.5411,0,Medium,2026-04-01
7471-WNSUF,Male,No,Yes,No,60,Yes,Yes,No,No,No,No,No,No,No,One year,No,Bank transfer (automatic),24.15,1505.9,No,0.0306,0,Low,2026-07-01
8942-DBMHZ,Male,No,No,No,12,Yes,No,No,No,No,No,No,No,No,Month-to-month,No,Mailed check,20.45,255.35,No,0.2857,0,Low,2026-03-01
4301-VVZKA,Male,No,Yes,No,16,Yes,Yes,Fiber optic,No,No,No,No,No,No,Month-to-month,Yes,Electronic check,75.4,1189.4,No,0.8299,1,High,2026-02-01
9199-PWQVC,Female,No,Yes,No,63,Yes,Yes,DSL,Yes,Yes,No,No,Yes,Yes,One year,Yes,Credit card (automatic),79.7,4786.15,No,0.1392,0,Low,2025-10-01
4824-GUCBY,Female,Yes,No,No,22,Yes,No,Fiber optic,Yes,Yes,No,No,No,No,Month-to-month,No,Electronic check,81.7,1820.9,No,0.5985,0,Medium,2025-11-01
5393-HJZSM,Female,No,Yes,Yes,32,Yes,No,DSL,Yes,Yes,Yes,Yes,No,Yes,Month-to-month,No,Bank transfer (automatic),76.3,2404.15,No,0.162,0,Low,2026-08-01
7074-IEVOJ,Female,Yes,No,No,3,Yes,Yes,Fiber optic,No,Yes,No,No,No,No,Month-to-month,Yes,Electronic check,79.4,205.05,Yes,0.88,1,High,2026-03-01
9625-QSTYE,Female,No,No,No,13,Yes,No,Fiber optic,No,Yes,Yes,No,No,No,Month-to-month,Yes,Electronic check,81.15,952.3,Yes,0.7678,0,High,2025-12-01
0862-PRCBS,Female,No,Yes,Yes,68,Yes,Yes,Fiber optic,No,Yes,No,Yes,Yes,Yes,Two year,Yes,Credit card (automatic),103.75,7039.45,No,0.1669,0,Low,2026-02-01
8812-ZRHFP,Female,No,Yes,Yes,30,Yes,No,Fiber optic,No,No,Yes,No,No,Yes,One year,No,Electronic check,86.45,2538.05,No,0.466,0,Medium,2026-03-01
5146-CBVOE,Female,No,No,No,16,Yes,No,Fiber optic,No,Yes,No,No,No,No,Month-to-month,No,Bank transfer (automatic),75.1,1212.85,No,0.6066,0,High,2026-03-01
0454-OKRCT,Male,No,No,No,33,Yes,No,Fiber optic,No,Yes,No,Yes,No,No,Two year,No,Bank transfer (automatic),80.6,2651.1,No,0.1467,0,Low,2026-05-01
5787-KXGIY,Male,No,Yes,No,72,Yes,No,No,No,No,No,No,No,No,Two year,No,Credit card (automatic),19.3,1304.8,No,0.0073,0,Low,2025-12-01
4750-ZRXIU,Female,Yes,No,No,4,Yes,Yes,Fiber optic,No,No,No,No,No,Yes,Month-to-month,Yes,Electronic check,84.6,360.1,Yes,0.919,1,High,2026-04-01
4198-VFOEA,Female,No,No,No,12,No,No,DSL,Yes,No,No,Yes,No,No,One year,Yes,Mailed check,33.6,435.45,No,0.3234,0,Medium,2026-02-01
6630-UJZMY,Female,Yes,Yes,No,4,Yes,Yes,Fiber optic,No,No,No,No,Yes,No,Month-to-month,Yes,Electronic check,83.25,308.05,No,0.9116,1,High,2026-08-01
5709-LVOEQ,Female,No,Yes,Yes,0,Yes,No,DSL,Yes,Yes,Yes,No,Yes,Yes,Two year,No,Mailed check,80.85,0.0,No,0.1974,0,Low,2025-10-01
6400-BWQKW,Female,No,No,No,6,Yes,Yes,Fiber optic,Yes,No,No,No,No,No,Month-to-month,Yes,Electronic check,79.05,434.5,Yes,0.811,1,High,2025-10-01
2692-AQCPF,Female,No,Yes,No,65,Yes,Yes,Fiber optic,No,Yes,Yes,Yes,Yes,Yes,One year,Yes,Credit card (automatic),108.05,7118.9,No,0.3466,0,Medium,2026-02-01
0347-UBKUZ,Female,No,No,No,15,Yes,No,No,No,No,No,No,No,No,Month-to-month,No,Mailed check,19.9,320.45,No,0.2581,0,Low,2026-03-01
0835-DUUIQ,Female,No,No,Yes,24,Yes,No,No,No,No,No,No,No,No,One year,No,Bank transfer (automatic),21.05,531.55,No,0.0791,0,Low,2026-05-01
0811-GSDTP,Female,No,No,Yes,13,No,No,DSL,No,Yes,No,No,No,No,Month-to-month,No,Electronic check,30.15,382.2,No,0.5603,0,Medium,2026-01-01
7567-ECMCM,Male,No,No,No,24,Yes,No,Fiber optic,No,No,No,No,No,Yes,Month-to-month,Yes,Credit card (automatic),79.85,2001.0,No,0.7487,0,High,2026-07-01
6115-ZTBFQ,Female,No,Yes,No,72,No,No,DSL,Yes,Yes,Yes,Yes,Yes,Yes,Two year,No,Bank transfer (automatic),65.5,4919.7,No,0.0306,0,Low,2026-02-01
6353-BRMMA,Female,No,Yes,Yes,54,Yes,Yes,Fiber optic,Yes,Yes,No,No,Yes,Yes,Month-to-month,Yes,Bank transfer (automatic),104.1,5645.8,No,0.5035,0,Medium,2025-10-01
6680-WKXRZ,Female,No,No,No,3,Yes,Yes,Fiber optic,No,No,No,No,No,No,Month-to-month,No,Bank transfer (automatic),74.4,215.8,Yes,0.7749,0,High,2025-10-01
6231-WFGFH,Male,No,Yes,Yes,4,Yes,No,No,No,No,No,No,No,No,Month-to-month,Yes,Mailed check,20.5,77.6,No,0.3907,0,Medium,2026-08-01
9904-EHEVJ,Female,Yes,Yes,Yes,32,Yes,Yes,Fiber optic,No,No,Yes,No,Yes,No,Month-to-month,Yes,Mailed check,91.35,2896.55,No,0.724,0,High,2025-10-01
7028-DVOIQ,Male,Yes,No,No,35,Yes,Yes,Fiber optic,No,No,Yes,No,Yes,Yes,Month-to-month,Yes,Electronic check,99.05,3395.8,Yes,0.8578,1,High,2026-08-01
6169-PPETC,Male,No,Yes,Yes,35,Yes,No,No,No,No,No,No,No,No,Two year,No,Bank transfer (automatic),20.5,759.35,No,0.0282,0,Low,2025-12-01
4208-UFFGW,Male,Yes,No,No,2,Yes,No,DSL,No,No,No,No,No,No,Month-to-month,No,Mailed check,44.95,85.15,Yes,0.6384,0,High,2025-10-01
8584-KMVXD,Female,No,No,No,8,Yes,No,Fiber optic,No,Yes,No,No,No,No,Month-to-month,No,Electronic check,75.6,535.55,No,0.7358,0,High,2025-12-01
8467-WYNSR,Male,No,No,No,22,Yes,No,DSL,Yes,No,No,Yes,No,No,Month-to-month,No,Mailed check,55.1,1253.15,No,0.2449,0,Low,2026-04-01
0851-DFJKB,Female,No,No,No,15,Yes,No,DSL,Yes,No,Yes,Yes,No,No,Month-to-month,No,Electronic check,58.95,955.15,No,0.3515,0,Medium,2026-02-01
5382-SOYZL,Male,No,No,No,22,Yes,Yes,Fiber optic,No,No,No,No,Yes,Yes,Month-to-month,Yes,Electronic check,95.1,2162.6,No,0.8787,1,High,2026-06-01
9448-REEVD,Male,No,Yes,No,1,Yes,No,DSL,No,No,No,No,No,No,Month-to-month,No,Credit card (automatic),44.7,44.7,Yes,0.5874,0,Medium,2026-04-01
3261-CQXOL,Female,No,Yes,Yes,71,Yes,Yes,No,No,No,No,No,No,No,Two year,No,Bank transfer (automatic),25.45,1813.35,No,0.0082,0,Low,2026-01-01
8388-FYNPZ,Male,No,No,No,4,Yes,No,DSL,Yes,No,Yes,No,No,No,Month-to-month,No,Electronic check,56.75,245.15,No,0.5279,0,Medium,2026-04-01
4002-BQWPQ,Male,No,No,No,25,Yes,Yes,DSL,Yes,Yes,Yes,Yes,No,Yes,Month-to-month,No,Bank transfer (automatic),81.75,2028.8,No,0.2847,0,Low,2026-08-01
5651-YLPRD,Female,No,Yes,Yes,32,Yes,No,Fiber optic,No,Yes,No,No,Yes,No,Month-to-month,Yes,Electronic check,86.1,2723.75,No,0.6664,0,High,2026-01-01
2826-DXLQO,Male,Yes,Yes,No,7,No,No,DSL,Yes,No,No,No,No,No,Month-to-month,No,Bank transfer (automatic),29.8,220.45,No,0.5745,0,Medium,2025-10-01
4378-BZYFP,Male,No,No,No,17,Yes,No,No,No,No,No,No,No,No,One year,Yes,Mailed check,20.5,365.8,No,0.1866,0,Low,2026-01-01
9489-UTFKA,Male,Yes,Yes,No,8,Yes,No,DSL,Yes,No,No,No,Yes,No,Month-to-month,No,Bank transfer (automatic),60.9,551.95,No,0.5121,0,Medium,2026-07-01
4849-PYRLQ,Female,Yes,No,No,56,Yes,Yes,DSL,Yes,No,Yes,Yes,No,Yes,Two year,No,Bank transfer (automatic),73.25,4054.2,No,0.0532,0,Low,2025-11-01
9117-SHLZX,Male,No,No,No,1,Yes,No,DSL,No,No,No,No,No,No,Month-to-month,Yes,Mailed check,45.7,45.7,Yes,0.685,0,High,2026-08-01
9889-TMAHG,Male,Yes,No,No,8,Yes,No,Fiber optic,Yes,No,No,Yes,Yes,Yes,Month-to-month,No,Credit card (automatic),100.3,832.35,Yes,0.6822,0,High,2026-04-01
4541-RMRLG,Male,No,No,No,7,Yes,No,No,No,No,No,No,No,No,Month-to-month,No,Electronic check,19.25,112.3,Yes,0.4041,0,Medium,2026-04-01
7764-BDPEE,Male,No,No,Yes,3,Yes,No,No,No,No,No,No,No,No,Month-to-month,No,Mailed check,20.85,60.65,No,0.3168,0,Medium,2025-12-01
3429-IFLEM,Female,No,No,No,71,Yes,No,DSL,Yes,Yes,Yes,Yes,Yes,No,Two year,No,Credit card (automatic),77.35,5550.1,No,0.0184,0,Low,2026-08-01
3158-MOERK,Female,No,No,No,2,Yes,Yes,Fiber optic,No,No,No,No,Yes,Yes,Month-to-month,Yes,Electronic check,96.0,174.8,Yes,0.9204,1,High,2025-09-01
7294-TMAOP,Female,No,No,No,1,Yes,No,Fiber optic,No,No,No,No,Yes,Yes,Month-to-month,No,Electronic check,90.55,90.55,Yes,0.8681,1,High,2025-12-01
5002-GCQFH,Male,No,Yes,No,49,Yes,Yes,Fiber optic,Yes,Yes,No,No,Yes,No,Month-to-month,Yes,Bank transfer (automatic),93.85,4733.1,No,0.507,0,Medium,2026-02-01
0556-FJEGU,Male,No,No,No,58,Yes,No,DSL,No,Yes,Yes,Yes,Yes,No,Two year,No,Bank transfer (automatic),70.1,4048.95,No,0.0381,0,Low,2026-02-01
8919-FYFQZ,Male,Yes,Yes,No,44,No,No,DSL,No,Yes,No,No,No,No,Month-to-month,Yes,Electronic check,30.35,1359.7,Yes,0.4511,0,Medium,2026-02-01
0604-THJFP,Female,No,Yes,Yes,59,Yes,No,DSL,No,Yes,No,Yes,Yes,Yes,Two year,Yes,Credit card (automatic),75.95,4542.35,No,0.0615,0,Low,2025-10-01
2834-JRTUA,Male,No,No,No,71,Yes,Yes,Fiber optic,Yes,No,Yes,Yes,Yes,Yes,Two year,Yes,Electronic check,108.05,7532.15,Yes,0.2106,0,Low,2025-11-01
5875-YPQFJ,Male,No,No,No,1,Yes,No,Fiber optic,No,No,No,No,No,No,Month-to-month,Yes,Electronic check,69.9,69.9,Yes,0.8623,1,High,2025-10-01
5879-SESNB,Female,No,No,No,11,Yes,Yes,Fiber optic,No,No,No,No,No,No,Month-to-month,No,Electronic check,75.25,888.65,No,0.7978,1,High,2026-03-01
6646-QVXLR,Male,Yes,Yes,No,62,Yes,Yes,Fiber optic,No,Yes,Yes,No,Yes,Yes,One year,Yes,Electronic check,103.75,6383.35,Yes,0.5709,0,Medium,2026-01-01
6461-PPAXN,Female,No,Yes,Yes,35,Yes,No,DSL,Yes,No,No,Yes,No,No,One year,Yes,Bank transfer (automatic),54.95,1916.0,No,0.0951,0,Low,2026-03-01
3318-ISQFQ,Female,No,No,No,20,Yes,No,No,No,No,No,No,No,No,Month-to-month,Yes,Bank transfer (automatic),19.5,413.0,No,0.2782,0,Low,2026-04-01
1106-HRLKZ,Male,No,Yes,Yes,40,Yes,No,No,No,No,No,No,No,No,Two year,No,Mailed check,19.6,808.95,No,0.0242,0,Low,2026-05-01
2483-XSSMZ,Female,No,No,No,39,Yes,No,DSL,Yes,No,No,No,No,No,One year,Yes,Electronic check,47.85,1886.4,No,0.1922,0,Low,2026-03-01
8603-IJWDN,Male,No,No,No,1,Yes,Yes,Fiber optic,No,No,No,No,No,Yes,Month-to-month,Yes,Electronic check,86.6,86.6,Yes,0.9096,1,High,2026-04-01
8165-ZJRNM,Female,No,Yes,Yes,72,Yes,Yes,No,No,No,No,No,No,No,Two year,No,Bank transfer (automatic),23.75,1679.25,No,0.0077,0,Low,2026-04-01
9369-XFEHK,Female,Yes,Yes,No,33,Yes,Yes,Fiber optic,No,Yes,No,No,No,No,Month-to-month,Yes,Bank transfer (automatic),80.6,2656.5,Yes,0.6753,0,High,2026-04-01
2604-XVDAM,Female,No,No,No,12,Yes,No,DSL,No,No,No,No,No,No,Month-to-month,No,Bank transfer (automatic),43.8,540.95,No,0.4839,0,Medium,2026-04-01
3717-OFRTN,Male,No,No,No,1,Yes,No,No,No,No,No,No,No,No,Month-to-month,No,Bank transfer (automatic),19.75,19.75,No,0.3768,0,Medium,2025-12-01
9046-JBFWA,Male,No,No,Yes,27,Yes,No,No,No,No,No,No,No,No,Month-to-month,No,Mailed check,19.15,537.35,No,0.1448,0,Low,2025-11-01
3280-NMUVX,Male,No,Yes,Yes,34,Yes,No,No,No,No,No,No,No,No,One year,No,Credit card (automatic),19.6,678.8,No,0.0543,0,Low,2026-06-01
1206-EHBDD,Female,No,Yes,No,56,Yes,No,Fiber optic,Yes,No,Yes,No,No,No,Two year,No,Bank transfer (automatic),80.3,4513.65,No,0.0843,0,Low,2026-01-01
8361-LBRDI,Female,No,No,No,58,Yes,Yes,No,No,No,No,No,No,No,Two year,No,Credit card (automatic),24.35,1423.85,No,0.0178,0,Low,2026-03-01
4883-KCPZJ,Female,No,Yes,Yes,22,Yes,Yes,No,No,No,No,No,No,No,Two year,No,Credit card (automatic),25.25,555.4,No,0.0598,0,Low,2025-11-01
9108-EQPNQ,Female,No,Yes,Yes,10,Yes,Yes,No,No,No,No,No,No,No,Two year,No,Credit card (automatic),26.1,225.55,No,0.0935,0,Low,2026-02-01
7277-KAMWT,Male,No,No,No,13,Yes,No,No,No,No,No,No,No,No,Two year,No,Credit card (automatic),20.0,268.45,No,0.0866,0,Low,2026-03-01
3842-IYKUE,Female,No,No,No,35,Yes,Yes,Fiber optic,No,Yes,No,Yes,No,No,Month-to-month,No,Credit card (automatic),85.3,2917.5,Yes,0.4441,0,Medium,2026-04-01
6641-XRPSU,Female,No,No,No,34,Yes,No,Fiber optic,No,No,No,No,No,No,Month-to-month,Yes,Credit card (automatic),70.0,2416.1,Yes,0.6049,0,High,2026-03-01
1374-DMZUI,Female,Yes,No,No,4,Yes,Yes,Fiber optic,No,No,No,No,Yes,Yes,Month-to-month,Yes,Electronic check,94.3,424.45,Yes,0.9324,1,High,2026-01-01
2545-LXYVJ,Male,No,Yes,No,72,Yes,No,No,No,No,No,No,No,No,Two year,No,Bank transfer (automatic),20.7,1492.1,No,0.0074,0,Low,2026-08-01
3234-VKACU,Male,No,No,No,2,Yes,No,DSL,No,No,No,Yes,Yes,Yes,Month-to-month,No,Electronic check,70.3,132.4,No,0.6808,0,High,2026-03-01
8357-EQXFO,Female,No,No,No,7,Yes,No,Fiber optic,No,No,Yes,No,Yes,Yes,Month-to-month,Yes,Electronic check,95.35,660.9,Yes,0.8861,1,High,2026-06-01
1989-PRJHP,Male,Yes,Yes,No,27,Yes,Yes,Fiber optic,No,No,No,No,No,No,Month-to-month,Yes,Electronic check,75.5,1893.95,Yes,0.8052,1,High,2026-05-01
8120-JDCAM,Male,No,Yes,Yes,4,Yes,No,Fiber optic,No,No,No,No,No,No,Month-to-month,Yes,Mailed check,69.55,284.9,No,0.7676,0,High,2026-03-01
8917-FAEMR,Female,No,No,No,37,Yes,No,No,No,No,No,No,No,No,Two year,No,Mailed check,19.85,784.25,No,0.0342,0,Low,2026-07-01
7047-YXDMZ,Male,No,No,No,21,Yes,No,No,No,No,No,No,No,No,Month-to-month,No,Mailed check,20.0,417.7,No,0.2142,0,Low,2025-10-01
2858-EIMXH,Female,Yes,Yes,No,53,Yes,Yes,Fiber optic,No,No,No,No,Yes,Yes,One year,Yes,Credit card (automatic),95.85,5016.25,No,0.5595,0,Medium,2026-08-01
9524-EGPJC,Female,No,No,No,18,Yes,Yes,Fiber optic,No,No,No,Yes,No,Yes,Month-to-month,Yes,Electronic check,90.1,1612.75,Yes,0.8132,1,High,2026-07-01
6993-OHLXR,Female,No,No,No,2,Yes,No,Fiber optic,No,No,No,No,No,No,Month-to-month,No,Electronic check,68.95,119.75,Yes,0.8047,1,High,2026-03-01
8818-XYFCQ,Male,No,Yes,Yes,32,Yes,Yes,Fiber optic,Yes,No,No,No,Yes,Yes,Month-to-month,Yes,Credit card (automatic),99.55,3204.65,Yes,0.6708,0,High,2026-05-01
6419-ZTTLE,Male,Yes,Yes,No,23,Yes,No,No,No,No,No,No,No,No,One year,Yes,Electronic check,20.75,485.2,No,0.2252,0,Low,2026-03-01
0929-HYQEW,Male,No,No,No,3,Yes,No,DSL,Yes,No,No,No,No,No,Month-to-month,Yes,Mailed check,50.15,160.85,No,0.5687,0,Medium,2025-12-01
6614-YOLAC,Female,No,Yes,Yes,71,No,No,DSL,Yes,Yes,No,Yes,Yes,Yes,Two year,No,Mailed check,58.65,4145.25,No,0.0248,0,Low,2026-06-01
7426-RHZGU,Male,No,No,No,9,Yes,No,Fiber optic,No,No,No,Yes,Yes,Yes,Month-to-month,Yes,Bank transfer (automatic),95.9,827.45,No,0.788,0,High,2025-11-01
4065-JJAVA,Female,No,No,No,1,Yes,No,DSL,No,Yes,No,No,No,No,Month-to-month,No,Electronic check,49.5,49.5,No,0.6283,0,High,2025-12-01
4695-VADHF,Male,No,Yes,Yes,18,Yes,No,DSL,No,No,Yes,No,No,Yes,Month-to-month,No,Electronic check,57.45,990.85,Yes,0.5327,0,Medium,2026-03-01
3863-IUBJR,Male,No,Yes,Yes,12,Yes,No,DSL,No,No,No,No,No,Yes,One year,No,Credit card (automatic),53.65,696.35,Yes,0.3343,0,Medium,2026-07-01
7649-SIJJF,Male,No,Yes,No,71,Yes,Yes,DSL,Yes,Yes,Yes,Yes,No,Yes,Two year,Yes,Mailed check,80.1,5585.4,No,0.0392,0,Low,2026-01-01
9361-YNQWJ,Female,No,No,No,64,Yes,Yes,No,No,No,No,No,No,No,One year,Yes,Bank transfer (automatic),24.4,1601.2,No,0.037,0,Low,2026-02-01
3748-FVMZZ,Male,No,No,No,4,No,No,DSL,No,No,No,Yes,No,Yes,Month-to-month,Yes,Electronic check,40.05,162.45,No,0.7882,0,High,2025-09-01
9391-TTOYH,Female,No,No,No,23,Yes,No,No,No,No,No,No,No,No,Month-to-month,Yes,Mailed check,19.5,470.2,No,0.2648,0,Low,2025-10-01
1452-XRSJV,Female,No,Yes,Yes,39,Yes,No,DSL,Yes,No,No,No,No,No,Month-to-month,No,Credit card (automatic),51.05,2066.0,No,0.1563,0,Low,2025-09-01
3422-WJOYD,Male,No,Yes,No,28,Yes,No,DSL,Yes,No,No,Yes,No,No,One year,No,Mailed check,54.35,1426.45,No,0.1099,0,Low,2025-09-01
8242-SOQUO,Female,Yes,No,No,5,Yes,No,Fiber optic,No,Yes,No,No,Yes,No,Month-to-month,Yes,Electronic check,84.7,392.5,No,0.8691,1,High,2026-07-01
7460-ITWWP,Female,Yes,Yes,No,45,Yes,No,Fiber optic,No,No,Yes,No,No,Yes,Month-to-month,Yes,Electronic check,86.1,3861.45,No,0.7263,0,High,2026-07-01
7147-AYBAA,Male,No,No,No,37,Yes,No,Fiber optic,No,No,No,No,No,No,Month-to-month,Yes,Mailed check,70.35,2552.9,No,0.5935,0,Medium,2026-06-01
7868-TMWMZ,Female,Yes,Yes,No,60,Yes,No,Fiber optic,Yes,Yes,Yes,Yes,Yes,Yes,Two year,Yes,Bank transfer (automatic),110.0,6668.35,No,0.1639,0,Low,2025-09-01
4822-RVYBB,Male,Yes,No,No,8,Yes,Yes,Fiber optic,No,No,Yes,No,Yes,Yes,Month-to-month,Yes,Electronic check,100.6,819.4,Yes,0.9223,1,High,2025-09-01
6732-FZUGP,Female,No,No,No,47,Yes,Yes,Fiber optic,Yes,No,Yes,No,Yes,No,One year,No,Credit card (automatic),94.9,4615.25,No,0.294,0,Low,2025-12-01
8436-BJUMM,Male,No,Yes,Yes,26,Yes,Yes,Fiber optic,No,No,No,No,Yes,No,Month-to-month,Yes,Electronic check,83.75,2070.6,Yes,0.7823,0,High,2026-03-01
4184-TJFAN,Female,Yes,Yes,Yes,3,Yes,No,Fiber optic,Yes,No,No,Yes,Yes,No,Month-to-month,Yes,Mailed check,88.3,273.75,Yes,0.6888,0,High,2026-01-01
8329-GWVPJ,Female,No,Yes,Yes,50,Yes,No,Fiber optic,No,No,No,No,No,No,Month-to-month,Yes,Bank transfer (automatic),69.75,3557.7,No,0.4202,0,Medium,2026-02-01
1352-VHKAJ,Male,No,Yes,Yes,27,Yes,Yes,DSL,No,No,No,Yes,Yes,Yes,Month-to-month,No,Bank transfer (automatic),71.6,1957.1,No,0.4111,0,Medium,2025-11-01
4145-UQXUQ,Female,Yes,No,No,8,Yes,No,Fiber optic,No,No,Yes,No,Yes,Yes,Month-to-month,Yes,Electronic check,92.1,729.95,Yes,0.9048,1,High,2026-05-01
2632-TACXW,Female,No,Yes,No,62,Yes,Yes,No,No,No,No,No,No,No,Two year,No,Bank transfer (automatic),23.65,1416.75,No,0.0146,0,Low,2025-12-01
8146-QQKZH,Female,No,Yes,No,71,Yes,No,DSL,Yes,No,Yes,Yes,Yes,Yes,Two year,No,Bank transfer (automatic),81.85,5924.4,No,0.0305,0,Low,2025-09-01
1767-CJKBA,Male,No,No,No,66,Yes,Yes,No,No,No,No,No,No,No,Two year,No,Mailed check,25.1,1697.7,No,0.0138,0,Low,2026-05-01
6445-TNRXS,Male,No,Yes,Yes,68,Yes,Yes,Fiber optic,Yes,Yes,Yes,Yes,Yes,Yes,Two year,Yes,Bank transfer (automatic),114.7,7849.85,No,0.1277,0,Low,2026-07-01
4581-LNWUM,Female,No,No,No,13,No,No,DSL,No,No,Yes,No,Yes,Yes,Month-to-month,No,Electronic check,49.15,649.4,No,0.7534,0,High,2025-09-01
4869-EPIUS,Male,No,Yes,No,56,Yes,No,Fiber optic,No,No,No,No,No,Yes,One year,Yes,Electronic check,80.9,4557.5,No,0.4439,0,Medium,2026-02-01
9948-YPTDG,Male,No,Yes,No,38,Yes,No,Fiber optic,Yes,Yes,No,No,No,No,Month-to-month,Yes,Electronic check,79.45,3013.05,Yes,0.5309,0,Medium,2026-06-01
1236-WFCDV,Male,Yes,No,No,14,Yes,No,Fiber optic,No,No,No,No,Yes,Yes,Month-to-month,No,Credit card (automatic),90.45,1266.1,Yes,0.8008,1,High,2026-05-01
1915-OAKWD,Female,No,No,Yes,16,Yes,No,No,No,No,No,No,No,No,One year,Yes,Bank transfer (automatic),19.3,360.35,No,0.1516,0,Low,2026-07-01
7296-PIXQY,Female,No,Yes,Yes,14,Yes,No,Fiber optic,No,No,No,No,No,No,Month-to-month,No,Electronic check,70.2,1046.5,No,0.6909,0,High,2026-01-01
4883-QICIH,Male,No,Yes,Yes,32,Yes,No,Fiber optic,No,No,No,No,No,No,Month-to-month,Yes,Bank transfer (automatic),69.75,2347.9,Yes,0.5681,0,Medium,2026-01-01
3354-OADJP,Female,No,No,No,8,Yes,No,DSL,Yes,No,No,Yes,No,No,One year,No,Bank transfer (automatic),54.25,447.75,No,0.1923,0,Low,2026-05-01
3524-WQDSG,Female,No,Yes,Yes,43,Yes,Yes,Fiber optic,No,No,Yes,No,Yes,Yes,Month-to-month,Yes,Bank transfer (automatic),99.3,4209.95,No,0.6843,0,High,2025-10-01
0810-DHDBD,Female,No,No,No,52,Yes,Yes,DSL,Yes,No,Yes,Yes,Yes,No,One year,No,Credit card (automatic),74.0,3877.65,No,0.0848,0,Low,2025-11-01
4026-SKKHW,Male,No,No,No,3,Yes,No,DSL,No,No,No,Yes,No,No,Month-to-month,Yes,Mailed check,50.25,152.3,No,0.5828,0,Medium,2026-04-01
2829-HYVZP,Male,No,No,No,29,Yes,No,No,No,No,No,No,No,No,One year,Yes,Mailed check,19.8,572.2,No,0.1208,0,Low,2026-05-01
8329-IBCTI,Female,No,No,No,1,Yes,No,No,No,No,No,No,No,No,Month-to-month,No,Mailed check,19.65,19.65,Yes,0.3871,0,Medium,2025-10-01
1271-SJBGZ,Male,Yes,No,No,12,No,No,DSL,No,No,Yes,Yes,No,Yes,Month-to-month,Yes,Electronic check,43.65,526.95,Yes,0.7641,0,High,2026-03-01
3845-JHAMY,Female,No,Yes,Yes,16,No,No,DSL,No,No,No,No,No,Yes,Month-to-month,Yes,Credit card (automatic),35.5,552.7,No,0.6433,0,High,2026-01-01
7013-PSXHK,Female,No,No,No,40,Yes,Yes,DSL,No,No,Yes,Yes,Yes,Yes,One year,Yes,Mailed check,80.75,3208.65,No,0.2985,0,Low,2026-03-01
5669-SRAIP,Female,No,No,No,5,No,No,DSL,No,No,Yes,No,No,Yes,Month-to-month,No,Electronic check,39.5,210.75,Yes,0.7709,0,High,2026-08-01
5981-ITEMU,Male,No,Yes,No,40,Yes,Yes,Fiber optic,No,No,No,No,Yes,Yes,Month-to-month,Yes,Bank transfer (automatic),97.1,3706.95,Yes,0.7452,0,High,2025-09-01
3486-NPGST,Female,No,No,No,36,Yes,No,No,No,No,No,No,No,No,One year,No,Mailed check,19.55,620.75,No,0.0633,0,Low,2026-08-01
6941-PMGEP,Female,No,No,No,5,Yes,No,Fiber optic,No,No,No,No,No,Yes,Month-to-month,Yes,Electronic check,80.0,412.5,Yes,0.8776,1,High,2026-02-01
1624-WOIWJ,Female,No,No,No,10,Yes,No,Fiber optic,Yes,No,No,No,Yes,No,Month-to-month,Yes,Mailed check,84.7,832.05,Yes,0.7302,0,High,2026-06-01
2074-GKOWZ,Male,No,Yes,Yes,2,Yes,No,Fiber optic,No,No,No,No,Yes,Yes,Month-to-month,Yes,Bank transfer (automatic),89.55,185.55,Yes,0.8391,1,High,2026-02-01
0376-YMCJC,Male,No,No,No,23,Yes,Yes,Fiber optic,No,No,No,Yes,Yes,No,Month-to-month,Yes,Electronic check,90.6,1943.2,Yes,0.7745,0,High,2025-12-01
6100-FJZDG,Male,No,Yes,Yes,26,Yes,No,No,No,No,No,No,No,No,One year,Yes,Bank transfer (automatic),20.05,505.9,No,0.1032,0,Low,2026-06-01
4829-ZLJTK,Female,Yes,Yes,No,72,Yes,Yes,Fiber optic,Yes,Yes,Yes,No,Yes,Yes,Two year,Yes,Electronic check,112.4,8046.85,No,0.2807,0,Low,2026-05-01
1730-VFMWO,Female,No,Yes,No,34,Yes,No,DSL,No,No,No,Yes,No,No,Month-to-month,No,Bank transfer (automatic),50.2,1815.3,No,0.228,0,Low,2025-10-01
7143-BQIBA,Male,No,No,No,10,Yes,No,DSL,Yes,No,No,Yes,Yes,No,Month-to-month,No,Bank transfer (automatic),62.25,612.95,No,0.365,0,Medium,2026-05-01
3800-LYTRK,Female,No,No,No,14,Yes,No,DSL,Yes,No,No,Yes,No,No,One year,No,Mailed check,55.7,795.15,No,0.1686,0,Low,2026-06-01
0634-SZPQA,Female,No,No,No,23,Yes,Yes,Fiber optic,Yes,No,No,No,Yes,No,Month-to-month,Yes,Bank transfer (automatic),90.05,2169.8,Yes,0.6986,0,High,2026-01-01
9646-NMHXE,Male,No,Yes,No,47,Yes,No,No,No,No,No,No,No,No,Two year,No,Mailed check,19.65,973.1,No,0.0227,0,Low,2026-08-01
7030-NJVDP,Male,No,Yes,No,24,Yes,No,Fiber optic,Yes,No,No,Yes,No,Yes,Month-to-month,Yes,Electronic check,89.25,2210.2,No,0.6635,0,High,2026-04-01
5536-RTPWK,Male,No,Yes,No,49,Yes,Yes,Fiber optic,No,Yes,No,No,Yes,Yes,Month-to-month,Yes,Bank transfer (automatic),99.05,4853.75,Yes,0.6808,0,High,2026-01-01
8883-GRDWQ,Male,Yes,No,No,20,Yes,No,DSL,Yes,No,No,Yes,No,No,One year,No,Mailed check,54.0,1055.9,No,0.1699,0,Low,2025-09-01
6166-ILMNY,Female,No,No,No,2,Yes,No,Fiber optic,No,No,No,No,No,No,Month-to-month,No,Bank transfer (automatic),69.75,144.55,Yes,0.7391,0,High,2026-05-01
3097-NNSPB,Female,No,No,No,2,Yes,No,DSL,No,Yes,No,No,No,No,Month-to-month,Yes,Credit card (automatic),49.05,91.1,Yes,0.6241,0,High,2025-11-01
7771-ZONAT,Male,No,No,No,22,No,No,DSL,No,No,Yes,Yes,Yes,Yes,Two year,No,Bank transfer (automatic),56.75,1304.85,No,0.2191,0,Low,2026-06-01
0655-RBDUG,Male,No,No,No,7,Yes,Yes,Fiber optic,No,No,Yes,No,Yes,Yes,Month-to-month,Yes,Bank transfer (automatic),98.05,713.0,Yes,0.8763,1,High,2026-03-01
2111-DWYHN,Male,No,No,No,1,Yes,No,No,No,No,No,No,No,No,Month-to-month,No,Mailed check,21.1,21.1,No,0.3877,0,Medium,2026-02-01
4194-WHFCB,Female,No,Yes,Yes,59,Yes,Yes,Fiber optic,No,Yes,No,Yes,No,Yes,Month-to-month,Yes,Bank transfer (automatic),96.65,5580.8,No,0.4052,0,Medium,2025-10-01
4121-AGSIN,Female,No,Yes,Yes,58,Yes,Yes,No,No,No,No,No,No,No,One year,Yes,Credit card (automatic),24.5,1497.9,No,0.0381,0,Low,2026-05-01
4361-BKAXE,Female,No,No,No,41,Yes,Yes,Fiber optic,Yes,Yes,Yes,Yes,Yes,Yes,Month-to-month,Yes,Bank transfer (automatic),114.5,4527.45,Yes,0.5446,0,Medium,2025-10-01
9845-PEEKO,Female,Yes,No,No,59,Yes,Yes,Fiber optic,No,Yes,No,No,No,No,Two year,Yes,Credit card (automatic),79.2,4590.35,No,0.2023,0,Low,2026-02-01
0455-XFASS,Female,No,Yes,Yes,3,Yes,No,Fiber optic,No,No,No,No,No,No,Month-to-month,Yes,Electronic check,69.55,200.2,No,0.8198,1,High,2026-07-01
0301-KOBTQ,Male,No,No,No,32,Yes,No,No,No,No,No,No,No,No,Two year,Yes,Bank transfer (automatic),20.05,614.45,No,0.0566,0,Low,2026-08-01
1751-NCDLI,Male,Yes,Yes,No,46,Yes,Yes,Fiber optic,No,No,Yes,No,Yes,Yes,Month-to-month,Yes,Electronic check,98.85,4564.9,No,0.8224,1,High,2026-08-01
4367-NUYAO,Male,No,Yes,Yes,0,Yes,Yes,No,No,No,No,No,No,No,Two year,No,Mailed check,25.75,0.0,No,0.1445,0,Low,2026-08-01
9878-TNQGW,Male,No,No,No,2,Yes,No,Fiber optic,No,No,No,No,No,Yes,Month-to-month,Yes,Electronic check,80.95,171.15,Yes,0.8875,1,High,2026-03-01
9170-ARBTB,Female,No,Yes,Yes,52,Yes,No,No,No,No,No,No,No,No,One year,No,Credit card (automatic),19.6,1012.4,No,0.0253,0,Low,2025-11-01
4441-NIHPT,Female,Yes,No,No,13,Yes,No,Fiber optic,No,No,Yes,No,No,No,Month-to-month,Yes,Electronic check,74.3,940.35,Yes,0.8311,1,High,2026-07-01
8999-BOHSE,Female,Yes,No,No,11,Yes,No,Fiber optic,No,No,No,No,Yes,Yes,Month-to-month,No,Bank transfer (automatic),89.7,1047.7,Yes,0.8118,1,High,2026-06-01
7241-AJHFS,Male,No,No,No,32,Yes,Yes,Fiber optic,Yes,No,No,Yes,No,No,Month-to-month,No,Bank transfer (automatic),87.65,2766.4,No,0.4035,0,Medium,2026-08-01
7029-RPUAV,Male,Yes,Yes,No,17,Yes,Yes,Fiber optic,No,No,Yes,No,Yes,Yes,Month-to-month,Yes,Credit card (automatic),100.45,1622.45,Yes,0.8655,1,High,2026-04-01
4546-FOKWR,Female,No,No,No,16,Yes,Yes,Fiber optic,No,No,No,No,No,No,Month-to-month,Yes,Credit card (automatic),74.75,1129.35,No,0.7705,0,High,2025-10-01
9036-CSKBW,Female,No,No,No,51,Yes,Yes,Fiber optic,Yes,Yes,Yes,No,Yes,Yes,One year,No,Bank transfer (automatic),107.45,5680.9,No,0.3259,0,Medium,2026-03-01
5832-TRLPB,Male,No,No,No,29,Yes,No,DSL,No,No,Yes,Yes,Yes,Yes,One year,Yes,Bank transfer (automatic),75.35,2243.9,No,0.3072,0,Medium,2026-02-01
8590-YFFQO,Male,No,Yes,No,70,Yes,No,DSL,Yes,Yes,Yes,Yes,No,No,Two year,No,Credit card (automatic),64.95,4523.25,No,0.0133,0,Low,2026-07-01
8659-IOOPU,Female,No,Yes,Yes,71,Yes,Yes,Fiber optic,Yes,No,Yes,Yes,No,Yes,Two year,No,Electronic check,100.45,7159.7,No,0.0959,0,Low,2026-01-01
1338-CECEE,Male,No,Yes,Yes,41,Yes,Yes,DSL,No,Yes,Yes,No,Yes,No,One year,No,Bank transfer (automatic),68.5,2839.95,No,0.1558,0,Low,2025-12-01
7439-DKZTW,Male,No,No,No,1,Yes,No,Fiber optic,No,No,No,No,Yes,No,Month-to-month,Yes,Electronic check,80.55,80.55,No,0.8817,1,High,2025-09-01
4646-QZXTF,Female,No,Yes,No,7,Yes,No,DSL,Yes,No,Yes,Yes,Yes,Yes,Month-to-month,No,Bank transfer (automatic),81.25,580.1,No,0.4299,0,Medium,2026-07-01
4607-CHPCA,Male,No,Yes,Yes,25,Yes,No,Fiber optic,No,No,No,No,Yes,Yes,One year,Yes,Electronic check,90.4,2178.6,Yes,0.6587,0,High,2026-06-01
9742-XOKTS,Male,No,Yes,Yes,67,Yes,Yes,Fiber optic,Yes,Yes,No,Yes,No,No,One year,No,Electronic check,89.55,6038.55,No,0.1148,0,Low,2025-09-01
6921-OZMFH,Male,No,Yes,Yes,5,Yes,Yes,DSL,No,No,No,Yes,No,No,Month-to-month,Yes,Mailed check,55.7,259.4,No,0.56,0,Medium,2026-02-01
9578-FOMUK,Male,No,No,Yes,15,Yes,Yes,No,No,No,No,No,No,No,Month-to-month,Yes,Electronic check,24.8,324.15,No,0.4118,0,Medium,2026-02-01
4712-UYOOI,Female,No,Yes,Yes,20,Yes,No,No,No,No,No,No,No,No,Month-to-month,No,Electronic check,20.0,417.65,No,0.2314,0,Low,2026-02-01
8824-RWFXJ,Male,No,Yes,Yes,3,Yes,No,DSL,No,Yes,Yes,No,No,No,Month-to-month,Yes,Mailed check,56.15,168.15,Yes,0.5564,0,Medium,2026-08-01
7722-CVFXN,Male,No,Yes,Yes,54,Yes,Yes,Fiber optic,No,Yes,No,Yes,Yes,Yes,One year,Yes,Electronic check,105.2,5637.85,No,0.4333,0,Medium,2025-10-01
8717-VCTXJ,Male,No,No,No,42,Yes,No,No,No,No,No,No,No,No,One year,Yes,Mailed check,19.55,839.4,No,0.0734,0,Low,2025-12-01
7363-QTBIW,Female,No,Yes,No,9,Yes,No,Fiber optic,No,No,No,No,No,Yes,Month-to-month,Yes,Electronic check,79.75,769.1,No,0.8645,1,High,2025-11-01
4159-NAAIX,Female,No,No,No,63,Yes,Yes,Fiber optic,No,Yes,No,No,Yes,Yes,Two year,No,Bank transfer (automatic),97.45,6253.0,No,0.2135,0,Low,2025-11-01
0971-QIFJK,Female,No,Yes,No,69,Yes,Yes,No,No,No,No,No,No,No,Two year,No,Bank transfer (automatic),24.25,1641.8,No,0.011,0,Low,2026-07-01
9397-TZSHA,Female,No,No,No,69,Yes,Yes,No,No,No,No,No,No,No,Two year,No,Credit card (automatic),24.6,1678.05,No,0.0113,0,Low,2026-08-01
3391-JSQEW,Male,No,Yes,No,40,Yes,No,DSL,No,Yes,No,No,No,No,Month-to-month,Yes,Mailed check,50.15,2058.5,No,0.3101,0,Medium,2025-09-01
0343-QLUZP,Male,No,No,No,60,No,No,DSL,Yes,Yes,Yes,No,No,No,Two year,No,Bank transfer (automatic),39.6,2424.5,No,0.0299,0,Low,2026-04-01
9763-PDTKK,Female,No,No,No,4,Yes,No,Fiber optic,Yes,No,Yes,Yes,No,Yes,Month-to-month,Yes,Bank transfer (automatic),94.4,387.2,Yes,0.6849,0,High,2025-11-01
2176-LVPNX,Female,Yes,No,No,71,Yes,Yes,DSL,Yes,Yes,Yes,Yes,Yes,Yes,Two year,No,Mailed check,89.85,6293.45,No,0.0454,0,Low,2025-11-01
7627-JKIAZ,Female,No,Yes,No,37,Yes,Yes,Fiber optic,No,No,Yes,No,No,No,Month-to-month,Yes,Credit card (automatic),78.95,2839.65,Yes,0.6336,0,High,2025-12-01
3312-UUMZW,Male,No,Yes,No,32,Yes,Yes,Fiber optic,No,Yes,No,No,Yes,Yes,Month-to-month,Yes,Credit card (automatic),98.85,3145.9,No,0.7667,0,High,2025-11-01
1271-UODNO,Male,No,No,No,39,Yes,Yes,DSL,No,No,No,Yes,No,No,Two year,Yes,Credit card (automatic),53.85,2200.7,No,0.1124,0,Low,2026-02-01
8461-EFQYM,Female,No,No,No,38,Yes,Yes,No,No,No,No,No,No,No,One year,Yes,Electronic check,24.25,914.4,No,0.1404,0,Low,2026-08-01
6900-RBKER,Male,No,No,No,52,Yes,Yes,Fiber optic,No,No,Yes,No,No,Yes,Two year,Yes,Credit card (automatic),89.45,4577.75,No,0.3039,0,Medium,2026-04-01
6891-JPYFF,Female,No,Yes,Yes,48,Yes,Yes,Fiber optic,Yes,Yes,No,No,Yes,Yes,Month-to-month,Yes,Credit card (automatic),105.25,4997.5,No,0.5375,0,Medium,2026-05-01
1459-QNFQT,Male,No,Yes,Yes,70,No,No,DSL,Yes,No,Yes,Yes,Yes,Yes,Two year,No,Bank transfer (automatic),59.5,4144.8,No,0.0279,0,Low,2026-02-01
1047-NNCBF,Male,No,No,No,20,Yes,No,Fiber optic,No,No,No,No,No,No,Month-to-month,No,Credit card (automatic),70.55,1493.55,No,0.6264,0,High,2025-09-01
3696-XRIEN,Female,No,No,No,50,Yes,Yes,DSL,Yes,No,Yes,Yes,Yes,Yes,One year,Yes,Credit card (automatic),82.5,4179.1,No,0.1739,0,Low,2025-10-01
4081-DYXAV,Female,No,No,No,19,No,No,DSL,No,No,No,No,Yes,Yes,One year,Yes,Credit card (automatic),44.85,893.55,Yes,0.5577,0,Medium,2025-12-01
0074-HDKDG,Male,No,Yes,Yes,25,Yes,No,DSL,Yes,Yes,Yes,No,No,No,One year,Yes,Bank transfer (automatic),61.6,1611.0,No,0.1532,0,Low,2025-11-01
8791-GFXLZ,Male,No,No,No,12,Yes,No,DSL,No,Yes,No,No,No,No,Month-to-month,Yes,Bank transfer (automatic),49.05,593.05,No,0.5385,0,Medium,2026-07-01
8111-SLLHI,Male,Yes,Yes,No,39,Yes,Yes,Fiber optic,No,Yes,Yes,No,Yes,Yes,Month-to-month,Yes,Electronic check,105.65,4284.8,Yes,0.8315,1,High,2026-07-01
0927-LCSMG,Male,No,No,No,7,Yes,No,Fiber optic,No,No,Yes,No,No,No,Month-to-month,No,Mailed check,74.65,544.55,Yes,0.7152,0,High,2026-07-01
9330-DHBFL,Female,No,Yes,Yes,23,Yes,No,DSL,Yes,Yes,Yes,Yes,No,No,One year,Yes,Mailed check,66.25,1533.8,No,0.1231,0,Low,2026-04-01
0098-BOWSO,Male,No,No,No,27,Yes,No,No,No,No,No,No,No,No,Month-to-month,Yes,Electronic check,19.4,529.8,No,0.2961,0,Low,2026-03-01
3452-ABWRL,Male,Yes,No,No,47,Yes,Yes,Fiber optic,No,No,No,No,Yes,No,Month-to-month,Yes,Credit card (automatic),86.05,3865.6,No,0.6776,0,High,2026-04-01
5859-HZYLF,Male,No,Yes,Yes,26,Yes,No,No,No,No,No,No,No,No,Two year,Yes,Credit card (automatic),19.15,515.75,No,0.059,0,Low,2026-01-01
8257-RZAHR,Female,No,Yes,No,14,Yes,Yes,DSL,Yes,No,No,No,Yes,No,Month-to-month,Yes,Bank transfer (automatic),64.7,941.0,Yes,0.5618,0,Medium,2026-05-01
5293-WXJAK,Female,Yes,Yes,No,11,Yes,Yes,Fiber optic,No,No,Yes,Yes,Yes,Yes,Month-to-month,Yes,Bank transfer (automatic),104.05,1133.65,Yes,0.8378,1,High,2026-06-01
3156-QLHBO,Male,No,No,Yes,2,Yes,No,No,No,No,No,No,No,No,Month-to-month,No,Mailed check,19.25,48.35,No,0.3304,0,Medium,2026-06-01
2208-NQBCT,Female,No,Yes,Yes,26,Yes,No,Fiber optic,Yes,Yes,No,No,No,No,Month-to-month,No,Electronic check,81.95,2070.05,No,0.457,0,Medium,2026-04-01
1779-PWPMG,Female,Yes,Yes,No,72,Yes,Yes,Fiber optic,Yes,Yes,Yes,Yes,Yes,Yes,Two year,Yes,Bank transfer (automatic),114.65,8333.95,No,0.1687,0,Low,2025-09-01
6621-NRZAK,Female,No,Yes,Yes,63,Yes,No,No,No,No,No,No,No,No,Two year,No,Credit card (automatic),20.0,1209.25,No,0.0085,0,Low,2026-05-01
0831-JNISG,Male,No,Yes,Yes,71,Yes,No,No,No,No,No,No,No,No,Two year,No,Mailed check,19.8,1396.25,No,0.0065,0,Low,2026-01-01
0774-IFUVM,Male,No,Yes,Yes,11,Yes,Yes,DSL,Yes,No,No,No,Yes,No,Month-to-month,Yes,Bank transfer (automatic),65.15,723.35,No,0.5314,0,Medium,2026-05-01
3082-WQRVY,Male,Yes,Yes,No,14,Yes,No,No,No,No,No,No,No,No,One year,No,Mailed check,19.65,228.65,No,0.1763,0,Low,2026-03-01
9553-DLCLU,Female,No,No,Yes,13,Yes,Yes,DSL,Yes,Yes,Yes,Yes,Yes,Yes,Two year,No,Credit card (automatic),88.95,1161.75,No,0.1271,0,Low,2026-07-01
1641-BYBTK,Male,No,No,Yes,6,Yes,No,No,No,No,No,No,No,No,Month-to-month,Yes,Mailed check,20.2,98.35,No,0.3728,0,Medium,2026-01-01
2460-NGXBJ,Male,Yes,Yes,Yes,11,Yes,Yes,Fiber optic,No,No,No,No,No,No,Month-to-month,Yes,Credit card (automatic),75.2,775.3,No,0.792,0,High,2026-08-01
2446-ZKVAF,Male,No,Yes,No,18,Yes,Yes,DSL,No,Yes,No,No,No,No,Month-to-month,No,Credit card (automatic),56.8,1074.65,No,0.4497,0,Medium,2026-07-01
0841-NULXI,Male,No,No,No,1,No,No,DSL,No,No,No,No,No,Yes,Month-to-month,Yes,Electronic check,35.55,35.55,Yes,0.858,1,High,2025-12-01
3522-CDKHF,Female,No,Yes,No,32,Yes,No,Fiber optic,Yes,No,No,No,No,No,Month-to-month,Yes,Bank transfer (automatic),75.5,2324.7,No,0.5083,0,Medium,2026-02-01
1430-SFQSA,Male,No,No,No,29,No,No,DSL,Yes,No,No,Yes,No,No,One year,No,Mailed check,35.6,1072.6,No,0.1448,0,Low,2026-03-01
0411-EZJZE,Female,No,No,No,3,Yes,Yes,DSL,No,No,No,No,Yes,No,Month-to-month,Yes,Electronic check,60.25,170.5,No,0.8035,1,High,2026-06-01
7851-WZEKY,Female,No,No,No,2,Yes,Yes,Fiber optic,No,No,No,No,Yes,Yes,Month-to-month,Yes,Electronic check,95.15,196.9,Yes,0.9215,1,High,2026-05-01
8844-TONUD,Male,No,Yes,Yes,13,Yes,No,Fiber optic,No,No,Yes,No,Yes,Yes,Month-to-month,Yes,Mailed check,96.65,1162.85,Yes,0.7916,0,High,2026-07-01
8807-ARQET,Female,No,No,No,41,No,No,DSL,No,Yes,No,No,No,Yes,Month-to-month,Yes,Electronic check,40.35,1677.85,No,0.52,0,Medium,2026-01-01
8992-CEUEN,Female,No,No,No,1,Yes,No,No,No,No,No,No,No,No,Month-to-month,No,Electronic check,18.85,18.85,No,0.465,0,Medium,2026-03-01
4320-QMLLA,Male,No,No,No,7,Yes,No,DSL,No,No,No,No,Yes,No,Month-to-month,No,Mailed check,54.85,370.4,No,0.5939,0,Medium,2026-02-01
8777-PVYGU,Female,No,Yes,No,52,Yes,No,DSL,Yes,No,Yes,No,Yes,No,One year,Yes,Mailed check,64.3,3410.6,No,0.1278,0,Low,2026-07-01
8292-ITGYJ,Female,No,Yes,Yes,45,Yes,Yes,No,No,No,No,No,No,No,Two year,Yes,Bank transfer (automatic),24.65,1138.8,No,0.0342,0,Low,2025-12-01
6870-ZWMNX,Male,No,Yes,No,70,Yes,Yes,DSL,No,Yes,Yes,Yes,Yes,No,Two year,No,Credit card (automatic),76.1,5264.25,No,0.0352,0,Low,2026-04-01
0621-CXBKL,Female,No,No,No,53,Yes,No,No,No,No,No,No,No,No,Two year,No,Mailed check,18.7,1005.7,No,0.0174,0,Low,2025-10-01
5268-DSMNQ,Female,Yes,Yes,No,62,Yes,Yes,Fiber optic,No,Yes,Yes,No,Yes,No,One year,Yes,Credit card (automatic),97.95,5936.55,No,0.3759,0,Medium,2026-07-01
5334-JLAXU,Female,No,Yes,No,60,Yes,Yes,Fiber optic,Yes,Yes,No,No,No,Yes,Month-to-month,Yes,Credit card (automatic),94.1,5475.9,No,0.439,0,Medium,2026-01-01
4086-YQSNZ,Female,Yes,Yes,No,3,Yes,No,Fiber optic,No,No,No,No,Yes,No,Month-to-month,Yes,Electronic check,80.4,224.05,Yes,0.8923,1,High,2026-01-01
6242-MBHPK,Female,Yes,Yes,No,23,Yes,No,Fiber optic,Yes,No,No,No,Yes,Yes,Month-to-month,Yes,Electronic check,95.1,2326.05,No,0.814,1,High,2026-03-01
5868-CZJDR,Male,No,No,Yes,1,No,No,DSL,No,Yes,No,No,No,No,Month-to-month,Yes,Mailed check,31.35,31.35,Yes,0.6898,0,High,2026-02-01
9359-UGBTK,Female,No,No,No,67,Yes,No,DSL,Yes,No,Yes,Yes,No,Yes,One year,Yes,Bank transfer (automatic),72.35,4991.5,No,0.0662,0,Low,2026-07-01
0135-NMXAP,Female,No,No,No,12,Yes,Yes,Fiber optic,No,Yes,No,No,Yes,No,Month-to-month,Yes,Bank transfer (automatic),89.75,1052.4,Yes,0.7967,0,High,2026-03-01
4782-OSFXZ,Female,Yes,Yes,No,71,Yes,Yes,DSL,Yes,Yes,Yes,Yes,No,Yes,Two year,Yes,Bank transfer (automatic),82.7,5831.2,No,0.0449,0,Low,2026-03-01
6479-OAUSD,Male,No,No,No,25,Yes,No,No,No,No,No,No,No,No,One year,No,Credit card (automatic),19.9,510.8,No,0.0967,0,Low,2025-10-01
7129-ACFOG,Female,No,No,No,5,Yes,Yes,DSL,Yes,No,No,No,No,No,Month-to-month,Yes,Electronic check,53.8,283.95,No,0.6769,0,High,2025-09-01
4189-NAKJS,Male,No,No,No,26,Yes,Yes,DSL,No,No,No,No,No,No,One year,Yes,Credit card (automatic),51.55,1295.4,No,0.3369,0,Medium,2026-01-01
5562-BETPV,Male,No,Yes,Yes,1,Yes,No,No,No,No,No,No,No,No,One year,No,Mailed check,19.65,19.65,No,0.1979,0,Low,2026-08-01
1282-IHQAC,Male,Yes,No,No,70,No,No,DSL,No,Yes,Yes,No,Yes,No,One year,Yes,Credit card (automatic),44.05,3011.65,No,0.1212,0,Low,2026-08-01
9127-FHJBZ,Male,No,Yes,Yes,72,Yes,Yes,Fiber optic,Yes,Yes,Yes,Yes,Yes,Yes,Two year,Yes,Electronic check,114.0,8093.15,No,0.1576,0,Low,2026-04-01
6270-OMFIW,Male,No,Yes,No,60,Yes,No,Fiber optic,No,Yes,No,No,Yes,Yes,One year,Yes,Electronic check,94.4,5610.25,Yes,0.4588,0,Medium,2026-04-01
1641-RQDAY,Female,Yes,Yes,Yes,32,Yes,Yes,Fiber optic,No,Yes,No,No,Yes,Yes,Month-to-month,Yes,Electronic check,100.4,3217.65,No,0.817,1,High,2026-01-01
0107-WESLM,Male,No,No,No,1,Yes,No,No,No,No,No,No,No,No,Month-to-month,Yes,Electronic check,19.85,19.85,Yes,0.5602,0,Medium,2025-11-01
6994-ORCWG,Female,No,No,No,14,Yes,Yes,DSL,No,Yes,No,No,No,No,One year,Yes,Mailed check,54.25,773.2,No,0.4121,0,Medium,2025-09-01
1346-UFHAX,Female,No,No,No,13,Yes,Yes,Fiber optic,Yes,No,No,No,No,No,Month-to-month,Yes,Credit card (automatic),80.0,1029.35,No,0.7088,0,High,2026-01-01
3992-YWPKO,Female,No,No,No,6,Yes,Yes,Fiber optic,No,Yes,Yes,Yes,Yes,Yes,Month-to-month,Yes,Credit card (automatic),109.9,669.45,Yes,0.8034,1,High,2025-12-01
2933-XEUJM,Female,No,No,No,46,Yes,Yes,DSL,Yes,No,Yes,No,Yes,Yes,Two year,No,Mailed check,79.2,3593.8,No,0.109,0,Low,2025-11-01
0125-LZQXK,Male,No,No,No,15,Yes,No,Fiber optic,No,No,Yes,Yes,Yes,Yes,Month-to-month,Yes,Electronic check,101.35,1553.95,Yes,0.8183,1,High,2025-12-01
5461-QKNTN,Male,Yes,Yes,No,43,Yes,Yes,Fiber optic,No,Yes,No,Yes,Yes,No,Month-to-month,Yes,Electronic check,94.3,3953.15,No,0.6811,0,High,2025-09-01
4835-YSJMR,Male,No,No,No,39,Yes,No,DSL,No,No,No,Yes,No,No,Two year,Yes,Bank transfer (automatic),49.8,1971.15,No,0.086,0,Low,2026-04-01
8399-YNDCH,Male,Yes,No,No,21,Yes,No,DSL,No,No,Yes,No,Yes,No,Month-to-month,Yes,Bank transfer (automatic),60.05,1236.15,Yes,0.5906,0,Medium,2026-08-01
3164-YAXFY,Male,No,No,No,57,No,No,DSL,Yes,No,Yes,No,Yes,Yes,Month-to-month,Yes,Electronic check,53.75,3196.0,No,0.3948,0,Medium,2026-05-01
0887-WBJVH,Female,No,Yes,No,53,Yes,No,Fiber optic,No,No,No,Yes,Yes,Yes,One year,Yes,Electronic check,93.45,4872.2,No,0.4495,0,Medium,2026-02-01
4660-IRIBM,Male,No,Yes,Yes,18,Yes,No,Fiber optic,Yes,No,Yes,No,Yes,No,Month-to-month,Yes,Mailed check,87.9,1500.5,No,0.6253,0,High,2026-02-01
5673-FSSMF,Female,No,No,No,1,Yes,Yes,DSL,No,No,No,No,No,Yes,Month-to-month,Yes,Electronic check,60.15,60.15,Yes,0.8274,1,High,2025-12-01
7670-ZBPOQ,Female,No,Yes,No,58,Yes,Yes,DSL,Yes,No,No,Yes,No,No,One year,Yes,Bank transfer (automatic),61.05,3478.75,No,0.0726,0,Low,2025-10-01
8089-UZWLX,Female,Yes,No,No,71,Yes,Yes,Fiber optic,No,No,Yes,No,Yes,Yes,Two year,No,Bank transfer (automatic),104.05,7413.55,No,0.237,0,Low,2026-04-01
0080-OROZO,Female,No,No,No,35,Yes,No,Fiber optic,No,No,Yes,Yes,Yes,Yes,One year,Yes,Electronic check,99.25,3532.0,No,0.5726,0,Medium,2026-03-01
3916-NRPAP,Male,No,No,No,3,Yes,No,Fiber optic,No,No,Yes,No,No,Yes,Month-to-month,No,Credit card (automatic),85.7,256.75,No,0.7775,0,High,2025-09-01
6807-SIWJI,Male,No,No,No,38,Yes,Yes,Fiber optic,Yes,Yes,No,No,Yes,Yes,One year,Yes,Electronic check,104.85,3887.25,No,0.5686,0,Medium,2026-01-01
8221-HVAYI,Male,No,Yes,Yes,35,Yes,Yes,DSL,Yes,Yes,Yes,Yes,No,No,Two year,Yes,Credit card (automatic),69.15,2490.15,No,0.0611,0,Low,2025-12-01
1579-KLYDT,Male,No,No,No,7,Yes,Yes,Fiber optic,No,No,Yes,No,Yes,No,Month-to-month,Yes,Electronic check,90.45,593.45,Yes,0.8818,1,High,2025-11-01
5232-NXPAY,Female,No,No,No,47,Yes,No,DSL,No,No,Yes,Yes,Yes,Yes,Two year,No,Mailed check,74.45,3510.3,No,0.0885,0,Low,2026-05-01
8967-SZQAS,Female,No,No,No,14,Yes,No,DSL,No,Yes,No,No,No,No,Month-to-month,No,Electronic check,50.45,765.45,No,0.5154,0,Medium,2026-03-01
4468-KAZHE,Female,Yes,Yes,No,20,Yes,No,DSL,No,Yes,No,No,No,Yes,Month-to-month,Yes,Electronic check,60.0,1259.35,No,0.6728,0,High,2026-04-01
0455-ENTCR,Male,No,Yes,No,66,Yes,Yes,DSL,Yes,Yes,No,Yes,Yes,Yes,Two year,No,Electronic check,85.25,5538.35,No,0.057,0,Low,2026-05-01
8944-AILEF,Male,No,Yes,No,15,Yes,No,No,No,No,No,No,No,No,Month-to-month,Yes,Credit card (automatic),19.45,340.85,No,0.329,0,Medium,2026-08-01
5542-NKVRU,Female,No,No,No,42,Yes,No,No,No,No,No,No,No,No,Two year,Yes,Bank transfer (automatic),20.75,844.45,No,0.037,0,Low,2026-06-01
7126-RBHSD,Female,No,Yes,No,17,Yes,Yes,Fiber optic,Yes,No,No,No,No,No,Month-to-month,No,Electronic check,78.9,1348.95,No,0.6812,0,High,2026-04-01
5370-IIVVL,Male,No,No,No,37,Yes,Yes,Fiber optic,No,Yes,No,Yes,Yes,Yes,One year,Yes,Credit card (automatic),104.5,3778.0,No,0.5009,0,Medium,2026-07-01
6789-HJBWG,Female,No,No,No,12,Yes,No,DSL,No,Yes,No,No,No,No,Month-to-month,Yes,Electronic check,49.4,611.65,No,0.6243,0,High,2026-02-01
3927-NLNRY,Male,No,Yes,No,53,Yes,No,Fiber optic,No,Yes,No,No,Yes,Yes,One year,Yes,Bank transfer (automatic),94.25,4867.95,Yes,0.4081,0,Medium,2026-08-01
9087-EYCPR,Female,No,No,No,60,Yes,Yes,No,No,No,No,No,No,No,Two year,No,Mailed check,25.0,1505.05,No,0.0172,0,Low,2026-06-01
6791-YBNAK,Male,No,Yes,Yes,18,No,No,DSL,No,No,No,No,No,No,Month-to-month,No,Credit card (automatic),25.55,467.85,No,0.4633,0,Medium,2026-04-01
6358-LYNGM,Male,No,No,No,1,Yes,Yes,Fiber optic,No,No,No,No,No,No,Month-to-month,Yes,Electronic check,74.9,74.9,Yes,0.8868,1,High,2026-07-01
6077-BDPXA,Female,No,No,No,3,Yes,No,Fiber optic,No,No,No,No,No,No,Month-to-month,Yes,Electronic check,70.15,194.2,No,0.8516,1,High,2026-03-01
0013-MHZWF,Female,No,No,Yes,9,Yes,No,DSL,No,No,No,Yes,Yes,Yes,Month-to-month,Yes,Credit card (automatic),69.4,571.45,No,0.5753,0,Medium,2026-05-01
5494-HECPR,Female,No,No,No,1,Yes,No,Fiber optic,No,No,No,No,Yes,No,Month-to-month,Yes,Electronic check,80.25,80.25,Yes,0.8801,1,High,2025-12-01
8268-YDIXR,Male,No,Yes,No,56,Yes,Yes,Fiber optic,Yes,Yes,Yes,No,No,No,One year,Yes,Electronic check,93.15,5253.95,No,0.307,0,Medium,2026-08-01
9824-BEMCV,Male,No,Yes,Yes,17,Yes,No,Fiber optic,No,No,No,No,No,No,Month-to-month,Yes,Electronic check,69.0,1149.65,Yes,0.7489,0,High,2026-04-01
1373-ORVIZ,Female,No,Yes,Yes,11,Yes,Yes,DSL,No,No,No,Yes,No,Yes,Month-to-month,Yes,Electronic check,66.35,740.8,Yes,0.6497,0,High,2026-06-01
4291-SHSBH,Male,No,No,No,7,Yes,No,Fiber optic,No,No,No,No,No,No,Month-to-month,Yes,Electronic check,69.55,521.35,No,0.8398,1,High,2026-02-01
6980-IMXXE,Female,No,Yes,Yes,69,Yes,No,No,No,No,No,No,No,No,Two year,No,Bank transfer (automatic),20.2,1412.65,No,0.0066,0,Low,2026-07-01
9866-QEVEE,Male,No,No,No,19,Yes,Yes,Fiber optic,No,No,No,No,No,Yes,Month-to-month,Yes,Bank transfer (automatic),86.0,1532.45,Yes,0.8053,1,High,2025-09-01
9897-KXHCM,Female,No,Yes,Yes,3,Yes,No,Fiber optic,No,No,No,No,No,Yes,Month-to-month,Yes,Electronic check,80.3,250.05,Yes,0.8563,1,High,2025-10-01
0040-HALCW,Male,No,Yes,Yes,54,Yes,No,No,No,No,No,No,No,No,Two year,No,Credit card (automatic),20.4,1090.6,No,0.0127,0,Low,2026-03-01
0784-GTUUK,Male,No,Yes,No,62,Yes,Yes,No,No,No,No,No,No,No,One year,Yes,Credit card (automatic),23.75,1446.8,No,0.0402,0,Low,2026-05-01
7979-CORPM,Male,No,No,No,24,Yes,Yes,Fiber optic,No,Yes,No,No,Yes,No,Month-to-month,Yes,Credit card (automatic),90.55,2282.55,Yes,0.7499,0,High,2026-06-01
2294-DMMUS,Female,No,Yes,Yes,62,Yes,Yes,DSL,No,No,No,No,Yes,Yes,Month-to-month,Yes,Credit card (automatic),70.45,4300.45,No,0.3139,0,Medium,2026-02-01
0872-JCPIB,Male,No,No,No,17,Yes,Yes,DSL,Yes,No,No,No,No,Yes,Month-to-month,No,Bank transfer (automatic),65.75,1111.2,No,0.4692,0,Medium,2026-04-01
3055-MJDSB,Male,No,No,No,9,No,No,DSL,No,No,No,No,No,No,Month-to-month,Yes,Mailed check,24.6,190.1,No,0.7088,0,High,2026-03-01
9091-WTUUY,Male,No,Yes,Yes,64,Yes,No,DSL,Yes,No,Yes,Yes,Yes,No,Two year,No,Mailed check,69.25,4447.75,No,0.0209,0,Low,2026-08-01
1618-CFHME,Female,No,No,No,2,Yes,Yes,Fiber optic,No,No,No,No,No,No,Month-to-month,Yes,Electronic check,75.9,143.35,Yes,0.8805,1,High,2026-04-01
3165-HDOEW,Male,No,Yes,Yes,1,Yes,No,DSL,No,No,No,No,No,No,Month-to-month,Yes,Mailed check,45.85,45.85,Yes,0.6307,0,High,2026-02-01
6581-NQCBA,Female,No,Yes,No,16,No,No,DSL,No,No,No,Yes,Yes,Yes,Month-to-month,Yes,Electronic check,49.95,810.2,Yes,0.7396,0,High,2026-08-01
7115-IRDHS,Female,No,Yes,No,72,Yes,Yes,No,No,No,No,No,No,No,Two year,No,Bank transfer (automatic),24.65,1830.05,No,0.0099,0,Low,2025-10-01
8496-DMZUK,Male,No,No,No,30,Yes,Yes,Fiber optic,Yes,Yes,Yes,No,No,No,One year,No,Bank transfer (automatic),90.4,2820.65,No,0.3017,0,Medium,2026-08-01
2040-VZIKE,Female,No,Yes,No,49,Yes,Yes,Fiber optic,Yes,No,No,No,Yes,Yes,Month-to-month,Yes,Mailed check,100.85,4847.35,No,0.6281,0,High,2025-10-01
9068-VPWQQ,Male,No,Yes,No,61,Yes,Yes,DSL,Yes,No,Yes,Yes,No,Yes,Two year,No,Credit card (automatic),75.35,4729.3,No,0.0406,0,Low,2025-12-01
0178-SZBHO,Male,No,Yes,Yes,47,Yes,Yes,Fiber optic,No,Yes,No,No,Yes,No,Month-to-month,No,Electronic check,87.2,4017.45,No,0.5462,0,Medium,2026-06-01
0384-RVBPI,Male,No,No,No,20,Yes,No,DSL,Yes,No,Yes,No,No,Yes,Month-to-month,No,Credit card (automatic),64.4,1398.6,No,0.3892,0,Medium,2026-05-01
1689-MRZQR,Male,No,Yes,Yes,34,Yes,No,Fiber optic,No,No,No,No,Yes,No,Month-to-month,No,Electronic check,78.3,2564.3,Yes,0.6036,0,High,2026-08-01
1299-AURJA,Female,No,Yes,Yes,70,Yes,Yes,No,No,No,No,No,No,No,Two year,No,Bank transfer (automatic),24.7,1685.9,No,0.0084,0,Low,2026-05-01
4525-VZCZG,Male,No,No,Yes,54,Yes,No,Fiber optic,Yes,Yes,No,Yes,Yes,Yes,One year,Yes,Electronic check,105.85,5826.65,No,0.2927,0,Low,2026-04-01
1543-LLLFT,Male,Yes,Yes,No,61,Yes,Yes,Fiber optic,No,Yes,Yes,Yes,Yes,No,One year,Yes,Mailed check,98.3,6066.55,No,0.3344,0,Medium,2026-01-01
5835-BEQEU,Male,No,No,No,3,Yes,Yes,Fiber optic,No,No,No,No,No,No,Month-to-month,Yes,Electronic check,76.95,228.4,Yes,0.8782,1,High,2025-09-01
2788-CJQAQ,Male,No,No,No,13,Yes,No,No,No,No,No,No,No,No,One year,No,Mailed check,19.45,270.2,No,0.1587,0,Low,2025-10-01
5565-FILXA,Female,Yes,No,No,16,Yes,Yes,Fiber optic,No,No,No,No,Yes,Yes,Month-to-month,Yes,Electronic check,96.15,1529.2,Yes,0.9078,1,High,2025-12-01
0319-QZTCO,Female,No,Yes,Yes,3,Yes,No,DSL,No,Yes,No,No,Yes,No,Month-to-month,Yes,Credit card (automatic),58.7,168.6,No,0.6035,0,High,2025-09-01
2120-SMPEX,Male,No,No,No,25,Yes,No,No,No,No,No,No,No,No,Month-to-month,Yes,Mailed check,20.15,536.35,No,0.2518,0,Low,2026-03-01
0096-FCPUF,Male,No,No,No,30,Yes,Yes,DSL,Yes,No,No,No,No,Yes,Month-to-month,Yes,Mailed check,64.5,1888.45,No,0.4719,0,Medium,2026-06-01
0668-OGMHD,Female,No,Yes,No,21,No,No,DSL,Yes,No,No,No,No,No,Month-to-month,No,Electronic check,28.5,629.35,No,0.4757,0,Medium,2026-08-01
5552-ZNFSJ,Male,No,No,No,1,Yes,No,DSL,No,No,No,No,No,No,Month-to-month,No,Electronic check,45.3,45.3,Yes,0.672,0,High,2026-02-01
2223-KAGMX,Female,No,No,No,15,Yes,No,No,No,No,No,No,No,No,Month-to-month,No,Bank transfer (automatic),19.4,289.3,Yes,0.2463,0,Low,2026-07-01
6507-ZJSUR,Male,Yes,Yes,No,23,Yes,No,Fiber optic,No,No,No,No,Yes,Yes,Month-to-month,Yes,Electronic check,90.45,2117.25,No,0.8678,1,High,2026-08-01
9408-HRXRK,Female,No,Yes,Yes,45,Yes,Yes,Fiber optic,Yes,Yes,No,No,Yes,Yes,Month-to-month,Yes,Electronic check,105.15,4730.9,No,0.644,0,High,2026-07-01
5593-SUAOO,Female,No,Yes,Yes,24,Yes,Yes,Fiber optic,No,Yes,Yes,No,No,No,One year,No,Bank transfer (automatic),83.15,2033.05,No,0.3707,0,Medium,2026-02-01
7321-PKUYW,Female,No,No,No,11,Yes,Yes,Fiber optic,No,No,No,Yes,Yes,No,Month-to-month,No,Electronic check,90.15,987.95,Yes,0.768,0,High,2025-12-01
2833-SLKDQ,Male,No,No,No,1,Yes,No,DSL,No,No,No,No,No,No,Month-to-month,No,Mailed check,45.05,45.05,Yes,0.6009,0,High,2026-08-01
6766-HFKLA,Female,No,Yes,No,56,Yes,Yes,Fiber optic,No,No,Yes,Yes,Yes,Yes,Two year,No,Bank transfer (automatic),103.2,5744.35,No,0.2049,0,Low,2025-11-01
7595-EUIVN,Female,No,No,No,1,Yes,No,Fiber optic,No,Yes,No,No,No,No,Month-to-month,No,Electronic check,75.8,75.8,Yes,0.7772,0,High,2026-01-01
7617-EYGLW,Male,No,No,No,1,Yes,No,No,No,No,No,No,No,No,Month-to-month,No,Electronic check,19.45,19.45,No,0.468,0,Medium,2025-09-01
2026-TGDHM,Female,No,No,No,7,Yes,No,Fiber optic,No,No,No,No,No,Yes,Month-to-month,Yes,Electronic check,79.3,523.15,Yes,0.8708,1,High,2026-06-01
9220-ZNKJI,Female,Yes,Yes,No,55,Yes,No,Fiber optic,No,No,Yes,Yes,Yes,No,Two year,No,Credit card (automatic),88.8,4805.3,No,0.1409,0,Low,2026-04-01
4030-VPZBD,Female,No,No,No,2,No,No,DSL,No,No,No,Yes,No,No,Month-to-month,Yes,Electronic check,30.9,59.05,Yes,0.7485,0,High,2025-10-01
2226-ICFDO,Female,No,Yes,Yes,72,Yes,Yes,DSL,Yes,No,Yes,Yes,Yes,Yes,Two year,Yes,Credit card (automatic),85.9,6110.75,No,0.0443,0,Low,2025-11-01
0723-VSOBE,Female,Yes,No,No,45,No,No,DSL,No,No,No,No,No,Yes,One year,No,Electronic check,34.2,1596.6,No,0.3041,0,Medium,2026-03-01
5529-GIBVH,Female,No,No,No,47,Yes,No,No,No,No,No,No,No,No,Two year,No,Mailed check,20.15,1046.2,No,0.0228,0,Low,2026-03-01
4187-CINZD,Female,Yes,No,No,46,Yes,No,Fiber optic,No,Yes,No,No,Yes,Yes,One year,No,Credit card (automatic),95.25,4424.2,Yes,0.4191,0,Medium,2026-06-01
9992-UJOEL,Male,No,No,No,2,Yes,No,DSL,No,Yes,No,No,No,No,Month-to-month,Yes,Mailed check,50.3,92.75,No,0.6367,0,High,2025-12-01
4741-WWJQZ,Female,No,Yes,No,2,Yes,No,Fiber optic,Yes,No,No,Yes,No,No,Month-to-month,Yes,Electronic check,80.15,194.55,No,0.7248,0,High,2026-08-01
6625-UTXEW,Female,No,Yes,No,12,Yes,No,DSL,No,Yes,No,No,No,No,Month-to-month,Yes,Electronic check,51.25,612.1,No,0.6169,0,High,2026-02-01
6818-WOBHJ,Female,Yes,Yes,No,68,Yes,Yes,Fiber optic,No,Yes,No,No,No,Yes,Month-to-month,Yes,Bank transfer (automatic),89.6,6127.6,Yes,0.5349,0,Medium,2026-06-01
6244-BESBM,Male,No,Yes,Yes,69,Yes,No,Fiber optic,No,No,No,Yes,Yes,Yes,Two year,Yes,Credit card (automatic),95.2,6671.7,No,0.145,0,Low,2025-11-01
1004-NOZNR,Male,Yes,No,Yes,56,Yes,No,Fiber optic,Yes,No,No,No,Yes,Yes,One year,No,Credit card (automatic),94.8,5264.3,No,0.2556,0,Low,2025-09-01
1251-STYSZ,Female,Yes,No,No,4,Yes,Yes,Fiber optic,Yes,No,No,No,No,No,Month-to-month,Yes,Electronic check,80.25,303.7,No,0.8461,1,High,2025-09-01
2612-PHGOX,Male,No,Yes,No,64,Yes,Yes,DSL,No,Yes,Yes,Yes,Yes,No,Two year,Yes,Bank transfer (automatic),76.1,4818.8,No,0.0593,0,Low,2026-01-01
2408-TZMJL,Male,No,Yes,No,59,Yes,Yes,Fiber optic,Yes,Yes,Yes,No,Yes,Yes,One year,Yes,Electronic check,110.15,6448.05,Yes,0.4483,0,Medium,2026-08-01
8480-PPONV,Male,No,Yes,Yes,62,Yes,Yes,Fiber optic,Yes,Yes,Yes,Yes,Yes,Yes,Two year,No,Bank transfer (automatic),115.55,7159.05,No,0.1017,0,Low,2025-09-01
8780-IHCRN,Male,No,Yes,Yes,63,Yes,Yes,No,No,No,No,No,No,No,Two year,No,Credit card (automatic),24.65,1574.5,No,0.0117,0,Low,2026-01-01
4598-ZADCK,Female,No,No,No,53,No,No,DSL,Yes,Yes,Yes,Yes,Yes,No,One year,Yes,Electronic check,53.6,2879.2,No,0.1332,0,Low,2025-10-01
1257-SXUXQ,Male,No,Yes,Yes,5,Yes,No,No,No,No,No,No,No,No,Month-to-month,No,Mailed check,19.45,86.05,No,0.2989,0,Low,2026-08-01
9681-KYGYB,Male,Yes,Yes,No,49,Yes,Yes,Fiber optic,Yes,Yes,Yes,No,No,No,Month-to-month,Yes,Electronic check,88.2,4159.45,No,0.5597,0,Medium,2026-05-01
7182-OVLBJ,Female,No,Yes,Yes,62,Yes,Yes,Fiber optic,Yes,No,No,No,Yes,Yes,Two year,Yes,Bank transfer (automatic),101.15,6638.35,No,0.2091,0,Low,2026-06-01
5095-ETBRJ,Female,No,Yes,No,55,Yes,No,DSL,Yes,Yes,No,Yes,No,No,Two year,No,Mailed check,56.8,3112.05,No,0.022,0,Low,2026-05-01
7005-CYUIL,Female,Yes,Yes,No,71,Yes,No,Fiber optic,Yes,Yes,Yes,Yes,Yes,No,Two year,Yes,Electronic check,99.4,7168.25,No,0.1273,0,Low,2026-04-01
4821-WQOYN,Female,No,Yes,Yes,72,Yes,No,No,No,No,No,No,No,No,Two year,Yes,Credit card (automatic),20.1,1326.25,No,0.0083,0,Low,2026-06-01
4730-AWNAU,Male,No,Yes,Yes,36,No,No,DSL,Yes,No,Yes,Yes,Yes,Yes,One year,No,Credit card (automatic),60.7,2234.55,No,0.1488,0,Low,2025-09-01
3452-FLHYD,Male,No,Yes,No,25,Yes,No,No,No,No,No,No,No,No,One year,Yes,Bank transfer (automatic),20.95,495.15,No,0.1303,0,Low,2026-07-01
2388-LAESQ,Female,Yes,Yes,No,72,Yes,Yes,Fiber optic,Yes,Yes,Yes,Yes,Yes,Yes,Two year,Yes,Bank transfer (automatic),114.85,8317.95,No,0.1679,0,Low,2026-05-01
9531-NSBMR,Female,No,No,No,36,Yes,No,No,No,No,No,No,No,No,One year,Yes,Bank transfer (automatic),19.25,679.8,No,0.0859,0,Low,2026-05-01
6260-ONULR,Male,No,No,No,1,Yes,No,DSL,No,No,No,No,Yes,Yes,Month-to-month,Yes,Mailed check,62.8,62.8,No,0.7788,0,High,2026-01-01
4389-UEFCZ,Female,No,Yes,No,72,Yes,Yes,Fiber optic,Yes,No,Yes,No,Yes,Yes,Two year,Yes,Electronic check,105.5,7544.0,No,0.2601,0,Low,2026-06-01
8711-LOBKY,Male,No,Yes,Yes,59,Yes,No,No,No,No,No,No,No,No,Two year,No,Mailed check,19.85,1188.25,No,0.0109,0,Low,2026-01-01
9134-CEQMF,Male,Yes,Yes,No,7,Yes,No,Fiber optic,No,No,No,No,Yes,Yes,Month-to-month,Yes,Electronic check,89.5,676.7,Yes,0.9108,1,High,2025-09-01
8985-OOPOS,Female,No,No,No,1,Yes,No,DSL,No,No,Yes,Yes,Yes,Yes,One year,No,Credit card (automatic),74.1,74.1,No,0.4142,0,Medium,2026-07-01
8800-ZKRFW,Female,No,Yes,Yes,30,Yes,Yes,Fiber optic,No,Yes,Yes,Yes,Yes,Yes,Month-to-month,Yes,Electronic check,107.5,3242.5,No,0.7312,0,High,2025-11-01
2616-FLVQC,Male,No,No,No,64,Yes,No,No,No,No,No,No,No,No,Two year,No,Mailed check,19.55,1240.15,No,0.0111,0,Low,2025-10-01
9968-FFVVH,Male,No,No,No,63,Yes,Yes,DSL,Yes,Yes,Yes,Yes,No,No,One year,No,Bank transfer (automatic),68.8,4111.35,No,0.0392,0,Low,2026-04-01
3108-PCCGG,Male,Yes,Yes,No,72,Yes,Yes,DSL,Yes,Yes,Yes,No,Yes,Yes,Two year,No,Credit card (automatic),84.45,5899.85,No,0.0552,0,Low,2025-11-01
7993-PYKOF,Male,No,Yes,No,8,Yes,No,Fiber optic,Yes,No,No,No,No,No,Month-to-month,No,Electronic check,75.0,632.95,Yes,0.6914,0,High,2026-07-01
8390-FESFV,Female,No,No,No,62,Yes,Yes,DSL,No,Yes,Yes,Yes,Yes,Yes,Two year,No,Bank transfer (automatic),84.5,5193.2,No,0.0639,0,Low,2026-02-01
3022-BEXHZ,Male,No,Yes,Yes,67,Yes,Yes,Fiber optic,No,Yes,Yes,Yes,Yes,Yes,Two year,Yes,Bank transfer (automatic),111.2,7530.8,No,0.1787,0,Low,2025-09-01
5027-XWQHA,Male,No,No,No,6,Yes,No,DSL,No,No,No,No,No,No,Month-to-month,No,Electronic check,44.75,270.95,Yes,0.6314,0,High,2026-08-01
6248-TKCQV,Female,No,Yes,Yes,70,Yes,Yes,DSL,Yes,No,No,Yes,Yes,Yes,Two year,Yes,Bank transfer (automatic),80.6,5460.2,No,0.044,0,Low,2026-03-01
6729-GDNGC,Female,Yes,No,No,20,Yes,No,Fiber optic,No,No,No,No,Yes,No,Month-to-month,No,Bank transfer (automatic),80.7,1614.2,No,0.7081,0,High,2025-12-01
6198-ZFIOJ,Female,No,No,No,5,Yes,Yes,Fiber optic,No,No,No,No,No,No,Month-to-month,No,Electronic check,75.6,402.5,No,0.8238,1,High,2026-05-01
5989-OMNJE,Female,No,Yes,Yes,24,No,No,DSL,Yes,Yes,Yes,No,Yes,Yes,One year,No,Electronic check,57.6,1367.75,No,0.3093,0,Medium,2026-03-01
4566-QVRRW,Female,No,Yes,No,11,Yes,No,DSL,No,No,No,No,No,No,Month-to-month,Yes,Electronic check,44.05,483.7,Yes,0.6688,0,High,2025-09-01
1291-CUOCY,Male,No,Yes,No,72,Yes,Yes,Fiber optic,No,Yes,Yes,Yes,Yes,Yes,Two year,Yes,Credit card (automatic),110.6,7962.2,No,0.1952,0,Low,2026-06-01
9795-SHUHB,Female,No,Yes,Yes,66,Yes,No,DSL,Yes,Yes,No,Yes,No,No,Two year,Yes,Credit card (automatic),58.2,3810.8,No,0.0167,0,Low,2026-01-01
3230-IUALN,Female,No,Yes,Yes,45,Yes,No,DSL,Yes,No,Yes,Yes,Yes,Yes,Two year,Yes,Mailed check,81.0,3533.6,No,0.0723,0,Low,2026-05-01
0042-RLHYP,Female,No,Yes,Yes,69,Yes,No,No,No,No,No,No,No,No,Two year,No,Bank transfer (automatic),19.7,1396.9,No,0.0066,0,Low,2026-07-01
8519-IMDHU,Male,Yes,Yes,No,15,Yes,Yes,Fiber optic,No,No,No,No,No,Yes,Month-to-month,Yes,Bank transfer (automatic),85.6,1345.55,Yes,0.8527,1,High,2026-04-01
4945-RVMTE,Female,No,No,No,28,Yes,No,DSL,No,No,Yes,No,Yes,No,Month-to-month,Yes,Bank transfer (automatic),59.55,1646.45,No,0.4798,0,Medium,2026-05-01
0201-OAMXR,Female,No,No,No,70,Yes,Yes,Fiber optic,Yes,Yes,Yes,Yes,Yes,Yes,One year,No,Credit card (automatic),115.55,8127.6,Yes,0.1866,0,Low,2025-12-01
1866-NXPSP,Female,No,No,No,36,Yes,No,DSL,Yes,Yes,Yes,Yes,No,Yes,One year,Yes,Mailed check,75.55,2680.15,No,0.1412,0,Low,2025-11-01
3372-KWFBM,Male,Yes,No,No,16,Yes,Yes,Fiber optic,No,No,No,No,Yes,No,Month-to-month,Yes,Electronic check,86.6,1281.0,Yes,0.8784,1,High,2026-01-01
7831-QGOXH,Female,No,No,No,18,Yes,Yes,Fiber optic,No,No,No,No,Yes,No,Month-to-month,Yes,Electronic check,85.2,1553.9,Yes,0.8514,1,High,2026-07-01
6393-WRYZE,Female,No,Yes,No,34,Yes,Yes,Fiber optic,No,No,No,No,Yes,Yes,Month-to-month,Yes,Electronic check,97.65,3207.55,Yes,0.8308,1,High,2026-03-01
3941-XTSKM,Male,No,Yes,Yes,42,No,No,DSL,No,Yes,Yes,No,No,Yes,One year,Yes,Credit card (automatic),45.1,2049.05,No,0.2253,0,Low,2026-01-01
1661-CZBAU,Male,No,No,No,48,Yes,Yes,DSL,Yes,No,No,Yes,No,Yes,One year,Yes,Bank transfer (automatic),70.95,3629.2,No,0.1488,0,Low,2026-06-01
6599-RCLCJ,Male,No,Yes,No,47,Yes,Yes,Fiber optic,No,Yes,Yes,Yes,Yes,Yes,Month-to-month,Yes,Electronic check,109.55,5124.55,Yes,0.6999,0,High,2026-07-01
9831-BPFRI,Female,No,Yes,Yes,39,Yes,Yes,Fiber optic,No,Yes,Yes,Yes,No,No,One year,Yes,Electronic check,89.55,3474.45,Yes,0.3637,0,Medium,2026-07-01
5158-RIVOP,Female,No,Yes,Yes,11,Yes,No,No,No,No,No,No,No,No,Two year,No,Credit card (automatic),20.9,202.3,No,0.0728,0,Low,2025-12-01
9788-YTFGE,Male,No,No,No,7,Yes,No,No,No,No,No,No,No,No,Month-to-month,Yes,Mailed check,19.95,147.5,No,0.4196,0,Medium,2026-05-01
9277-JOOMO,Female,No,No,No,3,Yes,Yes,No,No,No,No,No,No,No,Month-to-month,No,Mailed check,24.6,86.35,No,0.4216,0,Medium,2026-04-01
1907-YLNYW,Male,No,No,No,8,Yes,No,DSL,Yes,No,Yes,No,No,Yes,Month-to-month,Yes,Electronic check,66.7,579.0,No,0.6547,0,High,2026-02-01
1725-MIMXW,Male,No,No,Yes,1,Yes,No,No,No,No,No,No,No,No,Month-to-month,Yes,Mailed check,19.45,19.45,Yes,0.4272,0,Medium,2026-01-01
8947-YRTDV,Male,No,Yes,Yes,32,Yes,No,Fiber optic,Yes,Yes,Yes,No,No,Yes,One year,No,Mailed check,94.8,3131.55,No,0.2706,0,Low,2025-10-01
3161-ONRWK,Male,No,Yes,Yes,60,Yes,No,DSL,Yes,Yes,Yes,Yes,No,No,One year,Yes,Bank transfer (automatic),65.85,3928.3,No,0.0388,0,Low,2025-12-01
0114-RSRRW,Female,No,Yes,No,10,Yes,No,No,No,No,No,No,No,No,Month-to-month,Yes,Bank transfer (automatic),19.95,187.75,No,0.3664,0,Medium,2026-03-01
4565-NLZBV,Female,No,Yes,No,71,Yes,Yes,No,No,No,No,No,No,No,Two year,Yes,Bank transfer (automatic),24.65,1710.15,No,0.0146,0,Low,2026-07-01
0031-PVLZI,Female,No,Yes,Yes,4,Yes,No,No,No,No,No,No,No,No,Month-to-month,No,Mailed check,20.35,76.35,Yes,0.3023,0,Medium,2026-07-01
7206-GZCDC,Female,Yes,No,No,1,Yes,No,Fiber optic,No,No,No,No,No,No,Month-to-month,Yes,Electronic check,69.25,69.25,Yes,0.8828,1,High,2025-11-01
6682-VCIXC,Female,No,Yes,Yes,43,No,No,DSL,Yes,Yes,No,Yes,Yes,No,One year,Yes,Bank transfer (automatic),51.25,2151.6,No,0.1042,0,Low,2026-05-01
4791-QRGMF,Male,No,Yes,No,59,Yes,Yes,Fiber optic,No,No,Yes,No,Yes,Yes,One year,Yes,Bank transfer (automatic),99.5,5961.1,Yes,0.4849,0,Medium,2025-10-01
6475-VHUIZ,Female,No,Yes,No,23,Yes,No,DSL,No,No,Yes,Yes,No,No,Month-to-month,No,Electronic check,54.25,1221.55,No,0.3759,0,Medium,2026-05-01
3910-MRQOY,Female,No,Yes,No,72,Yes,No,No,No,No,No,No,No,No,Two year,No,Bank transfer (automatic),19.4,1496.45,No,0.0074,0,Low,2026-01-01
0661-WCQNQ,Male,No,Yes,No,22,Yes,No,DSL,Yes,No,No,Yes,No,No,One year,Yes,Credit card (automatic),56.25,1292.2,No,0.1774,0,Low,2026-02-01
7537-RBWEA,Female,No,No,No,1,No,No,DSL,No,No,No,No,No,No,Month-to-month,Yes,Mailed check,25.15,25.15,No,0.7695,0,High,2026-05-01
4656-CAURT,Male,No,No,No,69,Yes,Yes,No,No,No,No,No,No,No,Two year,No,Bank transfer (automatic),23.95,1713.1,No,0.0115,0,Low,2026-02-01
0121-SNYRK,Male,No,No,No,50,No,No,DSL,Yes,No,No,Yes,No,No,One year,Yes,Mailed check,35.4,1748.9,No,0.0964,0,Low,2026-06-01
1768-ZAIFU,Female,Yes,No,No,1,No,No,DSL,No,No,No,No,No,No,Month-to-month,Yes,Electronic check,25.2,25.2,Yes,0.847,1,High,2026-03-01
4671-LXRDQ,Male,No,No,No,2,Yes,No,DSL,No,No,No,No,No,No,Month-to-month,Yes,Mailed check,45.0,96.45,Yes,0.6789,0,High,2026-08-01
3733-LSYCE,Female,No,Yes,No,15,Yes,No,Fiber optic,No,Yes,No,No,No,No,Month-to-month,No,Bank transfer (automatic),75.35,1114.55,No,0.6094,0,High,2026-04-01
6265-FRMTQ,Male,No,No,No,31,Yes,No,No,No,No,No,No,No,No,Two year,No,Bank transfer (automatic),20.4,609.1,No,0.0413,0,Low,2025-12-01
1934-SJVJK,Male,No,No,No,1,Yes,No,No,No,No,No,No,No,No,Month-to-month,No,Mailed check,20.15,20.15,Yes,0.3902,0,Medium,2026-06-01
3838-OZURD,Male,No,Yes,No,66,Yes,Yes,Fiber optic,No,Yes,Yes,No,Yes,Yes,Month-to-month,Yes,Credit card (automatic),105.0,7133.25,Yes,0.6023,0,High,2026-01-01
1371-DWPAZ,Female,No,Yes,Yes,0,No,No,DSL,Yes,Yes,Yes,Yes,Yes,No,Two year,No,Credit card (automatic),56.05,0.0,No,0.1608,0,Low,2026-03-01
9269-CQOOL,Male,No,No,Yes,3,Yes,No,DSL,No,No,No,No,Yes,No,Month-to-month,Yes,Credit card (automatic),54.7,169.45,Yes,0.6507,0,High,2025-10-01
2017-CCBLH,Female,No,No,No,8,Yes,No,No,No,No,No,No,No,No,Two year,No,Mailed check,20.0,141.6,No,0.1074,0,Low,2025-10-01
7690-KPNCU,Male,No,Yes,Yes,64,Yes,No,DSL,Yes,No,Yes,No,Yes,Yes,One year,Yes,Credit card (automatic),73.05,4688.65,No,0.1018,0,Low,2026-03-01
0536-BGFMZ,Female,No,Yes,No,28,Yes,No,No,No,No,No,No,No,No,Month-to-month,No,Mailed check,20.5,563.05,No,0.1634,0,Low,2025-11-01
2293-IJWPS,Female,No,Yes,No,57,Yes,Yes,Fiber optic,No,No,Yes,No,Yes,Yes,One year,Yes,Credit card (automatic),100.75,5985.0,No,0.5047,0,Medium,2026-08-01
2845-HSJCY,Female,No,Yes,Yes,14,Yes,Yes,Fiber optic,No,No,Yes,No,No,Yes,Month-to-month,Yes,Electronic check,87.25,1258.6,Yes,0.8447,1,High,2026-07-01
5469-NUJUR,Male,No,No,No,19,Yes,No,No,No,No,No,No,No,No,Two year,Yes,Mailed check,19.95,373.5,No,0.1006,0,Low,2026-05-01
1184-PJVDB,Male,No,Yes,No,10,Yes,No,Fiber optic,No,No,No,No,Yes,No,Month-to-month,Yes,Electronic check,79.95,857.2,Yes,0.8525,1,High,2026-05-01
2625-TRCZQ,Female,No,Yes,No,51,No,No,DSL,No,Yes,No,No,Yes,Yes,Month-to-month,Yes,Electronic check,49.65,2553.35,No,0.4952,0,Medium,2026-04-01
4102-HLENU,Female,No,Yes,No,67,Yes,Yes,DSL,Yes,Yes,Yes,No,No,No,Two year,No,Mailed check,65.65,4322.85,No,0.027,0,Low,2025-09-01
7266-GSSJX,Male,No,Yes,Yes,11,Yes,No,No,No,No,No,No,No,No,Month-to-month,Yes,Electronic check,20.45,250.8,No,0.3953,0,Medium,2026-01-01
7722-VJRQD,Male,No,Yes,Yes,72,No,No,DSL,Yes,No,Yes,Yes,Yes,Yes,Two year,No,Bank transfer (automatic),60.95,4549.05,No,0.0274,0,Low,2026-02-01
7073-QETQY,Male,No,Yes,Yes,66,Yes,No,No,No,No,No,No,No,No,One year,Yes,Electronic check,20.35,1359.5,No,0.0296,0,Low,2026-07-01
9415-DPEWS,Female,No,No,No,18,Yes,Yes,Fiber optic,No,No,No,Yes,Yes,No,Month-to-month,Yes,Electronic check,88.35,1639.3,Yes,0.8035,1,High,2025-11-01
5624-RYAMH,Female,No,No,No,9,Yes,No,No,No,No,No,No,No,No,Month-to-month,Yes,Electronic check,19.5,178.85,No,0.4713,0,Medium,2026-02-01
0196-JTUQI,Female,No,No,No,9,Yes,Yes,Fiber optic,No,No,No,No,No,No,Month-to-month,Yes,Credit card (automatic),75.2,633.85,No,0.8061,1,High,2026-01-01
7130-YXBRO,Male,No,Yes,No,48,Yes,Yes,Fiber optic,Yes,Yes,Yes,No,Yes,Yes,Month-to-month,Yes,Bank transfer (automatic),111.45,5315.1,No,0.5961,0,Medium,2025-10-01
9272-LSVYH,Male,No,No,No,10,Yes,No,Fiber optic,No,No,No,No,No,No,Month-to-month,No,Mailed check,70.15,735.5,No,0.7051,0,High,2025-10-01
7943-RQCHR,Female,No,No,No,9,Yes,Yes,Fiber optic,No,No,No,No,Yes,Yes,Month-to-month,Yes,Electronic check,94.75,889.9,Yes,0.9083,1,High,2026-01-01
3793-MMFUH,Female,Yes,No,No,13,Yes,Yes,Fiber optic,No,No,No,No,Yes,Yes,Month-to-month,Yes,Electronic check,95.05,1290.0,Yes,0.9158,1,High,2025-09-01
3249-ZPQRG,Male,No,No,No,4,Yes,Yes,Fiber optic,No,Yes,No,No,No,No,Month-to-month,No,Electronic check,78.45,330.05,Yes,0.8073,1,High,2025-09-01
2568-BRGYX,Male,No,No,No,4,Yes,No,Fiber optic,No,No,No,No,No,No,Month-to-month,Yes,Electronic check,70.2,237.95,Yes,0.8491,1,High,2026-01-01
3084-DOWLE,Female,No,Yes,No,72,Yes,Yes,DSL,Yes,Yes,Yes,Yes,Yes,Yes,Two year,No,Bank transfer (automatic),92.0,6474.4,No,0.0341,0,Low,2025-11-01
1084-MNSMJ,Female,No,Yes,Yes,51,Yes,No,DSL,Yes,Yes,Yes,Yes,Yes,Yes,Two year,No,Credit card (automatic),85.5,4421.95,No,0.0378,0,Low,2026-03-01
7721-JXEAW,Male,No,Yes,No,59,No,No,DSL,No,Yes,No,No,No,Yes,Month-to-month,Yes,Bank transfer (automatic),41.05,2452.7,Yes,0.2754,0,Low,2025-09-01
7249-WBIYX,Male,No,Yes,No,10,Yes,Yes,Fiber optic,No,No,No,No,Yes,No,Month-to-month,Yes,Electronic check,85.6,813.85,Yes,0.8765,1,High,2025-12-01
4238-HFHSN,Male,Yes,Yes,No,61,Yes,Yes,Fiber optic,No,Yes,No,No,No,No,Month-to-month,Yes,Electronic check,82.15,4904.85,No,0.5719,0,Medium,2026-02-01
6250-CGGUN,Male,No,No,No,54,Yes,No,Fiber optic,Yes,No,Yes,Yes,No,No,One year,No,Electronic check,84.4,4484.05,No,0.1637,0,Low,2026-08-01
5478-JJVZK,Female,No,No,No,33,Yes,Yes,DSL,Yes,Yes,No,No,No,No,Month-to-month,Yes,Mailed check,60.9,2033.85,No,0.3305,0,Medium,2026-04-01
7596-IIWYC,Female,No,No,No,27,Yes,No,No,No,No,No,No,No,No,Two year,Yes,Bank transfer (automatic),20.25,538.2,No,0.0682,0,Low,2026-07-01
6567-HOOPW,Female,Yes,No,No,1,Yes,No,Fiber optic,No,No,No,No,Yes,No,Month-to-month,Yes,Electronic check,79.2,79.2,Yes,0.9003,1,High,2026-01-01
9793-WECQC,Male,No,No,No,23,Yes,No,Fiber optic,No,Yes,No,No,Yes,Yes,Month-to-month,No,Mailed check,95.3,2192.9,No,0.6998,0,High,2026-02-01
4291-HPAXL,Male,No,No,Yes,1,Yes,No,No,No,No,No,No,No,No,Month-to-month,No,Mailed check,19.85,19.85,No,0.338,0,Medium,2026-02-01
8999-YPYBV,Male,No,Yes,Yes,45,Yes,No,DSL,Yes,Yes,Yes,Yes,Yes,Yes,Two year,Yes,Mailed check,84.35,3858.05,No,0.0675,0,Low,2026-07-01
1839-FBNFR,Female,No,Yes,Yes,39,Yes,No,No,No,No,No,No,No,No,Two year,Yes,Bank transfer (automatic),19.85,854.8,No,0.034,0,Low,2026-08-01
3164-AALRN,Male,No,No,No,5,Yes,No,DSL,No,No,Yes,No,Yes,Yes,One year,Yes,Mailed check,70.0,347.4,Yes,0.583,0,Medium,2026-08-01
3071-MVJCD,Male,No,Yes,Yes,72,Yes,Yes,DSL,Yes,Yes,Yes,Yes,Yes,No,Two year,No,Bank transfer (automatic),82.3,5815.15,No,0.0185,0,Low,2026-06-01
1697-BCSHV,Female,No,Yes,Yes,58,Yes,Yes,DSL,No,Yes,No,No,Yes,No,Month-to-month,Yes,Bank transfer (automatic),66.8,3970.4,No,0.2414,0,Low,2026-03-01
0562-KBDVM,Female,No,No,No,70,No,No,DSL,Yes,Yes,Yes,Yes,No,No,Two year,Yes,Bank transfer (automatic),44.6,3058.15,No,0.0213,0,Low,2026-03-01
1131-SUEKT,Male,No,Yes,Yes,61,Yes,No,Fiber optic,No,Yes,No,Yes,Yes,Yes,One year,Yes,Bank transfer (automatic),98.45,6145.2,No,0.2575,0,Low,2026-08-01
3717-OEAUQ,Male,No,No,No,2,Yes,No,Fiber optic,No,No,No,No,No,No,Month-to-month,No,Mailed check,70.7,129.2,No,0.7515,0,High,2025-12-01
4538-WNTMJ,Female,No,Yes,Yes,46,Yes,Yes,No,No,No,No,No,No,No,One year,No,Mailed check,24.95,1165.9,No,0.0445,0,Low,2026-01-01
3334-CTHOL,Female,No,No,No,1,Yes,Yes,DSL,No,No,No,No,No,No,Month-to-month,Yes,Bank transfer (automatic),49.95,49.95,Yes,0.7168,0,High,2026-07-01
4704-ERYFC,Female,No,Yes,No,22,Yes,No,Fiber optic,No,No,No,No,No,No,Month-to-month,Yes,Electronic check,69.25,1554.0,Yes,0.7605,0,High,2026-01-01
9432-RUVSL,Female,No,No,No,48,Yes,No,Fiber optic,Yes,No,Yes,Yes,Yes,Yes,Two year,Yes,Credit card (automatic),102.5,4904.25,No,0.1943,0,Low,2025-11-01
8060-HIWJJ,Male,No,No,No,64,Yes,Yes,DSL,No,Yes,Yes,Yes,Yes,Yes,Two year,No,Credit card (automatic),86.55,5632.55,No,0.0647,0,Low,2026-03-01
7684-XSZIY,Male,No,Yes,Yes,72,Yes,Yes,No,No,No,No,No,No,No,Two year,No,Bank transfer (automatic),24.3,1643.25,No,0.0077,0,Low,2025-12-01
9089-UOWJG,Female,No,Yes,Yes,12,Yes,No,DSL,No,No,Yes,No,Yes,No,Month-to-month,Yes,Credit card (automatic),58.35,740.55,No,0.5637,0,Medium,2026-07-01
8621-MNIHH,Female,Yes,Yes,No,34,Yes,Yes,Fiber optic,No,Yes,Yes,No,No,Yes,Month-to-month,Yes,Electronic check,94.25,3217.55,Yes,0.8038,1,High,2026-07-01
8039-ACLPL,Female,No,Yes,Yes,72,Yes,No,DSL,Yes,Yes,Yes,No,No,Yes,Two year,No,Credit card (automatic),68.75,4888.2,No,0.0197,0,Low,2025-12-01
9885-AIBVB,Male,No,Yes,No,29,Yes,Yes,Fiber optic,No,Yes,Yes,No,No,No,Month-to-month,Yes,Electronic check,85.8,2440.25,No,0.7329,0,High,2026-03-01
1934-MKPXS,Male,No,Yes,Yes,33,Yes,No,No,No,No,No,No,No,No,One year,No,Credit card (automatic),20.1,620.55,No,0.0557,0,Low,2026-08-01
2592-YKDIF,Female,No,No,No,1,Yes,No,No,No,No,No,No,No,No,Month-to-month,No,Mailed check,20.35,20.35,No,0.3852,0,Medium,2026-05-01
2272-JKMSI,Female,No,Yes,Yes,62,Yes,Yes,Fiber optic,No,Yes,Yes,Yes,Yes,Yes,One year,Yes,Electronic check,110.8,6840.95,No,0.3881,0,Medium,2025-11-01
0471-LVHGK,Male,No,Yes,No,41,Yes,Yes,DSL,No,No,Yes,No,Yes,Yes,One year,Yes,Electronic check,73.0,3001.2,Yes,0.4447,0,Medium,2026-04-01
9518-RWHZL,Female,No,No,No,64,Yes,Yes,Fiber optic,No,No,Yes,No,Yes,Yes,One year,Yes,Credit card (automatic),100.05,6254.2,Yes,0.4422,0,Medium,2026-04-01
8714-CTZJW,Female,No,No,No,4,Yes,No,Fiber optic,No,No,Yes,No,No,Yes,Month-to-month,Yes,Credit card (automatic),82.85,319.6,No,0.8328,1,High,2026-04-01
3569-EDBPQ,Female,No,No,No,24,Yes,Yes,Fiber optic,Yes,No,No,Yes,No,No,Month-to-month,Yes,Electronic check,84.35,1938.05,No,0.6375,0,High,2025-09-01
3131-NWVFJ,Female,No,Yes,Yes,14,Yes,No,No,No,No,No,No,No,No,One year,No,Mailed check,19.55,294.5,No,0.1225,0,Low,2025-12-01
7521-YXVZY,Male,No,No,Yes,3,Yes,No,No,No,No,No,No,No,No,Month-to-month,No,Mailed check,19.95,58.3,No,0.3188,0,Medium,2026-07-01
5419-CONWX,Female,Yes,No,No,4,Yes,No,Fiber optic,No,Yes,Yes,No,Yes,Yes,Month-to-month,Yes,Credit card (automatic),99.8,442.85,Yes,0.8585,1,High,2025-11-01
6240-EURKS,Female,No,No,Yes,18,No,No,DSL,No,No,No,No,No,Yes,Month-to-month,Yes,Electronic check,35.0,553.0,Yes,0.705,0,High,2025-12-01
2373-NTKOD,Male,No,No,No,8,Yes,No,DSL,No,No,No,No,Yes,Yes,Month-to-month,Yes,Electronic check,66.25,546.45,No,0.7873,0,High,2025-12-01
1970-KKFWL,Female,No,No,No,35,Yes,Yes,No,No,No,No,No,No,No,Two year,No,Bank transfer (automatic),23.3,797.1,No,0.0446,0,Low,2025-11-01
6960-HVYXR,Female,No,No,No,1,Yes,Yes,Fiber optic,No,No,No,No,No,No,Month-to-month,No,Electronic check,76.0,76.0,Yes,0.8393,1,High,2025-10-01
9337-SRRNI,Male,No,No,Yes,66,Yes,Yes,No,No,No,No,No,No,No,Two year,Yes,Credit card (automatic),25.3,1673.8,No,0.0151,0,Low,2026-01-01
0895-UADGO,Male,No,No,Yes,8,No,No,DSL,Yes,No,No,Yes,No,Yes,Two year,Yes,Mailed check,44.55,343.45,No,0.2393,0,Low,2026-07-01
5678-VFNEQ,Female,No,Yes,No,71,Yes,Yes,Fiber optic,Yes,No,Yes,No,Yes,Yes,One year,Yes,Credit card (automatic),104.1,7412.25,No,0.323,0,Medium,2025-09-01
5977-CKHON,Female,No,Yes,Yes,43,Yes,Yes,Fiber optic,No,No,Yes,No,No,Yes,Month-to-month,Yes,Bank transfer (automatic),92.55,4039.0,No,0.6272,0,High,2025-12-01
7024-OHCCK,Female,Yes,No,No,2,Yes,Yes,Fiber optic,No,No,No,No,Yes,Yes,Month-to-month,Yes,Electronic check,93.85,170.85,Yes,0.9351,1,High,2025-09-01
2692-BUCFV,Male,Yes,No,No,29,Yes,No,Fiber optic,No,Yes,Yes,No,Yes,Yes,Month-to-month,Yes,Bank transfer (automatic),101.45,2948.6,No,0.7641,0,High,2026-03-01
7861-UVUFT,Female,No,Yes,No,15,Yes,No,Fiber optic,No,No,Yes,No,Yes,No,Month-to-month,Yes,Electronic check,84.3,1308.4,Yes,0.8254,1,High,2025-12-01
1830-GGFNM,Male,No,Yes,Yes,65,Yes,Yes,Fiber optic,Yes,Yes,Yes,Yes,No,No,Two year,No,Credit card (automatic),94.55,6078.75,No,0.0481,0,Low,2026-06-01
5302-BDJNT,Male,No,No,No,35,Yes,Yes,Fiber optic,No,No,Yes,Yes,Yes,No,Month-to-month,No,Electronic check,95.5,3418.2,No,0.6391,0,High,2026-04-01
5223-UZAVK,Male,No,No,No,64,Yes,No,Fiber optic,Yes,Yes,No,No,Yes,Yes,One year,Yes,Credit card (automatic),100.3,6603.8,No,0.2837,0,Low,2026-06-01
4859-ZSRDZ,Female,No,Yes,Yes,58,No,No,DSL,No,No,Yes,Yes,Yes,Yes,Two year,Yes,Credit card (automatic),55.5,3166.9,No,0.0825,0,Low,2026-04-01
5651-WYIPH,Female,Yes,No,No,18,Yes,No,DSL,No,Yes,No,No,No,No,Month-to-month,Yes,Credit card (automatic),49.85,865.75,No,0.5283,0,Medium,2026-02-01
9350-VLHMB,Male,No,Yes,Yes,67,Yes,Yes,Fiber optic,No,Yes,No,No,No,Yes,Month-to-month,Yes,Bank transfer (automatic),89.55,6373.1,No,0.4592,0,Medium,2026-07-01
3498-LZGQZ,Male,No,Yes,Yes,63,Yes,No,No,No,No,No,No,No,No,Two year,Yes,Mailed check,19.15,1177.05,No,0.0131,0,Low,2026-02-01
8785-CJSHH,Female,No,Yes,No,60,Yes,Yes,Fiber optic,No,Yes,No,No,Yes,Yes,Month-to-month,Yes,Electronic check,99.8,5985.75,No,0.698,0,High,2026-08-01
5357-TZHPP,Male,Yes,No,No,9,Yes,Yes,Fiber optic,No,No,No,No,No,Yes,Month-to-month,Yes,Credit card (automatic),84.4,732.5,Yes,0.8741,1,High,2026-08-01
3870-SPZSI,Female,No,Yes,Yes,70,Yes,Yes,Fiber optic,Yes,Yes,Yes,Yes,Yes,Yes,Two year,Yes,Credit card (automatic),113.05,7869.05,No,0.1192,0,Low,2026-04-01
0680-DFNNY,Male,No,Yes,No,15,Yes,Yes,Fiber optic,No,No,Yes,No,Yes,Yes,Month-to-month,Yes,Electronic check,101.1,1504.05,Yes,0.8895,1,High,2026-05-01
7560-QRBXH,Female,No,No,Yes,48,Yes,No,No,No,No,No,No,No,No,One year,No,Mailed check,19.95,936.7,No,0.0316,0,Low,2025-12-01
7077-XJMET,Male,No,Yes,No,12,Yes,No,DSL,No,No,Yes,Yes,Yes,Yes,Month-to-month,Yes,Electronic check,74.15,741.4,No,0.6779,0,High,2026-06-01
8752-GHJFU,Male,Yes,Yes,No,71,Yes,Yes,Fiber optic,Yes,Yes,Yes,Yes,No,No,One year,Yes,Electronic check,92.0,6585.2,No,0.2084,0,Low,2026-05-01
6896-SRVYQ,Male,Yes,No,No,44,Yes,No,Fiber optic,No,No,Yes,No,No,No,Month-to-month,No,Electronic check,73.85,3122.4,No,0.5671,0,Medium,2026-07-01
7767-UXAGJ,Male,No,No,No,1,Yes,Yes,DSL,No,No,No,No,No,No,Month-to-month,Yes,Electronic check,50.45,50.45,Yes,0.7881,0,High,2025-12-01
4652-ODEVH,Male,No,Yes,Yes,45,Yes,Yes,No,No,No,No,No,No,No,Two year,No,Mailed check,24.45,1088.25,No,0.0255,0,Low,2026-06-01
6510-UPNKS,Female,No,No,No,23,Yes,Yes,No,No,No,No,No,No,No,One year,No,Credit card (automatic),24.8,615.35,No,0.1288,0,Low,2026-02-01
6718-BDGHG,Female,No,Yes,No,43,Yes,Yes,DSL,No,No,No,Yes,Yes,No,One year,Yes,Bank transfer (automatic),64.85,2908.2,No,0.2079,0,Low,2025-11-01
9046-DQMTP,Male,No,No,No,35,Yes,No,No,No,No,No,No,No,No,Month-to-month,No,Bank transfer (automatic),20.75,739.9,No,0.1237,0,Low,2025-11-01
6439-LAJXL,Male,No,Yes,No,9,Yes,No,DSL,Yes,Yes,No,Yes,Yes,No,Month-to-month,Yes,Mailed check,68.95,593.85,No,0.4283,0,Medium,2026-03-01
1571-SAVHK,Male,No,No,No,12,Yes,Yes,Fiber optic,No,No,No,Yes,Yes,Yes,Month-to-month,Yes,Mailed check,99.95,1132.75,Yes,0.8226,1,High,2025-12-01
9052-VKDUW,Female,Yes,Yes,No,65,Yes,Yes,Fiber optic,Yes,Yes,Yes,No,Yes,Yes,Month-to-month,Yes,Credit card (automatic),109.4,7227.45,No,0.5572,0,Medium,2025-10-01
9546-CQJSU,Female,No,No,No,2,Yes,Yes,Fiber optic,No,No,Yes,No,Yes,No,Month-to-month,Yes,Electronic check,91.4,193.6,Yes,0.8934,1,High,2026-02-01
1666-JZPZT,Male,No,No,No,27,Yes,Yes,DSL,No,No,No,No,No,No,Month-to-month,No,Mailed check,49.0,1291.35,No,0.4247,0,Medium,2026-04-01
5777-KJIRB,Female,No,No,No,40,Yes,No,DSL,No,No,Yes,No,No,No,One year,Yes,Mailed check,50.25,2023.55,No,0.1967,0,Low,2025-12-01
0506-LVNGN,Female,Yes,No,No,5,Yes,No,Fiber optic,No,No,Yes,No,No,No,Month-to-month,Yes,Credit card (automatic),75.55,349.65,Yes,0.8122,1,High,2026-08-01
7677-SJJJK,Male,No,Yes,Yes,8,Yes,No,No,No,No,No,No,No,No,One year,No,Credit card (automatic),19.9,153.95,No,0.1478,0,Low,2026-06-01
2480-EJWYP,Female,Yes,Yes,No,58,Yes,Yes,Fiber optic,No,Yes,No,No,Yes,Yes,One year,Yes,Bank transfer (automatic),97.8,5458.8,No,0.4853,0,Medium,2026-03-01
3253-HKOKL,Female,No,Yes,Yes,52,Yes,No,Fiber optic,Yes,No,Yes,No,Yes,Yes,One year,No,Electronic check,100.3,5244.45,No,0.3076,0,Medium,2026-08-01
7055-HNEOJ,Male,No,Yes,No,3,Yes,No,DSL,No,No,Yes,Yes,No,No,Month-to-month,Yes,Mailed check,55.8,154.55,No,0.5653,0,Medium,2026-02-01
5514-YQENT,Male,No,No,Yes,41,Yes,No,Fiber optic,Yes,Yes,Yes,Yes,Yes,Yes,Two year,Yes,Electronic check,111.15,4507.15,No,0.2216,0,Low,2025-10-01
3211-AAPKX,Male,No,No,No,20,Yes,Yes,Fiber optic,No,No,No,Yes,Yes,Yes,Month-to-month,Yes,Mailed check,98.55,2031.95,No,0.7981,1,High,2025-09-01
8445-DNBAE,Male,No,No,Yes,1,Yes,Yes,DSL,No,No,No,No,No,No,Month-to-month,Yes,Electronic check,50.05,50.05,No,0.7482,0,High,2026-08-01
2951-QOQTK,Male,No,No,Yes,4,Yes,Yes,Fiber optic,No,No,No,Yes,No,No,Month-to-month,No,Credit card (automatic),80.8,332.45,Yes,0.6512,0,High,2026-08-01
2958-NHPPS,Male,No,No,No,23,Yes,No,No,No,No,No,No,No,No,Month-to-month,No,Electronic check,20.85,473.9,No,0.2534,0,Low,2026-05-01
6806-YDEUL,Female,Yes,No,No,6,Yes,No,No,No,No,No,No,No,No,Month-to-month,No,Bank transfer (automatic),19.5,106.8,No,0.3683,0,Medium,2025-10-01
1735-XMJVH,Male,No,Yes,Yes,8,Yes,No,No,No,No,No,No,No,No,Month-to-month,Yes,Mailed check,19.35,152.6,No,0.3535,0,Medium,2025-12-01
6890-PFRQX,Male,No,No,No,18,Yes,Yes,DSL,Yes,No,Yes,No,Yes,No,Month-to-month,No,Mailed check,69.5,1199.4,No,0.4455,0,Medium,2025-09-01
0222-CNVPT,Male,Yes,No,No,52,No,No,DSL,Yes,No,No,No,Yes,Yes,Month-to-month,Yes,Credit card (automatic),48.8,2555.05,No,0.3906,0,Medium,2025-09-01
5899-OUVKV,Male,No,No,No,31,Yes,No,Fiber optic,No,Yes,No,No,Yes,Yes,Month-to-month,Yes,Electronic check,94.5,2979.2,No,0.7925,0,High,2025-11-01
8681-ICONS,Male,No,Yes,Yes,29,Yes,No,No,No,No,No,No,No,No,Month-to-month,Yes,Mailed check,20.65,654.85,No,0.1829,0,Low,2026-03-01
1621-YNCJH,Female,No,Yes,No,36,Yes,Yes,Fiber optic,Yes,Yes,Yes,Yes,No,Yes,Two year,Yes,Credit card (automatic),106.05,3834.4,No,0.2164,0,Low,2025-09-01
3473-XIIIT,Female,No,Yes,No,16,Yes,Yes,Fiber optic,No,Yes,No,No,Yes,Yes,Month-to-month,Yes,Electronic check,100.0,1534.75,Yes,0.871,1,High,2026-08-01
6362-QHAFM,Male,No,Yes,No,42,Yes,Yes,Fiber optic,No,No,Yes,Yes,Yes,Yes,One year,Yes,Electronic check,108.3,4586.15,No,0.5949,0,Medium,2026-02-01
7893-IXHRQ,Male,No,No,No,1,Yes,No,No,No,No,No,No,No,No,Month-to-month,No,Electronic check,20.55,20.55,Yes,0.465,0,Medium,2025-12-01
3070-BDOQC,Female,No,No,No,60,Yes,No,Fiber optic,No,Yes,Yes,No,Yes,Yes,Two year,Yes,Electronic check,99.65,5941.05,No,0.3126,0,Medium,2026-03-01
2952-QAYZF,Male,No,No,No,5,Yes,Yes,Fiber optic,No,Yes,Yes,No,No,No,Month-to-month,Yes,Electronic check,85.3,424.15,Yes,0.8462,1,High,2026-06-01
6234-PFPXL,Male,No,Yes,No,22,Yes,Yes,Fiber optic,Yes,No,No,Yes,Yes,No,Month-to-month,No,Credit card (automatic),95.9,2234.95,No,0.5402,0,Medium,2025-12-01
9824-QCJPK,Male,No,Yes,No,36,Yes,No,No,No,No,No,No,No,No,One year,No,Mailed check,20.0,666.75,No,0.0641,0,Low,2025-09-01
4763-PGDPO,Female,No,No,No,4,Yes,No,Fiber optic,No,No,No,No,No,No,Month-to-month,No,Electronic check,70.4,281.0,Yes,0.7928,0,High,2025-09-01
4283-IVYCI,Male,No,No,No,9,Yes,No,DSL,Yes,No,No,Yes,No,Yes,Month-to-month,No,Mailed check,64.95,547.8,No,0.4007,0,Medium,2026-07-01
1866-OBPNR,Male,No,Yes,Yes,1,Yes,No,Fiber optic,No,Yes,No,No,No,No,Month-to-month,No,Credit card (automatic),74.6,74.6,No,0.6641,0,High,2025-10-01
8205-MQUGY,Male,No,Yes,Yes,12,Yes,No,DSL,Yes,No,No,No,No,No,Month-to-month,Yes,Electronic check,49.2,571.15,No,0.5064,0,Medium,2026-04-01
8970-ANWXO,Female,No,No,No,23,Yes,Yes,DSL,No,No,No,Yes,Yes,Yes,One year,Yes,Mailed check,73.75,1756.6,No,0.4252,0,Medium,2026-01-01
9480-BQJEI,Male,No,No,No,62,Yes,Yes,Fiber optic,Yes,Yes,No,No,No,Yes,One year,Yes,Bank transfer (automatic),92.3,5731.45,No,0.2762,0,Low,2026-06-01
5394-SVGJV,Male,No,No,No,37,Yes,Yes,Fiber optic,No,No,No,Yes,Yes,Yes,Month-to-month,No,Bank transfer (automatic),98.8,3475.55,Yes,0.6127,0,High,2025-09-01
6979-TNDEU,Female,No,No,No,8,Yes,No,No,No,No,No,No,No,No,Month-to-month,No,Mailed check,19.2,156.85,No,0.3199,0,Medium,2026-07-01
9777-WJJPR,Male,No,Yes,No,31,Yes,Yes,Fiber optic,No,No,Yes,No,Yes,No,Month-to-month,No,Credit card (automatic),88.65,2683.2,No,0.6507,0,High,2026-05-01
9283-LZQOH,Male,No,Yes,Yes,13,Yes,Yes,Fiber optic,No,No,No,No,No,No,Month-to-month,Yes,Credit card (automatic),74.4,896.75,Yes,0.7471,0,High,2026-02-01
7079-QRCBC,Female,No,No,No,24,Yes,Yes,Fiber optic,No,No,Yes,No,Yes,Yes,Month-to-month,Yes,Electronic check,98.75,2407.3,Yes,0.8679,1,High,2025-11-01
9495-SKLKD,Male,No,Yes,Yes,45,Yes,Yes,Fiber optic,No,Yes,Yes,No,No,Yes,Month-to-month,Yes,Bank transfer (automatic),95.95,4456.65,No,0.5921,0,Medium,2026-08-01
6048-UWKAL,Female,Yes,Yes,No,69,Yes,Yes,Fiber optic,No,Yes,No,Yes,Yes,Yes,Two year,No,Credit card (automatic),105.4,6998.95,No,0.1636,0,Low,2025-12-01
5067-DGXLL,Male,No,No,No,2,Yes,No,No,No,No,No,No,No,No,Month-to-month,No,Mailed check,20.25,36.8,No,0.3796,0,Medium,2026-02-01
5469-CTCWN,Male,No,Yes,Yes,61,Yes,Yes,Fiber optic,Yes,Yes,No,No,Yes,Yes,One year,Yes,Electronic check,106.0,6547.7,Yes,0.3862,0,Medium,2026-01-01
9851-QXEEQ,Male,No,No,No,41,Yes,Yes,Fiber optic,No,Yes,Yes,No,Yes,Yes,Month-to-month,Yes,Electronic check,104.7,4346.4,Yes,0.7927,0,High,2025-11-01
6281-FKEWS,Female,No,No,No,44,No,No,DSL,No,No,Yes,No,Yes,Yes,One year,Yes,Electronic check,49.05,2265.0,No,0.4192,0,Medium,2026-01-01
8898-KASCD,Male,No,No,No,39,No,No,DSL,No,No,Yes,Yes,No,No,One year,No,Mailed check,35.55,1309.15,No,0.1404,0,Low,2025-10-01
9242-TKFSV,Male,No,Yes,Yes,72,No,No,DSL,Yes,Yes,Yes,Yes,Yes,Yes,Two year,Yes,Credit card (automatic),65.1,4754.3,No,0.0352,0,Low,2025-09-01
9290-SHCMB,Female,Yes,No,No,13,Yes,No,Fiber optic,No,No,Yes,No,Yes,Yes,Month-to-month,Yes,Electronic check,96.85,1235.55,No,0.8886,1,High,2025-12-01
0743-HNPFG,Female,No,Yes,Yes,51,Yes,No,DSL,Yes,Yes,No,Yes,No,Yes,One year,Yes,Credit card (automatic),69.75,3562.5,No,0.0731,0,Low,2025-10-01
2277-BKJKN,Female,Yes,Yes,No,71,Yes,No,Fiber optic,No,Yes,Yes,No,Yes,Yes,Two year,Yes,Electronic check,99.2,7213.75,No,0.3035,0,Medium,2026-01-01
9809-IMGCQ,Male,Yes,No,No,22,Yes,Yes,Fiber optic,No,No,No,No,Yes,Yes,Month-to-month,Yes,Electronic check,96.7,2082.95,Yes,0.8948,1,High,2026-07-01
5208-HFSBT,Female,No,No,No,2,Yes,No,DSL,No,Yes,No,Yes,No,No,Month-to-month,Yes,Credit card (automatic),55.05,102.75,Yes,0.5303,0,Medium,2025-10-01
5035-PGZXH,Female,No,No,No,56,Yes,Yes,Fiber optic,No,Yes,Yes,No,Yes,Yes,One year,Yes,Electronic check,106.8,5914.4,No,0.5561,0,Medium,2025-09-01
8695-WDYEA,Male,No,No,No,1,Yes,No,DSL,Yes,No,No,No,No,No,Month-to-month,No,Mailed check,51.25,51.25,No,0.4899,0,Medium,2025-10-01
6543-JXSOO,Female,No,Yes,Yes,23,Yes,No,DSL,Yes,Yes,No,Yes,No,No,One year,Yes,Mailed check,57.75,1282.85,No,0.1272,0,Low,2026-03-01
8016-ZMGMO,Female,Yes,Yes,No,66,Yes,Yes,DSL,No,Yes,Yes,No,Yes,No,One year,Yes,Bank transfer (automatic),70.85,4738.85,No,0.1561,0,Low,2025-12-01
8605-ITULD,Female,No,No,No,1,Yes,No,No,No,No,No,No,No,No,Month-to-month,No,Mailed check,19.55,19.55,No,0.3873,0,Medium,2026-02-01
3254-YRILK,Male,Yes,No,No,19,Yes,Yes,Fiber optic,No,Yes,No,No,Yes,No,Month-to-month,Yes,Electronic check,88.2,1775.8,Yes,0.8584,1,High,2025-09-01
6416-YJTTB,Male,No,No,No,11,Yes,No,Fiber optic,Yes,No,Yes,No,No,No,Month-to-month,Yes,Bank transfer (automatic),79.5,795.65,No,0.6606,0,High,2025-12-01
2667-WYLWJ,Female,No,Yes,Yes,8,Yes,No,No,No,No,No,No,No,No,One year,Yes,Mailed check,19.75,145.0,Yes,0.2063,0,Low,2026-01-01
4472-VESGY,Female,No,Yes,Yes,52,Yes,Yes,Fiber optic,Yes,Yes,Yes,No,No,Yes,Month-to-month,No,Bank transfer (automatic),98.15,4993.4,No,0.346,0,Medium,2026-02-01
3195-TQDZX,Male,No,No,No,3,Yes,No,No,No,No,No,No,No,No,Month-to-month,Yes,Electronic check,20.25,61.45,No,0.538,0,Medium,2026-03-01
3128-YOVTD,Female,No,Yes,Yes,51,Yes,No,Fiber optic,Yes,Yes,No,No,No,No,Month-to-month,Yes,Bank transfer (automatic),79.15,4018.55,No,0.2932,0,Low,2026-06-01
0529-ONKER,Male,Yes,No,No,15,Yes,Yes,Fiber optic,No,No,No,No,No,No,Month-to-month,No,Electronic check,75.65,1146.65,Yes,0.8103,1,High,2026-02-01
1728-CXQBE,Male,Yes,Yes,No,64,Yes,Yes,Fiber optic,No,Yes,Yes,No,No,Yes,Month-to-month,Yes,Electronic check,94.25,6081.4,No,0.6587,0,High,2026-07-01
7041-TXQJH,Female,No,No,No,37,No,No,DSL,No,No,Yes,No,No,Yes,Month-to-month,Yes,Credit card (automatic),40.2,1478.85,No,0.4987,0,Medium,2026-03-01
5014-GSOUQ,Male,No,No,No,13,Yes,No,No,No,No,No,No,No,No,Two year,No,Mailed check,19.95,243.65,No,0.0902,0,Low,2025-12-01
5724-BIDBU,Male,No,Yes,No,49,Yes,Yes,DSL,Yes,No,No,No,No,No,One year,Yes,Electronic check,55.35,2633.95,No,0.1769,0,Low,2025-11-01
0481-SUMCB,Female,Yes,No,No,45,Yes,Yes,Fiber optic,No,No,Yes,No,Yes,Yes,One year,Yes,Bank transfer (automatic),102.15,4735.35,No,0.6184,0,High,2025-12-01
1769-GRUIK,Female,No,No,No,18,Yes,No,Fiber optic,No,No,No,No,No,No,Month-to-month,Yes,Electronic check,71.1,1247.75,No,0.7799,0,High,2026-04-01
5240-IJOQT,Male,Yes,No,No,1,Yes,Yes,Fiber optic,No,No,No,No,No,No,Month-to-month,Yes,Electronic check,74.7,74.7,Yes,0.9052,1,High,2025-11-01
8819-WFGGJ,Male,No,Yes,No,68,No,No,DSL,Yes,No,Yes,No,Yes,Yes,Two year,Yes,Bank transfer (automatic),54.1,3794.5,No,0.0725,0,Low,2026-07-01
7427-AUFPY,Male,No,No,No,54,Yes,No,No,No,No,No,No,No,No,Two year,No,Credit card (automatic),19.65,1008.7,No,0.016,0,Low,2026-02-01
2811-POVEX,Female,Yes,Yes,Yes,23,Yes,No,Fiber optic,No,Yes,Yes,No,No,Yes,Month-to-month,Yes,Bank transfer (automatic),88.45,2130.55,No,0.7048,0,High,2026-07-01
1092-GANHU,Male,No,No,No,17,Yes,No,Fiber optic,No,No,Yes,No,No,No,Month-to-month,Yes,Electronic check,76.65,1313.55,Yes,0.7833,0,High,2026-05-01
7898-PDWQE,Male,No,Yes,No,71,Yes,Yes,DSL,Yes,Yes,Yes,Yes,No,Yes,Two year,No,Credit card (automatic),80.4,5727.15,No,0.0267,0,Low,2026-01-01
9972-EWRJS,Female,No,Yes,Yes,67,Yes,No,No,No,No,No,No,No,No,Two year,Yes,Bank transfer (automatic),19.25,1372.9,No,0.0105,0,Low,2025-11-01
9314-IJWSQ,Female,No,Yes,Yes,14,Yes,Yes,Fiber optic,No,No,No,No,Yes,No,Month-to-month,Yes,Electronic check,84.8,1203.9,No,0.8348,1,High,2026-05-01
0661-XEYAN,Female,Yes,No,No,1,No,No,DSL,No,No,No,No,No,No,Month-to-month,Yes,Mailed check,25.8,25.8,Yes,0.8013,1,High,2025-12-01
5799-JRCZO,Female,No,No,Yes,63,Yes,No,No,No,No,No,No,No,No,Two year,No,Credit card (automatic),19.5,1215.1,No,0.0086,0,Low,2025-11-01
1921-KYSAY,Female,No,No,No,41,Yes,Yes,DSL,No,No,Yes,Yes,No,Yes,One year,Yes,Electronic check,68.6,2877.05,No,0.3056,0,Medium,2026-08-01
6198-RTPMF,Female,No,Yes,No,17,Yes,Yes,Fiber optic,No,No,No,No,Yes,Yes,Month-to-month,No,Electronic check,92.6,1579.7,No,0.8467,1,High,2026-02-01
2924-KHUVI,Male,No,Yes,No,56,Yes,Yes,Fiber optic,Yes,No,No,No,Yes,Yes,One year,Yes,Electronic check,100.55,5514.95,No,0.4895,0,Medium,2025-09-01
1925-GMVBW,Female,No,No,No,5,Yes,No,No,No,No,No,No,No,No,Month-to-month,No,Credit card (automatic),20.55,96.1,No,0.334,0,Medium,2026-02-01
7881-EVUAD,Female,No,No,No,2,No,No,DSL,Yes,Yes,No,No,No,Yes,Month-to-month,Yes,Electronic check,42.6,72.4,Yes,0.7601,0,High,2026-02-01
6184-DYUOB,Female,No,Yes,No,3,Yes,No,No,No,No,No,No,No,No,Month-to-month,Yes,Mailed check,19.6,55.25,No,0.4547,0,Medium,2026-07-01
9207-ZPANB,Male,No,No,No,37,Yes,Yes,DSL,Yes,Yes,Yes,Yes,No,No,One year,No,Electronic check,67.45,2443.3,No,0.1234,0,Low,2026-05-01
5766-XQXMQ,Female,No,No,No,29,Yes,No,DSL,Yes,Yes,Yes,No,No,Yes,Month-to-month,Yes,Bank transfer (automatic),68.85,1970.5,Yes,0.3588,0,Medium,2025-11-01
9327-QSDED,Male,No,No,No,8,Yes,No,DSL,No,No,No,No,No,No,Month-to-month,No,Mailed check,43.55,335.4,No,0.5401,0,Medium,2025-10-01
1656-DRSMG,Female,No,No,No,63,Yes,Yes,Fiber optic,No,Yes,Yes,Yes,Yes,Yes,Month-to-month,Yes,Credit card (automatic),109.85,7002.95,No,0.5359,0,Medium,2026-04-01
3012-VFFMN,Female,No,Yes,Yes,7,Yes,No,No,No,No,No,No,No,No,Month-to-month,No,Mailed check,20.65,158.95,No,0.2763,0,Low,2025-09-01
2984-AFWNC,Female,No,No,No,3,Yes,No,Fiber optic,No,Yes,No,No,Yes,Yes,Month-to-month,No,Electronic check,95.4,293.15,No,0.8394,1,High,2025-12-01
0640-YJTPY,Male,No,Yes,Yes,72,Yes,No,No,No,No,No,No,No,No,Two year,No,Bank transfer (automatic),21.0,1493.75,No,0.0059,0,Low,2025-10-01
8096-LOIST,Female,No,No,No,19,Yes,No,DSL,No,No,No,No,No,Yes,Month-to-month,Yes,Electronic check,56.2,1093.4,No,0.6717,0,High,2025-09-01
9764-REAFF,Female,No,Yes,No,59,Yes,No,No,No,No,No,No,No,No,Two year,No,Bank transfer (automatic),18.4,1057.85,No,0.0124,0,Low,2026-08-01
3703-VAVCL,Male,No,Yes,Yes,2,Yes,No,Fiber optic,No,No,Yes,Yes,No,Yes,Month-to-month,No,Credit card (automatic),90.0,190.05,Yes,0.6624,0,High,2025-10-01
7107-UBYKY,Female,No,Yes,Yes,35,Yes,Yes,No,No,No,No,No,No,No,Month-to-month,Yes,Electronic check,25.75,882.55,No,0.2287,0,Low,2025-09-01
4881-GQJTW,Male,No,No,No,14,Yes,No,No,No,No,No,No,No,No,Month-to-month,No,Credit card (automatic),19.6,300.4,No,0.2611,0,Low,2026-08-01
8519-QJGJD,Female,No,No,No,14,Yes,No,Fiber optic,No,No,Yes,No,No,No,Month-to-month,No,Electronic check,75.35,1025.95,Yes,0.7277,0,High,2025-11-01
7876-DNYAP,Female,No,Yes,Yes,69,Yes,No,No,No,No,No,No,No,No,Two year,No,Credit card (automatic),19.8,1436.95,No,0.0067,0,Low,2026-06-01
7905-NJMXS,Male,Yes,Yes,No,7,Yes,Yes,DSL,Yes,Yes,No,Yes,No,No,Month-to-month,No,Electronic check,64.2,475.0,No,0.488,0,Medium,2025-09-01
2882-WDTBA,Male,No,Yes,Yes,69,Yes,No,DSL,Yes,Yes,Yes,Yes,Yes,No,Two year,Yes,Bank transfer (automatic),75.75,5388.15,No,0.0228,0,Low,2025-10-01
2091-GPPIQ,Female,No,Yes,Yes,72,Yes,Yes,DSL,No,Yes,No,Yes,Yes,Yes,Two year,Yes,Electronic check,78.95,5730.15,No,0.0782,0,Low,2025-10-01
6326-MTTXK,Male,No,No,No,8,Yes,Yes,Fiber optic,No,Yes,No,No,Yes,Yes,Month-to-month,No,Electronic check,100.85,819.55,Yes,0.8547,1,High,2026-05-01
5071-FBJFS,Female,No,Yes,Yes,4,Yes,No,DSL,Yes,No,No,No,No,No,Month-to-month,No,Electronic check,50.3,217.1,No,0.4795,0,Medium,2026-04-01
2796-UUZZO,Male,No,Yes,Yes,63,Yes,No,Fiber optic,No,Yes,Yes,No,No,No,Month-to-month,Yes,Credit card (automatic),80.3,4896.35,No,0.2999,0,Low,2026-02-01
2429-AYKKO,Male,No,No,No,72,Yes,No,No,No,No,No,No,No,No,Two year,No,Bank transfer (automatic),19.85,1434.1,No,0.0075,0,Low,2025-11-01
9798-OPFEM,Female,No,No,No,46,Yes,No,No,No,No,No,No,No,No,Two year,Yes,Electronic check,21.1,937.1,No,0.0448,0,Low,2025-10-01
0330-IVZHA,Female,No,Yes,No,5,Yes,No,Fiber optic,No,No,No,No,No,No,Month-to-month,No,Electronic check,69.95,330.15,Yes,0.7858,0,High,2026-03-01
3794-NFNCH,Male,No,Yes,No,30,Yes,No,DSL,No,No,Yes,No,No,No,Month-to-month,Yes,Mailed check,50.0,1474.9,No,0.4185,0,Medium,2025-11-01
5193-QLVZB,Male,No,No,No,63,Yes,Yes,Fiber optic,No,Yes,Yes,No,Yes,Yes,Two year,Yes,Bank transfer (automatic),104.75,6536.5,No,0.2835,0,Low,2026-04-01
7114-AEOZE,Female,No,No,No,60,Yes,No,No,No,No,No,No,No,No,Two year,No,Bank transfer (automatic),19.85,1128.1,No,0.012,0,Low,2026-05-01
2886-KEFUM,Female,No,Yes,No,63,Yes,Yes,Fiber optic,No,Yes,Yes,No,Yes,Yes,One year,Yes,Electronic check,107.5,6873.75,Yes,0.523,0,Medium,2026-07-01
5522-NYKPB,Male,No,Yes,Yes,25,Yes,No,Fiber optic,No,No,No,Yes,Yes,No,Month-to-month,No,Electronic check,85.9,2199.05,No,0.5883,0,Medium,2026-02-01
4237-RLAQD,Male,No,No,No,1,Yes,No,DSL,No,No,No,No,No,No,Month-to-month,Yes,Mailed check,45.85,45.85,Yes,0.6846,0,High,2025-09-01
9957-YODKZ,Male,Yes,Yes,No,6,Yes,Yes,Fiber optic,No,No,Yes,No,No,No,Month-to-month,Yes,Electronic check,80.8,457.1,No,0.8838,1,High,2025-12-01
6518-KZXCB,Male,No,No,No,22,Yes,Yes,No,No,No,No,No,No,No,Two year,No,Mailed check,25.25,566.5,No,0.0798,0,Low,2026-07-01
2245-ADZFJ,Female,No,Yes,Yes,31,Yes,Yes,DSL,No,Yes,No,Yes,Yes,Yes,Two year,No,Bank transfer (automatic),80.55,2471.6,No,0.1161,0,Low,2026-03-01
7776-QGYJC,Female,No,Yes,Yes,39,Yes,No,Fiber optic,No,No,Yes,Yes,No,No,Month-to-month,Yes,Bank transfer (automatic),81.5,3107.3,No,0.412,0,Medium,2026-04-01
9313-QOLTZ,Male,No,No,No,26,Yes,No,No,No,No,No,No,No,No,Month-to-month,No,Mailed check,20.9,518.3,No,0.179,0,Low,2026-02-01
9651-GTSAQ,Female,No,Yes,No,53,Yes,No,Fiber optic,Yes,Yes,Yes,No,Yes,Yes,One year,Yes,Bank transfer (automatic),106.1,5769.75,Yes,0.3317,0,Medium,2025-10-01
3186-BAXNB,Female,No,No,No,1,Yes,No,Fiber optic,No,Yes,No,Yes,Yes,No,Month-to-month,No,Electronic check,91.7,91.7,Yes,0.7396,0,High,2026-07-01
4672-FOTSD,Male,No,No,No,12,Yes,Yes,DSL,Yes,Yes,No,Yes,No,No,Month-to-month,Yes,Electronic check,67.25,832.3,No,0.488,0,Medium,2026-06-01
0637-YLETY,Female,No,No,No,16,Yes,Yes,Fiber optic,No,Yes,Yes,No,No,Yes,Month-to-month,Yes,Credit card (automatic),95.6,1555.65,Yes,0.7902,0,High,2026-08-01
9818-XQCUV,Female,No,No,No,2,Yes,No,No,No,No,No,No,No,No,Month-to-month,No,Mailed check,20.35,45.3,No,0.3754,0,Medium,2026-07-01
7338-ERIVA,Male,No,No,Yes,39,No,No,DSL,Yes,No,No,Yes,Yes,No,One year,No,Bank transfer (automatic),45.05,1790.6,No,0.1005,0,Low,2025-12-01
1157-BQCUW,Male,No,No,No,1,Yes,Yes,Fiber optic,No,No,No,No,No,No,Month-to-month,Yes,Electronic check,74.95,74.95,Yes,0.8867,1,High,2025-12-01
8259-NFJTV,Female,No,Yes,Yes,7,No,No,DSL,Yes,No,No,Yes,No,No,Month-to-month,No,Mailed check,34.65,246.6,No,0.3889,0,Medium,2025-11-01
3223-DWFIO,Male,Yes,No,No,4,Yes,No,Fiber optic,No,No,No,No,No,No,Month-to-month,No,Electronic check,69.35,261.65,No,0.8269,1,High,2026-08-01
2660-EMUBI,Male,Yes,No,No,10,Yes,Yes,Fiber optic,No,No,No,No,Yes,Yes,Month-to-month,Yes,Electronic check,95.35,898.35,Yes,0.9209,1,High,2026-03-01
6968-GMKPR,Female,No,No,No,55,Yes,No,Fiber optic,No,Yes,Yes,No,No,No,Month-to-month,Yes,Electronic check,81.55,4509.5,No,0.5024,0,Medium,2026-02-01
4751-ERMAN,Male,No,Yes,Yes,72,Yes,No,DSL,No,Yes,Yes,No,Yes,Yes,Two year,Yes,Bank transfer (automatic),75.4,5480.25,No,0.0577,0,Low,2026-08-01
1436-ZMJAN,Female,No,Yes,No,10,Yes,No,DSL,No,No,Yes,No,Yes,Yes,Month-to-month,Yes,Credit card (automatic),67.8,653.15,No,0.697,0,High,2026-04-01
3292-PBZEJ,Male,Yes,No,No,11,Yes,Yes,Fiber optic,No,Yes,Yes,Yes,Yes,Yes,Month-to-month,Yes,Electronic check,111.4,1183.05,No,0.8635,1,High,2026-07-01
0799-DDIHE,Female,No,Yes,Yes,15,Yes,No,DSL,No,No,No,No,No,No,Month-to-month,No,Electronic check,46.3,639.45,No,0.48,0,Medium,2026-08-01
3070-FNFZQ,Female,No,Yes,Yes,23,Yes,No,No,No,No,No,No,No,No,Two year,No,Bank transfer (automatic),20.4,478.75,No,0.045,0,Low,2025-09-01
2812-SFXMJ,Male,No,No,Yes,1,Yes,No,No,No,No,No,No,No,No,Month-to-month,No,Mailed check,20.05,20.05,No,0.3375,0,Medium,2026-01-01
7675-OZCZG,Female,Yes,No,No,3,Yes,No,DSL,No,No,No,No,No,No,Month-to-month,No,Electronic check,45.0,127.1,Yes,0.6946,0,High,2026-05-01
5014-WUQMG,Male,No,Yes,Yes,47,Yes,No,Fiber optic,Yes,Yes,Yes,No,No,Yes,One year,Yes,Electronic check,96.1,4391.45,No,0.3219,0,Medium,2026-06-01
5312-TSZVC,Female,No,No,Yes,15,Yes,No,No,No,No,No,No,No,No,One year,No,Mailed check,19.65,270.6,No,0.1179,0,Low,2025-10-01
2003-CKLOR,Male,No,No,No,66,Yes,No,Fiber optic,No,Yes,Yes,No,Yes,Yes,Month-to-month,No,Electronic check,99.5,6710.5,Yes,0.5246,0,Medium,2025-12-01
0993-OSGPT,Female,Yes,Yes,No,68,Yes,No,DSL,No,Yes,Yes,Yes,No,No,One year,Yes,Bank transfer (automatic),60.65,3975.9,No,0.0612,0,Low,2026-03-01
9254-RBFON,Female,No,Yes,Yes,17,Yes,No,Fiber optic,No,No,Yes,Yes,Yes,Yes,One year,No,Bank transfer (automatic),98.6,1704.95,Yes,0.4382,0,Medium,2026-06-01
1205-WNWPJ,Female,No,No,No,7,Yes,No,DSL,No,No,No,Yes,Yes,No,Month-to-month,Yes,Mailed check,59.5,415.95,Yes,0.5922,0,Medium,2025-10-01
9391-EOYLI,Male,Yes,Yes,No,12,Yes,No,Fiber optic,No,No,No,No,No,Yes,Month-to-month,Yes,Electronic check,80.45,950.2,Yes,0.8765,1,High,2026-04-01
7108-DGVUU,Female,Yes,Yes,No,21,Yes,Yes,DSL,No,Yes,Yes,No,No,Yes,One year,No,Bank transfer (automatic),71.7,1497.05,No,0.3568,0,Medium,2025-12-01
2782-JEEBU,Male,No,No,No,21,No,No,DSL,No,Yes,No,Yes,No,No,Month-to-month,Yes,Mailed check,36.0,780.15,No,0.4698,0,Medium,2025-11-01
5127-BZENZ,Female,No,Yes,Yes,56,Yes,Yes,DSL,Yes,No,No,No,Yes,No,One year,No,Bank transfer (automatic),65.2,3512.15,No,0.077,0,Low,2026-03-01
2720-FVBQP,Female,No,Yes,Yes,6,Yes,Yes,DSL,No,No,No,No,No,No,Month-to-month,Yes,Credit card (automatic),48.95,273.25,No,0.6287,0,High,2026-01-01
9906-NHHVC,Female,Yes,No,No,65,No,No,DSL,No,Yes,Yes,No,Yes,Yes,Two year,Yes,Bank transfer (automatic),53.5,3517.9,No,0.117,0,Low,2026-04-01
4522-XRWWI,Male,No,Yes,No,42,Yes,Yes,DSL,Yes,No,No,Yes,Yes,Yes,One year,No,Credit card (automatic),80.45,3375.9,No,0.1536,0,Low,2025-12-01
3766-EJLFL,Female,No,Yes,Yes,68,Yes,Yes,Fiber optic,Yes,No,Yes,Yes,Yes,Yes,Two year,Yes,Bank transfer (automatic),109.05,7508.55,No,0.1387,0,Low,2026-06-01
5939-SXWHM,Male,No,Yes,Yes,48,Yes,Yes,No,No,No,No,No,No,No,Two year,No,Bank transfer (automatic),26.3,1245.05,No,0.0212,0,Low,2025-09-01
8152-UOBNY,Female,Yes,No,No,50,Yes,Yes,Fiber optic,No,Yes,No,Yes,Yes,Yes,One year,Yes,Electronic check,106.8,5347.95,No,0.5633,0,Medium,2026-07-01
7351-KYHQH,Female,Yes,No,No,7,Yes,No,DSL,No,Yes,Yes,No,Yes,No,Month-to-month,Yes,Electronic check,64.95,493.65,No,0.7371,0,High,2025-09-01
7643-RCHXS,Female,No,Yes,Yes,63,Yes,No,No,No,No,No,No,No,No,Two year,No,Electronic check,19.35,1263.85,No,0.0123,0,Low,2026-05-01
8246-SHFGA,Male,No,No,No,17,Yes,No,No,No,No,No,No,No,No,Month-to-month,No,Credit card (automatic),21.1,385.55,No,0.2352,0,Low,2026-01-01
8387-MOJJT,Female,No,Yes,Yes,42,Yes,No,Fiber optic,No,No,No,No,Yes,No,Month-to-month,Yes,Credit card (automatic),77.95,3384.0,Yes,0.5567,0,Medium,2026-01-01
0620-XEFWH,Male,No,Yes,Yes,4,Yes,No,No,No,No,No,No,No,No,Month-to-month,No,Mailed check,18.85,84.2,No,0.3102,0,Medium,2025-09-01
6485-QXWWE,Female,No,No,Yes,62,Yes,Yes,No,No,No,No,No,No,No,Two year,No,Bank transfer (automatic),26.0,1638.7,No,0.012,0,Low,2026-05-01
2761-OCIAX,Male,Yes,No,No,2,Yes,No,Fiber optic,No,Yes,No,No,No,No,Month-to-month,Yes,Electronic check,74.7,165.4,Yes,0.861,1,High,2025-10-01
7321-VGNKU,Female,No,Yes,No,2,Yes,No,Fiber optic,No,No,No,No,No,No,Month-to-month,Yes,Electronic check,70.35,120.25,No,0.8537,1,High,2026-04-01
5327-CNLUQ,Male,No,Yes,No,48,Yes,Yes,Fiber optic,Yes,Yes,Yes,No,Yes,No,Two year,Yes,Bank transfer (automatic),96.9,4473.45,No,0.203,0,Low,2026-05-01
7552-KEYGT,Male,No,Yes,No,27,Yes,No,No,No,No,No,No,No,No,Two year,No,Bank transfer (automatic),19.55,520.55,No,0.0484,0,Low,2026-07-01
5816-JMLGY,Female,No,Yes,Yes,70,Yes,No,DSL,No,Yes,Yes,Yes,Yes,Yes,Two year,Yes,Bank transfer (automatic),80.4,5717.85,No,0.0456,0,Low,2026-05-01
3068-OMWZA,Male,Yes,No,No,1,Yes,Yes,Fiber optic,No,No,Yes,No,Yes,No,Month-to-month,Yes,Electronic check,88.8,88.8,Yes,0.9163,1,High,2025-12-01
2927-QRRQV,Male,No,Yes,No,46,Yes,Yes,Fiber optic,No,Yes,Yes,No,Yes,No,One year,Yes,Electronic check,94.65,4312.5,No,0.5254,0,Medium,2026-05-01
6032-KRXXO,Male,No,No,No,30,Yes,No,Fiber optic,No,No,No,No,Yes,Yes,Month-to-month,Yes,Electronic check,90.25,2755.35,Yes,0.8193,1,High,2026-06-01
7459-RRWQZ,Female,No,No,No,15,Yes,Yes,DSL,Yes,No,No,No,No,Yes,Month-to-month,Yes,Bank transfer (automatic),64.65,994.55,Yes,0.5776,0,Medium,2025-12-01
6265-SXWBU,Male,No,Yes,Yes,69,Yes,Yes,Fiber optic,No,Yes,Yes,No,Yes,No,One year,No,Credit card (automatic),95.75,6511.25,No,0.1878,0,Low,2025-10-01
7941-RCJOW,Male,No,No,No,65,Yes,No,No,No,No,No,No,No,No,Two year,Yes,Credit card (automatic),19.55,1218.65,No,0.0145,0,Low,2026-07-01
6374-NTQLP,Male,Yes,Yes,Yes,72,Yes,No,Fiber optic,Yes,No,Yes,Yes,Yes,Yes,Two year,Yes,Credit card (automatic),104.1,7447.7,No,0.1166,0,Low,2025-10-01
4154-AQUGT,Male,Yes,Yes,No,13,Yes,No,Fiber optic,No,Yes,No,Yes,No,Yes,Month-to-month,Yes,Bank transfer (automatic),89.05,1169.35,Yes,0.7397,0,High,2026-04-01
2387-KDZQY,Male,No,No,No,17,Yes,No,No,No,No,No,No,No,No,One year,Yes,Mailed check,20.1,279.5,No,0.1843,0,Low,2025-11-01
3584-WKTTW,Male,No,Yes,No,51,Yes,Yes,Fiber optic,Yes,No,Yes,Yes,Yes,Yes,One year,Yes,Electronic check,111.55,5720.35,No,0.4494,0,Medium,2025-10-01
3399-BMLVW,Male,No,Yes,Yes,51,Yes,No,DSL,Yes,Yes,No,Yes,No,No,Two year,No,Credit card (automatic),60.5,3121.45,No,0.0198,0,Low,2026-06-01
1971-DTCZB,Female,No,Yes,No,72,Yes,Yes,DSL,Yes,Yes,Yes,Yes,Yes,Yes,Two year,Yes,Bank transfer (automatic),90.95,6468.6,No,0.0493,0,Low,2025-10-01
3092-IGHWF,Male,No,Yes,Yes,67,Yes,Yes,Fiber optic,No,Yes,Yes,No,No,No,One year,No,Electronic check,87.4,5918.8,Yes,0.2073,0,Low,2026-05-01
3374-PZLXD,Male,No,No,No,34,Yes,No,No,No,No,No,No,No,No,Month-to-month,No,Mailed check,19.7,675.6,No,0.1356,0,Low,2026-05-01
3813-DHBBB,Male,No,Yes,No,67,No,No,DSL,Yes,Yes,No,Yes,No,Yes,Two year,Yes,Bank transfer (automatic),50.95,3521.7,No,0.0367,0,Low,2025-09-01
2812-REYAT,Female,No,Yes,No,49,Yes,No,No,No,No,No,No,No,No,One year,Yes,Bank transfer (automatic),20.05,923.1,No,0.05,0,Low,2025-11-01
6518-PPLMZ,Male,No,Yes,Yes,53,Yes,No,No,No,No,No,No,No,No,Two year,Yes,Mailed check,19.4,1110.35,No,0.0205,0,Low,2026-06-01
4939-KYYPY,Male,No,No,No,27,Yes,Yes,DSL,No,No,Yes,Yes,No,No,Month-to-month,No,Electronic check,59.45,1611.65,No,0.4114,0,Medium,2026-03-01
8017-LXHFA,Female,Yes,No,No,23,Yes,No,Fiber optic,No,Yes,No,No,Yes,Yes,Month-to-month,Yes,Electronic check,94.75,2293.6,Yes,0.8504,1,High,2025-10-01
5930-GBIWP,Male,No,No,No,69,Yes,Yes,DSL,Yes,Yes,Yes,Yes,No,Yes,Two year,Yes,Credit card (automatic),81.5,5553.25,No,0.0405,0,Low,2026-08-01
6022-KOUQO,Female,No,Yes,Yes,2,No,No,DSL,No,No,No,Yes,No,No,Month-to-month,No,Bank transfer (automatic),29.05,44.75,No,0.5304,0,Medium,2025-12-01
6352-TWCAU,Female,No,No,No,35,Yes,Yes,Fiber optic,No,No,No,No,Yes,No,Month-to-month,Yes,Electronic check,86.45,3029.1,Yes,0.7792,0,High,2025-09-01
2361-UPSND,Female,No,Yes,No,46,Yes,No,DSL,Yes,Yes,No,Yes,No,Yes,One year,No,Mailed check,70.6,3231.05,No,0.077,0,Low,2026-08-01
6035-RIIOM,Female,No,No,No,54,Yes,Yes,Fiber optic,No,Yes,No,No,Yes,Yes,Two year,Yes,Bank transfer (automatic),97.2,5129.45,No,0.3198,0,Medium,2025-09-01
2929-QNSRW,Female,No,Yes,No,56,Yes,Yes,Fiber optic,No,Yes,No,No,Yes,Yes,One year,Yes,Electronic check,98.25,5508.35,Yes,0.5542,0,Medium,2026-03-01
1262-OPMFY,Female,No,Yes,No,9,Yes,No,Fiber optic,No,No,Yes,No,No,No,Month-to-month,Yes,Bank transfer (automatic),75.75,655.9,Yes,0.7546,0,High,2026-08-01
9504-DSHWM,Male,No,No,No,20,Yes,Yes,DSL,Yes,No,No,Yes,No,No,Month-to-month,No,Bank transfer (automatic),59.2,1191.2,No,0.2945,0,Low,2026-03-01
5035-BVCXS,Male,No,No,No,11,Yes,No,Fiber optic,No,Yes,No,No,No,No,Month-to-month,Yes,Mailed check,75.9,866.4,No,0.7382,0,High,2026-04-01
6267-DCFFZ,Female,Yes,Yes,No,30,Yes,Yes,Fiber optic,No,Yes,No,No,Yes,No,Month-to-month,Yes,Electronic check,90.05,2627.2,No,0.806,1,High,2026-01-01
3533-UVMOM,Male,No,Yes,No,68,Yes,No,DSL,Yes,Yes,Yes,No,No,Yes,Two year,No,Bank transfer (automatic),70.95,4741.45,No,0.0282,0,Low,2025-10-01
2439-LYPMQ,Male,Yes,Yes,No,38,Yes,Yes,Fiber optic,No,Yes,Yes,No,Yes,Yes,Month-to-month,Yes,Electronic check,102.6,4009.2,No,0.8342,1,High,2026-03-01
4248-QPAVC,Female,Yes,Yes,No,17,Yes,Yes,Fiber optic,Yes,No,Yes,No,No,No,Month-to-month,Yes,Bank transfer (automatic),85.35,1463.45,Yes,0.7136,0,High,2026-07-01
1899-VXWXM,Male,No,No,No,48,Yes,Yes,Fiber optic,No,Yes,Yes,No,Yes,Yes,One year,Yes,Credit card (automatic),106.1,5082.8,Yes,0.5206,0,Medium,2025-10-01
1478-VPOAD,Female,No,No,No,1,Yes,No,DSL,No,No,No,No,No,No,Month-to-month,No,Electronic check,43.8,43.8,No,0.6715,0,High,2026-07-01
9995-HOTOH,Male,No,Yes,Yes,63,No,No,DSL,Yes,Yes,Yes,No,Yes,Yes,Two year,No,Electronic check,59.0,3707.6,No,0.0603,0,Low,2026-01-01
2988-PLAHS,Female,No,No,No,3,Yes,No,DSL,No,No,Yes,No,Yes,Yes,One year,Yes,Electronic check,69.95,220.45,No,0.6668,0,High,2026-03-01
1371-OJCEK,Female,No,No,No,48,Yes,Yes,No,No,No,No,No,No,No,One year,No,Bank transfer (automatic),24.35,1133.7,No,0.0482,0,Low,2025-10-01
4999-IEZLT,Male,No,No,No,66,No,No,DSL,No,No,No,Yes,No,No,One year,No,Credit card (automatic),29.45,1983.15,No,0.0513,0,Low,2026-04-01
8883-ANODQ,Female,No,Yes,Yes,68,Yes,Yes,Fiber optic,No,Yes,Yes,No,No,No,Two year,Yes,Credit card (automatic),84.4,5746.75,No,0.1162,0,Low,2025-11-01
4690-LLKUA,Male,Yes,No,No,17,Yes,No,DSL,No,No,No,No,No,No,Month-to-month,Yes,Electronic check,45.05,770.6,Yes,0.6678,0,High,2025-12-01
2351-RRBUE,Female,No,Yes,Yes,7,Yes,No,No,No,No,No,No,No,No,One year,No,Mailed check,20.65,134.05,No,0.1562,0,Low,2026-05-01
5980-BDHPY,Male,No,Yes,No,72,Yes,Yes,DSL,Yes,Yes,Yes,Yes,Yes,Yes,Two year,Yes,Bank transfer (automatic),87.1,6230.1,No,0.0497,0,Low,2025-09-01
1498-DQNRX,Female,No,Yes,No,29,Yes,No,No,No,No,No,No,No,No,Month-to-month,No,Mailed check,19.85,573.05,No,0.1583,0,Low,2026-02-01
9469-WEJBT,Male,No,Yes,No,37,Yes,No,Fiber optic,No,No,Yes,Yes,No,Yes,Month-to-month,Yes,Electronic check,90.35,3419.3,No,0.67,0,High,2026-04-01
3331-HQDTW,Female,No,No,No,34,Yes,Yes,Fiber optic,Yes,Yes,Yes,No,Yes,Yes,Month-to-month,Yes,Mailed check,109.8,3587.25,Yes,0.6754,0,High,2025-10-01
9490-DFPMD,Female,Yes,No,No,42,Yes,Yes,Fiber optic,No,No,No,No,Yes,No,Month-to-month,Yes,Electronic check,84.65,3541.35,Yes,0.7794,0,High,2025-12-01
2581-VKIRT,Female,No,Yes,Yes,59,Yes,Yes,DSL,Yes,Yes,No,Yes,No,No,One year,No,Mailed check,65.5,3801.3,No,0.0376,0,Low,2026-01-01
5442-XSDCW,Male,No,Yes,Yes,11,Yes,No,Fiber optic,No,No,No,No,Yes,No,Month-to-month,Yes,Bank transfer (automatic),79.5,868.5,Yes,0.7529,0,High,2026-04-01
7426-WEIJX,Male,Yes,Yes,Yes,60,Yes,Yes,Fiber optic,Yes,No,No,No,No,No,Month-to-month,Yes,Electronic check,80.95,4859.1,No,0.4643,0,Medium,2026-08-01
2851-MMUTZ,Female,No,No,No,27,Yes,No,DSL,No,Yes,No,Yes,No,No,Month-to-month,Yes,Mailed check,56.15,1439.35,No,0.327,0,Medium,2026-07-01
3049-NDXFL,Female,No,No,No,1,Yes,Yes,Fiber optic,No,No,No,No,No,Yes,Month-to-month,No,Mailed check,85.8,85.8,Yes,0.8339,1,High,2025-11-01
8580-AECUZ,Male,Yes,No,No,1,Yes,No,Fiber optic,No,No,No,No,Yes,No,Month-to-month,Yes,Electronic check,79.1,79.1,Yes,0.9021,1,High,2025-09-01
3307-TLCUD,Male,No,Yes,No,17,No,No,DSL,Yes,No,Yes,No,No,No,Month-to-month,No,Mailed check,34.4,592.75,No,0.432,0,Medium,2025-09-01
6625-FLENO,Male,No,Yes,No,58,Yes,No,No,No,No,No,No,No,No,Two year,No,Mailed check,20.75,1185.95,No,0.0141,0,Low,2026-04-01
2967-MXRAV,Male,No,Yes,Yes,1,Yes,No,No,No,No,No,No,No,No,One year,No,Mailed check,18.8,18.8,No,0.1993,0,Low,2025-10-01
7963-GQRMY,Female,No,Yes,Yes,3,Yes,No,DSL,No,No,No,No,No,No,Month-to-month,No,Mailed check,44.3,134.5,Yes,0.5212,0,Medium,2025-11-01
8189-HBVRW,Female,No,No,No,53,Yes,Yes,Fiber optic,Yes,Yes,Yes,No,No,No,Month-to-month,No,Electronic check,90.8,4921.2,No,0.405,0,Medium,2026-07-01
4163-KIUHY,Male,No,No,No,35,Yes,Yes,No,No,No,No,No,No,No,Month-to-month,Yes,Electronic check,25.6,901.25,No,0.2787,0,Low,2026-07-01
1228-FZFRV,Male,No,Yes,Yes,50,Yes,Yes,Fiber optic,Yes,No,Yes,No,Yes,Yes,Month-to-month,No,Credit card (automatic),105.95,5341.8,Yes,0.4746,0,Medium,2026-07-01
3500-NSDOA,Male,No,Yes,Yes,68,Yes,Yes,DSL,No,Yes,No,Yes,No,Yes,Two year,No,Credit card (automatic),70.8,4859.95,No,0.0326,0,Low,2025-12-01
1171-TYKUR,Male,No,Yes,No,47,Yes,Yes,No,No,No,No,No,No,No,Month-to-month,No,Electronic check,25.4,1139.2,No,0.1362,0,Low,2026-04-01
3761-FLYZI,Female,Yes,Yes,No,65,Yes,Yes,Fiber optic,No,Yes,Yes,No,Yes,Yes,Month-to-month,Yes,Bank transfer (automatic),108.8,7082.45,No,0.6395,0,High,2026-04-01
2058-DCJBE,Male,No,No,No,5,Yes,No,Fiber optic,No,No,No,No,No,No,Month-to-month,Yes,Electronic check,69.75,324.6,Yes,0.8462,1,High,2025-11-01
5364-XYIRR,Male,No,Yes,No,51,Yes,Yes,Fiber optic,No,No,No,No,Yes,Yes,Month-to-month,Yes,Electronic check,94.65,4812.75,Yes,0.7689,0,High,2026-03-01
4829-AUOAX,Female,No,No,No,46,Yes,Yes,Fiber optic,No,No,No,No,Yes,Yes,Month-to-month,No,Bank transfer (automatic),96.05,4399.5,Yes,0.64,0,High,2026-03-01
1219-NNDDO,Female,No,No,No,9,Yes,Yes,Fiber optic,No,No,No,No,No,No,Month-to-month,Yes,Electronic check,76.85,663.55,No,0.8548,1,High,2026-01-01
8388-DMKAE,Female,No,No,No,8,Yes,No,No,No,No,No,No,No,No,Two year,No,Mailed check,20.25,174.65,No,0.1078,0,Low,2026-06-01
4403-BWPAY,Male,No,No,No,14,Yes,Yes,No,No,No,No,No,No,No,One year,Yes,Credit card (automatic),24.8,321.7,No,0.2388,0,Low,2026-05-01
9659-QEQSY,Female,No,No,No,45,Yes,Yes,Fiber optic,Yes,Yes,Yes,Yes,Yes,Yes,Month-to-month,Yes,Electronic check,115.65,5125.5,No,0.6186,0,High,2026-03-01
5405-ZMYXQ,Female,No,No,No,8,Yes,Yes,Fiber optic,No,No,No,No,No,No,Month-to-month,Yes,Credit card (automatic),74.6,548.9,No,0.8115,1,High,2026-05-01
5047-LHVLY,Male,Yes,No,Yes,1,Yes,No,DSL,No,No,Yes,No,No,No,Month-to-month,Yes,Mailed check,50.15,50.15,Yes,0.6673,0,High,2026-06-01
1442-OKRJE,Male,No,Yes,Yes,66,Yes,No,Fiber optic,Yes,Yes,Yes,No,Yes,Yes,One year,Yes,Bank transfer (automatic),103.15,7031.3,No,0.2301,0,Low,2026-03-01
4737-AQCPU,Male,No,Yes,Yes,72,Yes,Yes,DSL,Yes,Yes,Yes,Yes,No,No,Two year,No,Credit card (automatic),72.1,5016.65,No,0.0132,0,Low,2025-12-01
9158-VCTQB,Female,No,Yes,No,41,Yes,Yes,Fiber optic,Yes,Yes,Yes,Yes,Yes,Yes,Month-to-month,Yes,Bank transfer (automatic),113.6,4594.95,Yes,0.5482,0,Medium,2026-06-01
2808-CHTDM,Female,No,Yes,Yes,23,Yes,Yes,No,No,No,No,No,No,No,Two year,No,Mailed check,25.1,611.45,No,0.0607,0,Low,2026-05-01
6311-UEUME,Female,No,No,No,29,Yes,No,Fiber optic,No,No,No,No,Yes,No,Month-to-month,Yes,Electronic check,78.9,2384.15,Yes,0.7694,0,High,2026-08-01
0793-TWELN,Female,No,No,No,4,Yes,Yes,Fiber optic,Yes,No,No,No,No,No,Month-to-month,Yes,Electronic check,80.15,319.85,No,0.8195,1,High,2025-10-01
3283-WCWXT,Male,No,Yes,Yes,6,Yes,Yes,No,No,No,No,No,No,No,Two year,No,Mailed check,25.4,153.3,No,0.1167,0,Low,2026-02-01
1060-ENTOF,Female,Yes,Yes,No,67,Yes,Yes,Fiber optic,Yes,Yes,Yes,Yes,No,Yes,One year,Yes,Credit card (automatic),105.4,7035.6,No,0.2326,0,Low,2026-08-01
0999-QXNSA,Male,Yes,No,Yes,7,Yes,No,DSL,No,No,No,No,No,No,Month-to-month,Yes,Mailed check,45.75,344.2,No,0.6288,0,High,2026-03-01
5451-MHQOF,Male,No,Yes,Yes,56,Yes,Yes,No,No,No,No,No,No,No,One year,Yes,Mailed check,24.45,1431.65,No,0.0439,0,Low,2026-08-01
4836-WNFNO,Female,No,Yes,No,72,Yes,Yes,No,No,No,No,No,No,No,Two year,No,Credit card (automatic),25.0,1849.2,No,0.01,0,Low,2025-09-01
9225-BZLNZ,Male,No,Yes,No,72,Yes,Yes,DSL,Yes,Yes,Yes,No,Yes,Yes,Two year,Yes,Electronic check,85.25,6083.1,No,0.0936,0,Low,2025-09-01
0354-VXMJC,Male,No,Yes,Yes,23,Yes,No,No,No,No,No,No,No,No,Two year,No,Credit card (automatic),19.6,426.65,No,0.0462,0,Low,2026-06-01
4422-QVIJA,Female,No,No,Yes,35,Yes,Yes,DSL,No,No,No,No,No,No,Month-to-month,No,Mailed check,50.15,1655.35,No,0.2974,0,Low,2026-01-01
9365-SRSZE,Male,Yes,Yes,No,27,Yes,No,Fiber optic,No,No,No,No,No,No,Month-to-month,Yes,Electronic check,70.55,1943.9,No,0.7698,0,High,2026-03-01
6839-ITVZJ,Female,No,Yes,Yes,26,Yes,Yes,DSL,No,Yes,No,Yes,No,No,Month-to-month,Yes,Electronic check,60.05,1616.15,Yes,0.4185,0,Medium,2026-02-01
8332-OSJDW,Male,No,Yes,Yes,12,Yes,Yes,No,No,No,No,No,No,No,One year,No,Mailed check,26.4,314.95,No,0.1611,0,Low,2026-01-01
4735-BJKOU,Female,No,No,No,40,Yes,No,No,No,No,No,No,No,No,Two year,No,Mailed check,20.15,804.85,No,0.0299,0,Low,2026-08-01
0274-JKUJR,Male,No,Yes,Yes,7,No,No,DSL,Yes,Yes,Yes,No,Yes,Yes,Month-to-month,No,Mailed check,58.85,465.7,No,0.5521,0,Medium,2025-10-01
5740-YHGTW,Male,No,Yes,Yes,70,Yes,Yes,Fiber optic,Yes,Yes,No,No,Yes,No,Month-to-month,Yes,Credit card (automatic),97.55,6669.05,No,0.3131,0,Medium,2026-06-01
8917-SZTTJ,Male,No,Yes,Yes,60,Yes,No,No,No,No,No,No,No,No,Two year,No,Credit card (automatic),19.65,1161.75,No,0.0099,0,Low,2026-07-01
1696-MZVAU,Male,No,Yes,Yes,39,No,No,DSL,No,No,No,No,No,No,One year,Yes,Credit card (automatic),25.25,947.75,No,0.2024,0,Low,2026-04-01
7359-WWYJV,Male,No,Yes,No,72,Yes,Yes,Fiber optic,Yes,Yes,Yes,Yes,Yes,Yes,Two year,No,Credit card (automatic),114.45,8375.05,No,0.1069,0,Low,2026-01-01
0375-HVGXO,Female,No,No,No,1,No,No,DSL,No,No,No,No,Yes,No,Month-to-month,Yes,Electronic check,34.7,34.7,Yes,0.8458,1,High,2025-10-01
4906-ZHGPK,Male,No,Yes,Yes,54,Yes,Yes,DSL,No,Yes,No,Yes,Yes,No,One year,Yes,Electronic check,70.7,3770.0,No,0.1552,0,Low,2026-05-01
8593-WHYHV,Male,No,No,No,3,Yes,Yes,Fiber optic,No,No,No,No,No,Yes,Month-to-month,Yes,Electronic check,85.3,264.8,Yes,0.9063,1,High,2026-02-01
3795-GWTRD,Female,No,Yes,Yes,63,Yes,No,DSL,Yes,Yes,Yes,Yes,Yes,No,Two year,No,Credit card (automatic),75.55,4707.85,No,0.0179,0,Low,2025-10-01
1298-PHBTI,Male,No,Yes,Yes,71,Yes,Yes,Fiber optic,No,Yes,No,Yes,No,No,Two year,Yes,Electronic check,84.8,6152.4,No,0.1163,0,Low,2026-01-01
6223-DHJGV,Female,No,No,No,42,Yes,No,No,No,No,No,No,No,No,One year,Yes,Mailed check,20.65,958.1,No,0.0731,0,Low,2026-08-01
6961-MJKBO,Male,No,No,No,47,Yes,No,No,No,No,No,No,No,No,Two year,No,Bank transfer (automatic),20.45,943.0,No,0.0213,0,Low,2025-12-01
6097-EQISJ,Female,No,Yes,Yes,66,Yes,Yes,Fiber optic,No,Yes,Yes,No,Yes,Yes,One year,Yes,Credit card (automatic),102.45,6615.15,Yes,0.3453,0,Medium,2025-11-01
4423-YLHDV,Female,No,Yes,No,21,Yes,Yes,Fiber optic,Yes,No,Yes,No,Yes,Yes,Month-to-month,Yes,Bank transfer (automatic),104.4,2200.25,Yes,0.7595,0,High,2026-05-01
8158-WPEZG,Male,No,No,No,11,No,No,DSL,No,Yes,No,Yes,No,No,Month-to-month,Yes,Electronic check,35.65,425.1,No,0.6424,0,High,2025-11-01
0107-YHINA,Male,No,No,Yes,1,Yes,Yes,Fiber optic,No,No,Yes,No,Yes,Yes,Month-to-month,Yes,Electronic check,99.75,99.75,Yes,0.9026,1,High,2026-08-01
4918-FYJNT,Female,Yes,Yes,No,55,Yes,Yes,Fiber optic,No,Yes,Yes,Yes,No,No,Month-to-month,No,Electronic check,90.45,5044.8,No,0.4497,0,Medium,2026-07-01
0727-BNRLG,Male,No,No,No,69,Yes,Yes,Fiber optic,No,Yes,Yes,Yes,Yes,No,Two year,Yes,Credit card (automatic),97.65,6743.55,No,0.1453,0,Low,2026-08-01
4854-CIDCF,Female,Yes,No,No,3,Yes,No,Fiber optic,No,No,Yes,No,No,No,Month-to-month,No,Electronic check,73.85,196.4,No,0.8218,1,High,2026-07-01
8640-SDGKB,Male,No,No,No,4,Yes,No,DSL,No,No,Yes,Yes,Yes,Yes,Month-to-month,Yes,Electronic check,74.4,299.7,Yes,0.737,0,High,2025-11-01
3280-MRDOF,Male,Yes,No,No,30,Yes,Yes,DSL,No,No,Yes,Yes,Yes,No,Two year,Yes,Credit card (automatic),69.1,2093.9,No,0.2062,0,Low,2025-11-01
6435-SRWBJ,Female,No,No,No,5,Yes,Yes,Fiber optic,No,No,Yes,Yes,No,No,Month-to-month,Yes,Electronic check,82.75,417.75,No,0.8205,1,High,2026-01-01
9964-WBQDJ,Female,No,Yes,No,71,Yes,Yes,No,No,No,No,No,No,No,Two year,Yes,Credit card (automatic),24.4,1725.4,No,0.0149,0,Low,2026-02-01
6303-KFWSL,Female,No,No,No,29,Yes,Yes,DSL,No,Yes,No,No,No,No,One year,Yes,Electronic check,55.25,1620.2,No,0.3604,0,Medium,2026-07-01
1702-CCFNJ,Male,No,Yes,No,52,Yes,Yes,DSL,No,Yes,No,Yes,No,No,Month-to-month,No,Bank transfer (automatic),61.35,3169.55,No,0.1519,0,Low,2026-05-01
8932-CZHRQ,Male,No,No,No,68,Yes,Yes,DSL,Yes,Yes,Yes,No,No,Yes,One year,No,Credit card (automatic),76.75,5233.25,No,0.0718,0,Low,2026-04-01
0386-CWRGM,Female,No,Yes,Yes,46,Yes,No,No,No,No,No,No,No,No,Two year,No,Mailed check,19.4,967.85,No,0.0187,0,Low,2026-07-01
5515-RUGKN,Male,No,No,No,8,Yes,No,DSL,No,No,No,No,No,Yes,Month-to-month,Yes,Credit card (automatic),54.75,438.05,No,0.682,0,High,2026-04-01
0404-AHASP,Male,No,Yes,No,72,Yes,No,No,No,No,No,No,No,No,Two year,No,Credit card (automatic),19.7,1421.9,No,0.0075,0,Low,2026-01-01
7279-NMVJC,Female,No,No,No,17,Yes,No,No,No,No,No,No,No,No,One year,No,Bank transfer (automatic),19.9,323.15,No,0.1268,0,Low,2026-01-01
2081-VEYEH,Male,No,No,No,3,Yes,No,Fiber optic,No,Yes,Yes,Yes,Yes,Yes,Month-to-month,Yes,Electronic check,107.95,318.6,No,0.8309,1,High,2026-03-01
6407-UTSLV,Female,Yes,No,No,2,Yes,No,Fiber optic,No,Yes,No,No,Yes,No,Month-to-month,Yes,Bank transfer (automatic),83.8,163.7,No,0.835,1,High,2025-10-01
4116-TZAQJ,Female,No,No,No,9,Yes,No,Fiber optic,Yes,No,No,No,No,No,Month-to-month,Yes,Credit card (automatic),74.25,639.65,Yes,0.685,0,High,2026-05-01
9060-HJJRW,Female,No,No,No,51,No,No,DSL,No,Yes,Yes,No,Yes,Yes,One year,Yes,Credit card (automatic),56.4,2928.5,No,0.2542,0,Low,2026-04-01
2587-YNLES,Female,No,Yes,Yes,6,Yes,No,No,No,No,No,No,No,No,Two year,No,Mailed check,20.1,100.35,No,0.0933,0,Low,2026-05-01
7398-SKNQZ,Female,No,Yes,No,3,Yes,Yes,Fiber optic,No,No,No,No,Yes,Yes,Month-to-month,No,Electronic check,94.9,273.2,No,0.8859,1,High,2026-03-01
5935-FCCNB,Female,Yes,No,No,17,Yes,Yes,Fiber optic,No,No,No,No,Yes,Yes,Month-to-month,Yes,Electronic check,94.2,1608.15,No,0.9071,1,High,2026-06-01
1958-RNRKS,Male,No,Yes,No,30,Yes,Yes,DSL,No,No,No,No,No,No,Month-to-month,No,Electronic check,49.9,1441.95,No,0.4696,0,Medium,2026-08-01
5136-RGMZO,Male,No,No,No,31,Yes,Yes,DSL,No,Yes,No,Yes,Yes,No,Month-to-month,Yes,Electronic check,71.05,2168.15,No,0.4963,0,Medium,2026-03-01
8345-MVDYC,Female,No,No,No,45,Yes,No,DSL,Yes,No,Yes,Yes,Yes,Yes,Two year,No,Bank transfer (automatic),81.65,3618.7,No,0.0609,0,Low,2026-02-01
8226-BXGES,Male,No,Yes,No,64,Yes,Yes,Fiber optic,Yes,Yes,Yes,No,No,No,One year,No,Bank transfer (automatic),89.45,5692.65,No,0.1421,0,Low,2025-10-01
3877-JRJIP,Male,No,No,No,1,Yes,Yes,DSL,No,No,No,No,Yes,No,Month-to-month,Yes,Electronic check,59.85,59.85,Yes,0.8178,1,High,2026-06-01
8375-DKEBR,Female,Yes,No,No,1,Yes,No,Fiber optic,No,No,No,No,No,No,Month-to-month,Yes,Electronic check,69.6,69.6,Yes,0.8824,1,High,2026-07-01
9705-IOVQQ,Male,Yes,Yes,Yes,61,Yes,Yes,Fiber optic,No,Yes,No,No,Yes,Yes,One year,No,Electronic check,99.0,5969.3,No,0.4226,0,Medium,2026-05-01
1015-OWJKI,Male,No,No,No,1,Yes,No,No,No,No,No,No,No,No,Month-to-month,No,Mailed check,19.05,19.05,No,0.3931,0,Medium,2026-07-01
7511-YMXVQ,Male,No,No,No,9,No,No,DSL,No,No,No,No,Yes,Yes,Month-to-month,Yes,Electronic check,45.4,418.8,Yes,0.844,1,High,2026-07-01
2040-XBAVJ,Male,No,Yes,Yes,72,Yes,Yes,Fiber optic,Yes,Yes,Yes,Yes,Yes,Yes,Two year,No,Bank transfer (automatic),114.45,8100.55,No,0.0812,0,Low,2026-06-01
7551-JOHTI,Female,No,No,No,1,Yes,No,No,No,No,No,No,No,No,Month-to-month,No,Mailed check,19.5,19.5,Yes,0.3874,0,Medium,2026-03-01
8887-IPQNC,Female,No,Yes,No,7,Yes,No,DSL,No,No,No,No,No,No,Month-to-month,Yes,Mailed check,44.25,313.45,No,0.6319,0,High,2025-10-01
8646-JCOMS,Female,No,Yes,No,66,Yes,Yes,Fiber optic,No,Yes,Yes,Yes,No,No,One year,Yes,Bank transfer (automatic),90.55,6130.95,No,0.1995,0,Low,2025-09-01
9804-ICWBG,Male,No,No,No,1,Yes,No,Fiber optic,No,No,No,No,No,No,Month-to-month,Yes,Electronic check,69.9,69.9,Yes,0.8623,1,High,2025-11-01
1222-KJNZD,Male,No,Yes,Yes,40,Yes,No,No,No,No,No,No,No,No,Month-to-month,Yes,Bank transfer (automatic),20.4,745.3,No,0.1136,0,Low,2026-02-01
0106-GHRQR,Male,No,No,No,16,Yes,Yes,DSL,No,Yes,Yes,No,No,Yes,Month-to-month,Yes,Bank transfer (automatic),71.4,1212.1,No,0.6255,0,High,2026-05-01
5318-IXUZF,Female,No,No,No,2,Yes,No,Fiber optic,No,Yes,No,No,Yes,No,Month-to-month,Yes,Bank transfer (automatic),87.15,183.75,Yes,0.801,1,High,2026-02-01
3768-VHXQO,Male,No,Yes,No,67,Yes,Yes,No,No,No,No,No,No,No,Two year,No,Credit card (automatic),24.85,1583.5,No,0.0122,0,Low,2025-09-01
8952-WCVCD,Female,No,Yes,No,41,Yes,No,Fiber optic,Yes,Yes,Yes,No,Yes,Yes,One year,Yes,Bank transfer (automatic),104.45,4162.05,No,0.3828,0,Medium,2025-11-01
2418-TPEUN,Female,No,Yes,Yes,56,Yes,No,No,No,No,No,No,No,No,Two year,Yes,Credit card (automatic),19.8,1119.9,No,0.0167,0,Low,2026-08-01
3963-RYFNS,Female,No,No,No,72,Yes,Yes,Fiber optic,Yes,Yes,Yes,Yes,Yes,Yes,Two year,Yes,Bank transfer (automatic),116.45,8013.55,No,0.1333,0,Low,2026-08-01
3198-VELRD,Female,No,Yes,Yes,3,Yes,Yes,Fiber optic,No,No,No,No,No,Yes,Month-to-month,Yes,Bank transfer (automatic),84.75,264.85,Yes,0.8382,1,High,2026-01-01
8540-ZQGEA,Female,No,Yes,No,54,Yes,No,No,No,No,No,No,No,No,Two year,No,Credit card (automatic),20.05,1102.4,No,0.0158,0,Low,2026-06-01
1320-REHCS,Male,Yes,No,No,52,Yes,Yes,Fiber optic,No,Yes,Yes,Yes,Yes,Yes,Month-to-month,Yes,Electronic check,110.75,5832.0,No,0.7238,0,High,2026-05-01
4137-JOPHL,Female,No,No,No,50,Yes,No,Fiber optic,No,No,Yes,Yes,No,Yes,Two year,Yes,Bank transfer (automatic),89.7,4304.5,No,0.1932,0,Low,2026-08-01
9436-ZBZCT,Male,No,No,No,14,Yes,Yes,Fiber optic,No,No,No,Yes,Yes,No,Month-to-month,Yes,Electronic check,89.95,1178.4,Yes,0.8167,1,High,2026-07-01
7801-CEDNV,Male,No,Yes,No,27,Yes,No,DSL,Yes,No,No,No,No,No,One year,No,Credit card (automatic),48.7,1421.75,No,0.1532,0,Low,2026-04-01
2057-BOYKM,Female,Yes,Yes,No,72,Yes,Yes,Fiber optic,Yes,Yes,Yes,Yes,No,No,Two year,Yes,Bank transfer (automatic),96.6,6827.5,No,0.0831,0,Low,2026-01-01
3658-QQJYD,Male,No,No,No,62,Yes,No,DSL,Yes,Yes,No,No,Yes,Yes,One year,Yes,Credit card (automatic),74.3,4698.05,No,0.121,0,Low,2026-04-01
1803-BGNBD,Female,No,No,No,12,Yes,No,DSL,No,Yes,No,Yes,No,No,Month-to-month,Yes,Electronic check,54.3,654.5,No,0.5353,0,Medium,2025-12-01
0134-XWXCE,Female,Yes,No,No,44,Yes,No,DSL,No,No,Yes,Yes,Yes,Yes,One year,No,Bank transfer (automatic),74.85,3268.05,No,0.1851,0,Low,2026-01-01
6950-TWMYB,Male,No,Yes,Yes,54,Yes,No,Fiber optic,No,Yes,No,Yes,No,No,Two year,Yes,Bank transfer (automatic),79.95,4362.05,No,0.0976,0,Low,2026-04-01
5848-FHRFC,Female,No,No,No,68,Yes,No,No,No,No,No,No,No,No,Two year,No,Bank transfer (automatic),20.05,1386.9,No,0.0087,0,Low,2026-03-01
2243-FNMMI,Male,No,No,No,20,Yes,No,No,No,No,No,No,No,No,Month-to-month,No,Mailed check,19.4,415.4,No,0.2233,0,Low,2026-03-01
2511-MORQY,Male,No,Yes,Yes,50,Yes,Yes,DSL,No,No,Yes,No,No,No,One year,No,Bank transfer (automatic),54.9,2614.1,No,0.1019,0,Low,2026-01-01
5356-KZCKT,Male,No,No,No,58,Yes,Yes,No,No,No,No,No,No,No,Two year,Yes,Credit card (automatic),24.45,1513.6,No,0.0267,0,Low,2026-01-01
9470-XCCEM,Male,No,Yes,Yes,35,Yes,Yes,Fiber optic,No,Yes,No,No,Yes,No,Month-to-month,Yes,Bank transfer (automatic),89.65,3161.6,No,0.6306,0,High,2025-09-01
6519-CFDBX,Female,No,No,No,2,Yes,No,DSL,No,No,No,No,No,No,Month-to-month,Yes,Electronic check,45.4,80.95,No,0.7375,0,High,2026-04-01
3902-MIVLE,Male,No,Yes,Yes,63,Yes,Yes,DSL,Yes,No,Yes,Yes,No,Yes,Two year,No,Mailed check,75.7,4676.7,No,0.0307,0,Low,2026-03-01
0409-WTMPL,Female,No,Yes,No,58,Yes,Yes,Fiber optic,Yes,Yes,Yes,No,Yes,Yes,One year,Yes,Credit card (automatic),110.65,6526.65,No,0.3714,0,Medium,2026-08-01
8763-KIAFH,Female,No,Yes,Yes,27,Yes,No,No,No,No,No,No,No,No,One year,Yes,Mailed check,20.55,583.3,No,0.1039,0,Low,2026-03-01
3669-WHAFY,Female,No,Yes,No,71,Yes,Yes,Fiber optic,Yes,Yes,Yes,Yes,Yes,Yes,Two year,Yes,Credit card (automatic),115.15,8078.1,No,0.1425,0,Low,2026-02-01
3055-VTCGS,Female,No,No,No,63,Yes,No,DSL,No,No,Yes,No,No,Yes,One year,No,Credit card (automatic),58.55,3503.5,No,0.0914,0,Low,2025-09-01
3144-KMTWZ,Male,No,Yes,No,71,Yes,Yes,Fiber optic,No,Yes,Yes,No,No,Yes,Month-to-month,Yes,Bank transfer (automatic),93.25,6669.45,No,0.4757,0,Medium,2025-11-01
7279-BUYWN,Female,Yes,No,No,41,Yes,Yes,Fiber optic,Yes,Yes,Yes,No,Yes,Yes,Month-to-month,Yes,Electronic check,113.2,4689.5,Yes,0.7538,0,High,2026-01-01
7156-MHUGY,Male,Yes,No,No,13,Yes,No,Fiber optic,No,No,No,No,Yes,Yes,Month-to-month,Yes,Electronic check,90.5,1201.15,Yes,0.8964,1,High,2026-01-01
7198-GLXTC,Male,No,No,No,2,Yes,No,Fiber optic,No,No,No,No,Yes,No,Month-to-month,No,Electronic check,79.0,143.65,Yes,0.8346,1,High,2026-01-01
2007-QVGAW,Female,No,Yes,Yes,68,Yes,No,No,No,No,No,No,No,No,Two year,Yes,Bank transfer (automatic),19.35,1292.65,No,0.0098,0,Low,2026-01-01
5207-PLSTK,Male,No,Yes,Yes,1,Yes,No,DSL,Yes,No,No,No,No,No,Month-to-month,Yes,Mailed check,48.75,48.75,No,0.5304,0,Medium,2026-06-01
2307-FYNNL,Male,Yes,No,No,65,Yes,Yes,Fiber optic,Yes,No,Yes,Yes,Yes,Yes,Two year,Yes,Electronic check,109.05,7108.2,No,0.2791,0,Low,2025-10-01
5605-XNWEN,Male,Yes,Yes,No,72,Yes,Yes,No,No,No,No,No,No,No,Two year,Yes,Bank transfer (automatic),25.0,1802.55,No,0.0175,0,Low,2025-12-01
2155-AMQRX,Female,No,No,No,28,Yes,Yes,DSL,No,No,No,Yes,No,No,Month-to-month,Yes,Credit card (automatic),54.9,1505.15,No,0.4054,0,Medium,2025-10-01
6181-AXXYF,Male,No,Yes,Yes,72,Yes,Yes,No,No,No,No,No,No,No,Two year,No,Credit card (automatic),24.75,1859.1,No,0.0082,0,Low,2025-12-01
5091-HFAZW,Female,No,No,No,2,Yes,No,Fiber optic,Yes,Yes,No,No,Yes,No,Month-to-month,Yes,Electronic check,91.15,168.5,No,0.7916,0,High,2026-05-01
0516-VRYBW,Female,No,No,Yes,18,Yes,No,No,No,No,No,No,No,No,One year,No,Bank transfer (automatic),20.15,390.85,Yes,0.1003,0,Low,2025-09-01
2519-LBNQL,Male,Yes,Yes,No,60,Yes,Yes,Fiber optic,No,Yes,Yes,No,Yes,Yes,One year,Yes,Electronic check,104.35,6339.45,No,0.5899,0,Medium,2026-01-01
8623-ULFNQ,Female,Yes,No,No,26,Yes,Yes,DSL,No,No,No,Yes,No,Yes,Month-to-month,Yes,Electronic check,66.05,1652.4,No,0.6351,0,High,2025-09-01
8380-PEFPE,Male,No,No,Yes,1,Yes,No,Fiber optic,No,No,No,No,No,No,Month-to-month,Yes,Electronic check,71.65,71.65,Yes,0.8301,1,High,2026-08-01
5687-DKDTV,Female,No,No,No,4,Yes,No,No,No,No,No,No,No,No,Month-to-month,No,Mailed check,20.35,77.5,Yes,0.3552,0,Medium,2026-05-01
1568-LJSZU,Male,No,Yes,Yes,68,Yes,Yes,DSL,Yes,Yes,Yes,Yes,Yes,Yes,Two year,Yes,Credit card (automatic),92.2,6392.85,No,0.0475,0,Low,2025-11-01
7530-HDYDS,Female,No,No,No,38,Yes,No,Fiber optic,No,Yes,Yes,Yes,No,No,Month-to-month,Yes,Credit card (automatic),84.25,3264.5,Yes,0.4553,0,Medium,2025-11-01
7789-HKSBS,Female,Yes,Yes,No,42,Yes,Yes,Fiber optic,Yes,No,Yes,No,Yes,Yes,One year,Yes,Bank transfer (automatic),105.2,4599.15,No,0.5417,0,Medium,2025-10-01
7416-CKTEP,Female,No,Yes,No,57,Yes,No,No,No,No,No,No,No,No,Two year,Yes,Bank transfer (automatic),19.6,1134.25,No,0.0198,0,Low,2026-02-01
2586-CWXVV,Male,No,Yes,No,54,No,No,DSL,No,Yes,No,No,No,No,Month-to-month,No,Electronic check,30.4,1621.35,No,0.2349,0,Low,2026-06-01
3096-IZETN,Female,No,No,No,12,Yes,No,Fiber optic,No,No,No,No,No,Yes,Month-to-month,No,Bank transfer (automatic),78.1,947.3,Yes,0.7379,0,High,2026-04-01
2348-KCJLT,Female,No,Yes,No,44,Yes,No,DSL,Yes,Yes,Yes,No,No,No,One year,Yes,Mailed check,61.5,2722.2,No,0.1106,0,Low,2026-07-01
8401-EMUWF,Male,No,Yes,Yes,42,Yes,Yes,DSL,Yes,Yes,No,No,Yes,No,Month-to-month,Yes,Bank transfer (automatic),69.4,3058.3,No,0.2715,0,Low,2026-01-01
4193-IBKSW,Male,No,Yes,Yes,72,Yes,Yes,No,No,No,No,No,No,No,Two year,No,Bank transfer (automatic),24.75,1769.6,No,0.0079,0,Low,2025-12-01
5377-NDTOU,Female,No,Yes,Yes,71,Yes,Yes,DSL,Yes,Yes,Yes,Yes,Yes,Yes,Two year,No,Mailed check,91.05,6293.75,No,0.0295,0,Low,2026-02-01
5922-ABDVO,Female,No,Yes,No,19,Yes,Yes,Fiber optic,No,No,Yes,No,No,Yes,Month-to-month,No,Mailed check,89.65,1761.05,Yes,0.748,0,High,2025-11-01
2474-LCNUE,Female,No,Yes,No,23,Yes,Yes,DSL,No,No,No,Yes,Yes,Yes,Month-to-month,Yes,Credit card (automatic),73.65,1642.75,No,0.5824,0,Medium,2026-08-01
0839-QNXME,Female,No,No,No,30,Yes,No,No,No,No,No,No,No,No,Two year,No,Credit card (automatic),19.4,578.5,No,0.0431,0,Low,2025-11-01
3506-OVLKD,Male,No,No,No,35,Yes,Yes,No,No,No,No,No,No,No,One year,No,Bank transfer (automatic),26.2,954.9,No,0.0824,0,Low,2026-02-01
9172-ANCRX,Female,No,No,No,10,Yes,Yes,Fiber optic,Yes,No,No,No,Yes,Yes,Month-to-month,Yes,Electronic check,98.7,973.25,Yes,0.8627,1,High,2026-03-01
6650-VJONK,Male,No,No,No,1,Yes,No,DSL,No,No,No,No,No,No,Month-to-month,Yes,Bank transfer (automatic),43.85,43.85,No,0.6761,0,High,2025-09-01
2178-PMGCJ,Male,No,No,No,22,Yes,No,Fiber optic,No,No,No,No,No,No,Month-to-month,Yes,Mailed check,69.7,1490.4,No,0.7016,0,High,2026-02-01
7492-TAFJD,Male,No,Yes,Yes,7,No,No,DSL,Yes,Yes,Yes,No,No,No,Two year,No,Mailed check,38.55,280.0,No,0.1644,0,Low,2026-02-01
2773-MADBQ,Female,No,No,No,36,No,No,DSL,Yes,Yes,Yes,Yes,No,Yes,Two year,Yes,Mailed check,53.1,1901.25,No,0.1053,0,Low,2025-12-01
6016-LVTJQ,Female,No,Yes,Yes,34,Yes,No,No,No,No,No,No,No,No,Month-to-month,No,Mailed check,20.65,716.4,No,0.1079,0,Low,2025-10-01
7860-KSUGX,Male,No,Yes,Yes,72,Yes,Yes,DSL,Yes,Yes,Yes,No,No,No,Two year,No,Credit card (automatic),64.45,4720.0,No,0.0184,0,Low,2025-09-01
8966-KZXXA,Male,No,Yes,Yes,36,Yes,Yes,No,No,No,No,No,No,No,Two year,No,Credit card (automatic),25.1,930.95,No,0.0352,0,Low,2025-09-01
6910-HADCM,Female,No,No,No,1,Yes,No,Fiber optic,No,No,Yes,No,No,No,Month-to-month,No,Electronic check,76.35,76.35,Yes,0.7977,1,High,2026-02-01
4816-LXZYW,Female,No,No,No,23,Yes,Yes,Fiber optic,No,Yes,No,No,No,No,Month-to-month,Yes,Electronic check,79.15,1676.95,Yes,0.7661,0,High,2025-10-01
9606-PBKBQ,Male,Yes,Yes,No,32,Yes,Yes,Fiber optic,No,No,No,No,No,Yes,Month-to-month,Yes,Electronic check,85.0,2642.05,Yes,0.8353,1,High,2026-08-01
5149-QYTTU,Female,No,Yes,Yes,71,Yes,Yes,Fiber optic,Yes,Yes,Yes,Yes,No,No,One year,Yes,Credit card (automatic),95.15,6770.85,No,0.1061,0,Low,2025-11-01
2070-XYMFH,Female,Yes,No,No,23,Yes,Yes,Fiber optic,No,No,Yes,No,No,No,Month-to-month,Yes,Mailed check,79.35,1835.3,No,0.7745,0,High,2026-04-01
2085-BOJKI,Male,No,Yes,No,17,Yes,No,Fiber optic,No,No,Yes,No,Yes,Yes,One year,Yes,Bank transfer (automatic),96.65,1588.25,No,0.6661,0,High,2026-05-01
0817-HSUSE,Male,No,No,No,1,Yes,No,DSL,No,No,Yes,Yes,Yes,Yes,Month-to-month,Yes,Electronic check,75.5,75.5,No,0.752,0,High,2026-02-01
5442-PPTJY,Male,No,Yes,Yes,12,Yes,No,No,No,No,No,No,No,No,Two year,No,Mailed check,19.7,258.35,No,0.076,0,Low,2026-07-01
1927-QEWMY,Female,No,Yes,No,72,Yes,No,No,No,No,No,No,No,No,Two year,No,Credit card (automatic),20.5,1502.25,No,0.0074,0,Low,2025-10-01
1663-MHLHE,Male,No,No,No,1,Yes,No,No,No,No,No,No,No,No,Month-to-month,No,Mailed check,19.2,19.2,No,0.3927,0,Medium,2025-11-01
5663-QBGIS,Male,Yes,Yes,No,72,Yes,Yes,Fiber optic,No,Yes,No,No,Yes,Yes,Two year,No,Bank transfer (automatic),98.35,6929.4,No,0.2006,0,Low,2025-12-01
4450-MDZFX,Male,No,Yes,Yes,60,Yes,Yes,Fiber optic,No,No,No,No,No,No,Month-to-month,No,Bank transfer (automatic),74.35,4453.3,No,0.3271,0,Medium,2025-10-01
6701-DHKWQ,Female,No,Yes,Yes,61,No,No,DSL,No,Yes,Yes,Yes,Yes,No,Two year,No,Credit card (automatic),51.35,3244.4,No,0.0333,0,Low,2025-12-01
7554-AKDQF,Female,No,Yes,No,6,Yes,No,DSL,No,No,No,No,No,No,Month-to-month,No,Mailed check,45.65,323.45,No,0.5497,0,Medium,2025-12-01
3536-IQCTX,Male,Yes,Yes,No,32,Yes,Yes,Fiber optic,No,No,No,No,No,Yes,Month-to-month,No,Electronic check,85.3,2661.1,Yes,0.7773,0,High,2026-06-01
4911-BANWH,Female,No,No,Yes,31,Yes,Yes,Fiber optic,No,No,No,No,Yes,No,Month-to-month,Yes,Credit card (automatic),86.55,2697.4,Yes,0.6869,0,High,2025-12-01
8496-EJAUI,Male,No,No,No,19,Yes,No,Fiber optic,No,Yes,No,No,No,No,Month-to-month,Yes,Credit card (automatic),73.85,1424.5,Yes,0.6811,0,High,2026-07-01
0794-YVSGE,Male,No,Yes,Yes,72,Yes,No,No,No,No,No,No,No,No,Two year,No,Bank transfer (automatic),20.3,1401.15,No,0.0058,0,Low,2026-06-01
5423-BHIXO,Female,No,No,No,32,Yes,Yes,DSL,No,Yes,No,No,No,No,Month-to-month,Yes,Electronic check,54.2,1739.6,No,0.5105,0,Medium,2026-07-01
6908-VVYHM,Male,No,Yes,No,65,Yes,Yes,Fiber optic,No,Yes,No,No,No,Yes,Month-to-month,Yes,Electronic check,90.65,5931.0,No,0.6034,0,High,2025-10-01
2959-EEXWB,Female,No,Yes,Yes,45,No,No,DSL,Yes,No,No,No,Yes,Yes,Month-to-month,Yes,Bank transfer (automatic),50.9,2333.85,No,0.3421,0,Medium,2026-08-01
1839-UMACK,Male,No,No,No,42,Yes,Yes,No,No,No,No,No,No,No,One year,No,Electronic check,25.05,949.85,No,0.0864,0,Low,2026-04-01
3030-YDNRM,Male,No,No,No,8,Yes,Yes,Fiber optic,No,No,No,No,No,No,Month-to-month,Yes,Electronic check,74.85,572.45,No,0.863,1,High,2026-08-01
7321-KKSDU,Male,No,No,Yes,32,Yes,No,No,No,No,No,No,No,No,Two year,No,Mailed check,20.5,696.8,No,0.0342,0,Low,2026-01-01
3402-XRIUO,Female,Yes,Yes,No,22,Yes,Yes,DSL,Yes,Yes,No,Yes,No,No,Month-to-month,Yes,Mailed check,63.55,1381.8,No,0.3777,0,Medium,2026-08-01
3132-TVFDZ,Male,Yes,Yes,No,57,No,No,DSL,No,No,No,No,Yes,Yes,Month-to-month,Yes,Electronic check,44.85,2572.95,Yes,0.5244,0,Medium,2026-04-01
8286-AFUYI,Male,No,No,No,1,Yes,No,DSL,Yes,No,No,No,No,No,Month-to-month,No,Electronic check,47.95,47.95,No,0.576,0,Medium,2025-09-01
8080-DDEMJ,Male,Yes,No,No,1,Yes,No,DSL,No,No,No,No,No,No,Month-to-month,No,Electronic check,45.1,45.1,Yes,0.7141,0,High,2026-01-01
8356-WUAOJ,Female,No,Yes,No,1,Yes,No,DSL,No,No,No,No,No,No,Month-to-month,Yes,Electronic check,45.0,45.0,No,0.7437,0,High,2025-10-01
6365-MTGZX,Male,No,No,No,24,Yes,No,Fiber optic,No,No,No,Yes,Yes,Yes,Month-to-month,Yes,Electronic check,96.0,2122.45,Yes,0.7802,0,High,2026-08-01
1349-WXNGG,Male,No,No,No,1,Yes,No,No,No,No,No,No,No,No,Month-to-month,No,Bank transfer (automatic),20.05,20.05,Yes,0.376,0,Medium,2025-12-01
8058-DMYRU,Male,Yes,No,No,54,Yes,Yes,Fiber optic,No,Yes,No,No,No,Yes,Month-to-month,Yes,Electronic check,90.05,4931.8,No,0.7166,0,High,2025-11-01
9350-ZXYJC,Female,No,No,No,4,Yes,Yes,No,No,No,No,No,No,No,Two year,Yes,Credit card (automatic),25.3,116.95,No,0.1995,0,Low,2026-03-01
6990-YNRIO,Male,No,Yes,Yes,65,Yes,Yes,Fiber optic,Yes,No,Yes,Yes,Yes,Yes,Two year,No,Bank transfer (automatic),108.65,6937.95,Yes,0.1029,0,Low,2026-02-01
8958-JPTRR,Female,No,Yes,No,56,Yes,Yes,No,No,No,No,No,No,No,One year,No,Electronic check,24.3,1261.7,No,0.0488,0,Low,2025-10-01
6959-GQEGV,Male,No,No,No,45,Yes,No,DSL,Yes,No,Yes,No,Yes,Yes,Month-to-month,Yes,Electronic check,75.95,3273.8,No,0.4223,0,Medium,2026-06-01
3173-WSSUE,Female,No,Yes,Yes,71,Yes,No,No,No,No,No,No,No,No,Two year,No,Credit card (automatic),19.7,1415.85,No,0.0061,0,Low,2026-07-01
1265-HVPZB,Male,No,Yes,No,59,Yes,No,DSL,Yes,Yes,Yes,No,Yes,No,One year,No,Credit card (automatic),66.4,3958.2,No,0.064,0,Low,2026-05-01
4115-UMJFQ,Male,No,No,No,69,No,No,DSL,No,Yes,Yes,No,No,No,One year,Yes,Bank transfer (automatic),35.75,2492.25,No,0.0789,0,Low,2026-04-01
7369-TRPFD,Male,No,No,No,19,Yes,No,No,No,No,No,No,No,No,One year,No,Mailed check,18.8,279.2,No,0.1254,0,Low,2026-01-01
1098-KFQEC,Female,No,Yes,Yes,55,Yes,No,No,No,No,No,No,No,No,Two year,No,Credit card (automatic),19.4,1083.0,No,0.012,0,Low,2026-03-01
7190-XHTWJ,Female,No,No,No,38,Yes,No,No,No,No,No,No,No,No,One year,No,Mailed check,19.3,755.5,No,0.0597,0,Low,2026-03-01
0621-TWIEM,Male,No,No,No,10,Yes,No,DSL,No,No,No,No,No,No,Month-to-month,Yes,Electronic check,45.55,402.6,Yes,0.678,0,High,2025-10-01
3537-RYBHH,Female,Yes,Yes,No,47,Yes,Yes,DSL,Yes,Yes,Yes,No,No,No,Month-to-month,Yes,Credit card (automatic),67.45,3252.0,No,0.2633,0,Low,2025-09-01
2485-ITVKB,Female,No,Yes,No,2,No,No,DSL,No,No,No,No,No,Yes,Month-to-month,Yes,Electronic check,35.1,68.75,Yes,0.85,1,High,2025-12-01
3669-OYSJI,Male,No,No,No,1,Yes,No,DSL,No,No,No,No,No,No,Month-to-month,No,Credit card (automatic),46.2,46.2,Yes,0.5861,0,Medium,2026-02-01
1612-EOHDH,Female,No,No,No,1,Yes,No,DSL,No,No,No,No,No,No,Month-to-month,No,Electronic check,45.15,45.15,Yes,0.6682,0,High,2025-10-01
6702-OHFWR,Male,Yes,No,No,1,No,No,DSL,No,Yes,Yes,No,No,Yes,Month-to-month,Yes,Electronic check,43.3,43.3,Yes,0.8561,1,High,2025-10-01
5296-BFCYD,Male,No,Yes,Yes,46,Yes,No,No,No,No,No,No,No,No,Two year,Yes,Mailed check,20.1,936.85,No,0.0271,0,Low,2026-07-01
4510-PYUSH,Female,Yes,No,No,38,Yes,No,DSL,Yes,Yes,No,No,No,No,Month-to-month,Yes,Credit card (automatic),57.15,2250.65,Yes,0.2724,0,Low,2026-01-01
9359-JANWS,Female,No,Yes,No,65,Yes,No,DSL,Yes,No,Yes,Yes,No,No,Two year,No,Credit card (automatic),58.9,3857.1,No,0.0173,0,Low,2026-04-01
7517-SAWMO,Female,No,Yes,No,19,Yes,No,Fiber optic,Yes,No,No,No,No,No,Month-to-month,Yes,Electronic check,73.2,1441.1,Yes,0.6996,0,High,2026-03-01
4143-HHPMK,Male,No,No,No,52,Yes,No,Fiber optic,No,Yes,No,No,No,Yes,Month-to-month,Yes,Electronic check,85.35,4338.6,Yes,0.6145,0,High,2026-05-01
3279-DYZQM,Male,No,Yes,Yes,71,Yes,No,No,No,No,No,No,No,No,Two year,No,Mailed check,19.45,1378.45,No,0.0065,0,Low,2026-05-01
7054-LGEQW,Female,No,No,No,1,Yes,No,DSL,No,No,No,No,No,No,Month-to-month,No,Mailed check,45.95,45.95,Yes,0.5941,0,Medium,2025-12-01
0523-VNGTF,Female,Yes,No,No,52,No,No,DSL,No,Yes,Yes,Yes,Yes,No,Month-to-month,Yes,Electronic check,50.5,2566.3,No,0.3624,0,Medium,2026-07-01
9575-IWCAZ,Male,No,Yes,No,6,Yes,Yes,No,No,No,No,No,No,No,One year,No,Mailed check,25.1,171.0,No,0.2395,0,Low,2026-01-01
7105-MXJLL,Female,Yes,Yes,No,26,Yes,No,DSL,No,No,Yes,No,No,Yes,One year,No,Mailed check,60.7,1597.4,No,0.3166,0,Medium,2026-07-01
7064-FRRSW,Male,Yes,No,No,48,Yes,Yes,Fiber optic,No,Yes,No,No,Yes,Yes,One year,Yes,Electronic check,99.0,4744.35,No,0.6548,0,High,2026-01-01
7940-UQQUG,Female,No,Yes,Yes,64,Yes,Yes,Fiber optic,Yes,No,No,Yes,Yes,Yes,One year,Yes,Bank transfer (automatic),104.4,6721.6,No,0.2438,0,Low,2025-10-01
0923-PNFUB,Female,No,No,No,3,Yes,No,Fiber optic,No,Yes,No,No,Yes,No,Month-to-month,No,Electronic check,83.75,247.25,Yes,0.8014,1,High,2026-06-01
3961-SXAXY,Male,No,No,No,1,Yes,No,DSL,No,No,No,No,No,No,Month-to-month,Yes,Bank transfer (automatic),44.05,44.05,No,0.6756,0,High,2025-09-01
7010-BRBUU,Male,No,Yes,Yes,72,Yes,Yes,No,No,No,No,No,No,No,Two year,No,Credit card (automatic),24.1,1734.65,No,0.008,0,Low,2026-06-01
3566-HJGPK,Male,No,No,No,1,Yes,No,DSL,No,No,No,No,No,No,Month-to-month,Yes,Mailed check,45.55,45.55,No,0.6853,0,High,2025-09-01
3062-ICYZQ,Female,No,Yes,Yes,51,Yes,Yes,Fiber optic,Yes,Yes,No,No,No,Yes,Month-to-month,Yes,Electronic check,93.8,4539.35,No,0.5256,0,Medium,2025-11-01
9938-PRCVK,Female,No,Yes,Yes,41,Yes,No,No,No,No,No,No,No,No,Two year,No,Bank transfer (automatic),19.7,804.25,No,0.0214,0,Low,2026-04-01
0973-KYVNF,Female,No,Yes,Yes,72,Yes,No,DSL,Yes,Yes,Yes,No,Yes,No,Two year,Yes,Credit card (automatic),70.65,5011.15,No,0.0263,0,Low,2026-08-01
5129-HHMZC,Female,No,Yes,No,43,Yes,Yes,DSL,Yes,Yes,No,Yes,Yes,Yes,Two year,No,Credit card (automatic),86.45,3574.5,No,0.0721,0,Low,2026-01-01
9637-CDTKZ,Male,No,Yes,No,72,Yes,Yes,Fiber optic,Yes,Yes,Yes,Yes,Yes,Yes,Two year,Yes,Credit card (automatic),114.1,8086.4,No,0.1407,0,Low,2025-10-01
3946-JEWRQ,Male,No,Yes,No,47,Yes,Yes,Fiber optic,No,No,No,No,Yes,Yes,One year,Yes,Credit card (automatic),95.2,4563.0,No,0.5623,0,Medium,2025-11-01
7873-CVMAW,Male,No,No,No,72,Yes,Yes,DSL,Yes,Yes,Yes,Yes,Yes,Yes,Two year,No,Credit card (automatic),88.55,6362.35,No,0.036,0,Low,2026-07-01
0463-WZZKO,Male,No,No,No,3,Yes,No,No,No,No,No,No,No,No,Month-to-month,Yes,Credit card (automatic),20.75,67.1,No,0.4474,0,Medium,2026-05-01
3494-JCHRQ,Male,No,No,No,1,Yes,No,Fiber optic,No,No,No,No,No,No,Month-to-month,Yes,Electronic check,70.05,70.05,Yes,0.8621,1,High,2025-10-01
6474-FVJLC,Male,No,No,No,2,Yes,Yes,Fiber optic,No,No,No,No,No,Yes,Month-to-month,Yes,Electronic check,86.0,165.45,Yes,0.9077,1,High,2026-01-01
4524-QCSSM,Male,No,No,No,26,No,No,DSL,Yes,Yes,No,No,No,Yes,Month-to-month,Yes,Bank transfer (automatic),44.65,1156.55,No,0.4721,0,Medium,2025-12-01
5832-EXGTT,Male,No,Yes,Yes,29,Yes,No,DSL,Yes,No,No,No,No,Yes,Month-to-month,Yes,Mailed check,60.2,1834.15,No,0.3664,0,Medium,2025-11-01
8840-DQLGN,Female,Yes,Yes,No,35,Yes,Yes,Fiber optic,Yes,Yes,No,Yes,Yes,No,Month-to-month,Yes,Bank transfer (automatic),100.5,3653.35,Yes,0.5566,0,Medium,2026-07-01
2039-JONDJ,Male,No,No,No,27,Yes,No,DSL,Yes,Yes,No,No,No,No,One year,No,Bank transfer (automatic),55.45,1477.65,No,0.13,0,Low,2026-04-01
7217-JYHOQ,Male,No,Yes,Yes,24,Yes,No,DSL,Yes,Yes,No,Yes,No,Yes,Month-to-month,Yes,Credit card (automatic),70.3,1706.45,No,0.2786,0,Low,2025-11-01
6695-FRVEC,Male,No,Yes,Yes,67,Yes,No,DSL,Yes,No,Yes,Yes,No,No,Two year,Yes,Bank transfer (automatic),60.4,3953.7,No,0.0184,0,Low,2026-04-01
4547-LYTDD,Female,No,No,No,16,Yes,Yes,Fiber optic,No,No,No,No,No,No,Month-to-month,No,Electronic check,72.65,1194.3,Yes,0.7745,0,High,2026-01-01
9894-QMIMJ,Female,No,No,No,23,Yes,No,DSL,No,Yes,Yes,No,No,No,One year,No,Bank transfer (automatic),55.8,1327.85,No,0.2,0,Low,2025-09-01
8069-YQQAJ,Male,No,No,No,14,No,No,DSL,No,Yes,No,No,No,No,Month-to-month,Yes,Mailed check,31.1,419.7,No,0.6236,0,High,2026-02-01
6770-XUAGN,Female,No,Yes,Yes,1,Yes,No,No,No,No,No,No,No,No,Month-to-month,Yes,Electronic check,21.0,21.0,Yes,0.4927,0,Medium,2025-11-01
4193-ORFCL,Female,Yes,No,No,1,Yes,No,DSL,No,No,No,No,No,No,Month-to-month,No,Mailed check,45.1,45.1,Yes,0.6425,0,High,2025-11-01
1636-NTNCO,Male,Yes,No,No,4,No,No,DSL,No,Yes,No,No,Yes,Yes,Month-to-month,Yes,Credit card (automatic),50.95,207.35,No,0.821,1,High,2026-07-01
3466-WAESX,Male,No,No,Yes,16,Yes,Yes,DSL,Yes,Yes,No,No,No,Yes,Month-to-month,Yes,Electronic check,69.1,1083.7,No,0.567,0,Medium,2026-05-01
9281-PKKZE,Female,No,Yes,No,46,No,No,DSL,No,No,No,No,Yes,Yes,Month-to-month,Yes,Electronic check,43.95,2007.85,No,0.5709,0,Medium,2025-10-01
3638-VBZTA,Male,No,No,Yes,68,Yes,Yes,DSL,Yes,Yes,No,Yes,Yes,Yes,Two year,Yes,Bank transfer (automatic),86.5,5882.75,No,0.0451,0,Low,2026-07-01
7459-IMVYU,Male,No,No,No,38,Yes,Yes,DSL,Yes,Yes,Yes,Yes,No,No,Month-to-month,No,Electronic check,69.95,2657.55,No,0.2195,0,Low,2026-03-01
7776-QWNFX,Male,Yes,Yes,No,30,Yes,No,DSL,No,Yes,No,No,No,No,Month-to-month,Yes,Bank transfer (automatic),50.4,1527.5,Yes,0.4219,0,Medium,2026-07-01
6689-TCZHQ,Female,Yes,No,No,5,Yes,No,Fiber optic,No,No,No,No,No,Yes,Month-to-month,No,Electronic check,78.95,378.4,Yes,0.8576,1,High,2026-05-01
8563-OYMQY,Male,No,No,No,17,Yes,No,Fiber optic,No,Yes,Yes,No,No,Yes,Month-to-month,Yes,Credit card (automatic),90.95,1612.2,No,0.7472,0,High,2026-01-01
0754-EEBDC,Male,No,Yes,Yes,4,Yes,No,No,No,No,No,No,No,No,Two year,No,Mailed check,19.9,76.65,No,0.1031,0,Low,2026-03-01
5777-ZPQNC,Female,No,No,No,12,Yes,No,No,No,No,No,No,No,No,One year,No,Electronic check,20.15,260.7,No,0.2077,0,Low,2026-03-01
1951-IEYXM,Male,No,Yes,Yes,72,Yes,Yes,DSL,Yes,Yes,Yes,Yes,Yes,Yes,Two year,Yes,Credit card (automatic),90.6,6441.85,No,0.0407,0,Low,2026-05-01
3318-NMQXL,Male,No,No,No,3,Yes,No,Fiber optic,No,No,No,No,Yes,Yes,Month-to-month,Yes,Electronic check,92.0,266.8,No,0.9008,1,High,2025-11-01
3143-ILDAL,Male,No,No,No,56,Yes,Yes,Fiber optic,No,Yes,No,Yes,No,Yes,Month-to-month,Yes,Electronic check,94.45,5124.6,Yes,0.5769,0,Medium,2025-12-01
1022-RKXDR,Female,No,No,No,41,Yes,Yes,No,No,No,No,No,No,No,One year,Yes,Mailed check,24.85,962.25,No,0.0945,0,Low,2025-11-01
2361-FJWNO,Male,No,No,No,40,No,No,DSL,No,Yes,No,Yes,No,No,One year,No,Credit card (automatic),36.0,1382.9,No,0.1166,0,Low,2025-12-01
2272-UOINI,Female,No,No,No,7,Yes,No,DSL,Yes,Yes,No,Yes,Yes,Yes,Month-to-month,Yes,Electronic check,78.5,571.05,No,0.5927,0,Medium,2025-10-01
8232-UTFOZ,Male,No,No,No,69,Yes,No,No,No,No,No,No,No,No,Two year,No,Credit card (automatic),19.95,1399.35,No,0.0086,0,Low,2025-09-01
3750-YHRYO,Male,No,Yes,Yes,7,Yes,No,No,No,No,No,No,No,No,One year,No,Mailed check,20.65,150.0,No,0.1591,0,Low,2026-08-01
6637-KYRCV,Female,No,Yes,Yes,5,No,No,DSL,No,Yes,No,No,No,No,Month-to-month,Yes,Electronic check,30.5,167.2,No,0.7174,0,High,2025-09-01
5668-MEISB,Female,No,Yes,Yes,72,Yes,Yes,Fiber optic,Yes,Yes,Yes,Yes,Yes,No,Two year,No,Credit card (automatic),106.1,7657.4,No,0.0564,0,Low,2026-07-01
0129-QMPDR,Male,No,Yes,Yes,44,Yes,No,No,No,No,No,No,No,No,One year,Yes,Bank transfer (automatic),20.5,865.05,No,0.0504,0,Low,2025-09-01
7188-CBBBA,Female,No,No,No,65,Yes,Yes,Fiber optic,No,Yes,Yes,No,Yes,No,One year,Yes,Electronic check,95.5,6153.85,No,0.4018,0,Medium,2026-06-01
5356-CSVSQ,Female,No,No,No,3,Yes,Yes,DSL,No,No,No,Yes,Yes,No,Month-to-month,No,Electronic check,64.6,174.2,No,0.6603,0,High,2025-12-01
3221-CJMSG,Male,No,No,No,24,Yes,No,DSL,No,No,No,Yes,No,No,Month-to-month,Yes,Credit card (automatic),51.1,1269.6,No,0.386,0,Medium,2026-03-01
4720-VSTSI,Female,No,No,No,44,Yes,Yes,Fiber optic,No,Yes,Yes,No,No,No,Month-to-month,Yes,Bank transfer (automatic),84.8,3862.55,Yes,0.563,0,Medium,2025-12-01
3219-JQRSL,Female,Yes,Yes,No,72,Yes,Yes,DSL,Yes,Yes,Yes,Yes,Yes,Yes,Two year,No,Credit card (automatic),89.1,6352.4,No,0.0419,0,Low,2026-02-01
2801-NISEI,Male,No,No,No,24,Yes,No,DSL,Yes,No,No,Yes,No,No,Month-to-month,No,Electronic check,54.95,1348.5,No,0.2918,0,Low,2026-02-01
3946-MHCZW,Male,No,No,No,1,Yes,No,DSL,No,No,Yes,No,No,No,Month-to-month,No,Mailed check,50.9,50.9,Yes,0.5857,0,Medium,2026-03-01
4623-ZKHLY,Male,No,Yes,No,22,Yes,No,No,No,No,No,No,No,No,Month-to-month,Yes,Bank transfer (automatic),20.45,471.55,No,0.2617,0,Low,2026-01-01
6732-VAILE,Male,No,Yes,Yes,70,Yes,Yes,DSL,No,Yes,Yes,Yes,Yes,Yes,Two year,Yes,Credit card (automatic),85.95,5931.75,No,0.0603,0,Low,2026-03-01
8201-AAXCB,Male,No,Yes,Yes,25,Yes,Yes,DSL,No,No,No,No,Yes,No,Month-to-month,No,Electronic check,60.35,1404.65,No,0.5127,0,Medium,2026-06-01
7696-CFTAT,Male,No,Yes,Yes,37,Yes,No,No,No,No,No,No,No,No,Two year,No,Bank transfer (automatic),19.8,726.1,No,0.0257,0,Low,2026-02-01
1845-CSBRZ,Female,Yes,Yes,Yes,22,Yes,Yes,Fiber optic,No,No,No,No,Yes,No,Month-to-month,No,Bank transfer (automatic),85.35,1961.6,No,0.702,0,High,2026-01-01
2123-VSCOT,Female,No,Yes,Yes,59,Yes,Yes,DSL,No,No,Yes,Yes,Yes,No,Two year,Yes,Bank transfer (automatic),72.1,4194.85,No,0.0604,0,Low,2025-10-01
6651-AZVTJ,Male,No,Yes,Yes,49,Yes,Yes,Fiber optic,No,No,Yes,No,Yes,Yes,Month-to-month,Yes,Electronic check,99.8,4872.45,Yes,0.7358,0,High,2026-01-01
4566-GOLUK,Male,No,Yes,Yes,47,Yes,Yes,Fiber optic,No,No,Yes,Yes,Yes,Yes,Month-to-month,Yes,Bank transfer (automatic),107.35,5118.95,Yes,0.5979,0,Medium,2025-10-01
2484-DGXPZ,Female,No,Yes,Yes,31,Yes,No,No,No,No,No,No,No,No,Month-to-month,Yes,Mailed check,19.55,658.95,Yes,0.1684,0,Low,2025-11-01
2018-QKYGT,Male,No,Yes,Yes,1,Yes,No,Fiber optic,No,No,No,No,No,Yes,Month-to-month,Yes,Electronic check,81.05,81.05,No,0.8643,1,High,2026-08-01
2792-VPPET,Male,No,No,No,3,Yes,No,No,No,No,No,No,No,No,Month-to-month,Yes,Electronic check,20.5,76.95,No,0.5382,0,Medium,2025-10-01
7409-JURKQ,Female,No,Yes,No,53,Yes,Yes,Fiber optic,No,Yes,Yes,Yes,Yes,Yes,One year,Yes,Bank transfer (automatic),111.8,5809.75,No,0.3974,0,Medium,2026-02-01
3247-MHJKM,Male,No,No,No,1,Yes,No,No,No,No,No,No,No,No,Month-to-month,No,Mailed check,20.2,20.2,No,0.3901,0,Medium,2026-07-01
1964-SVLEA,Male,No,No,No,20,Yes,No,No,No,No,No,No,No,No,One year,Yes,Mailed check,19.7,415.9,No,0.1688,0,Low,2026-08-01
4587-NUKOX,Female,No,No,No,3,Yes,No,Fiber optic,Yes,Yes,No,No,No,No,Month-to-month,Yes,Electronic check,79.1,246.5,Yes,0.7594,0,High,2025-10-01
7297-DVYGA,Female,No,No,No,51,Yes,No,No,No,No,No,No,No,No,One year,Yes,Bank transfer (automatic),19.85,996.95,No,0.047,0,Low,2025-10-01
2239-CGBUZ,Female,No,Yes,No,51,Yes,No,DSL,Yes,Yes,No,Yes,No,No,One year,Yes,Bank transfer (automatic),60.5,3145.15,No,0.0635,0,Low,2026-01-01
0854-UYHZD,Female,No,Yes,Yes,13,Yes,No,No,No,No,No,No,No,No,Two year,No,Mailed check,19.55,265.3,No,0.0717,0,Low,2026-03-01
7243-LCGGZ,Female,No,No,No,1,Yes,No,No,No,No,No,No,No,No,Month-to-month,No,Mailed check,20.9,20.9,No,0.3838,0,Medium,2026-08-01
8267-KFGYD,Male,No,No,Yes,1,Yes,No,No,No,No,No,No,No,No,Month-to-month,Yes,Mailed check,21.05,21.05,No,0.4229,0,Medium,2025-11-01
4890-VMUAV,Male,No,No,No,63,Yes,Yes,DSL,Yes,Yes,Yes,Yes,No,No,One year,No,Electronic check,71.5,4576.3,No,0.0599,0,Low,2025-10-01
9261-WDCAF,Male,No,No,No,3,Yes,No,DSL,No,No,No,No,No,Yes,Month-to-month,No,Mailed check,54.65,189.1,No,0.6499,0,High,2025-12-01
3764-MNMOI,Male,No,No,No,46,Yes,No,No,No,No,No,No,No,No,Two year,No,Credit card (automatic),19.2,908.15,No,0.0227,0,Low,2026-07-01
7442-YGZFK,Male,No,No,No,1,Yes,Yes,DSL,No,No,No,No,No,No,Month-to-month,Yes,Credit card (automatic),49.8,49.8,No,0.7234,0,High,2025-09-01
0420-BWTPW,Male,No,No,Yes,8,No,No,DSL,No,No,No,No,No,No,Month-to-month,No,Mailed check,25.5,215.2,Yes,0.5814,0,Medium,2026-01-01
8229-BUJHX,Female,No,Yes,Yes,71,Yes,No,No,No,No,No,No,No,No,Two year,No,Bank transfer (automatic),20.5,1500.95,No,0.0061,0,Low,2025-10-01
7449-HVPIV,Male,No,Yes,Yes,55,Yes,Yes,Fiber optic,No,No,Yes,No,Yes,No,Month-to-month,Yes,Credit card (automatic),90.4,5099.15,No,0.5397,0,Medium,2025-10-01
5504-WSIUR,Female,No,No,No,70,Yes,Yes,Fiber optic,No,Yes,Yes,Yes,No,No,One year,Yes,Bank transfer (automatic),90.25,6385.95,No,0.1814,0,Low,2026-08-01
8183-ONMXC,Female,No,No,No,2,Yes,No,Fiber optic,No,No,No,No,No,Yes,Month-to-month,No,Electronic check,80.75,159.45,Yes,0.8418,1,High,2025-09-01
8466-PZBLH,Male,No,Yes,Yes,67,Yes,Yes,Fiber optic,Yes,No,No,Yes,Yes,Yes,Two year,No,Bank transfer (automatic),104.6,6885.75,No,0.0974,0,Low,2025-12-01
9614-RMGHA,Male,No,Yes,No,65,Yes,Yes,Fiber optic,No,Yes,No,No,Yes,No,Month-to-month,Yes,Bank transfer (automatic),91.85,5940.85,Yes,0.4872,0,Medium,2026-07-01
8735-IJJEG,Male,No,Yes,No,14,Yes,No,DSL,No,No,Yes,No,No,No,Month-to-month,No,Credit card (automatic),50.2,668.85,No,0.455,0,Medium,2026-04-01
0564-MUUQK,Female,No,Yes,Yes,20,Yes,Yes,Fiber optic,No,No,Yes,Yes,No,Yes,Month-to-month,Yes,Bank transfer (automatic),95.5,1916.2,No,0.6843,0,High,2025-09-01
5054-IEXZT,Male,No,No,Yes,1,Yes,No,Fiber optic,No,Yes,No,No,No,No,Month-to-month,Yes,Electronic check,75.35,75.35,Yes,0.8051,1,High,2026-02-01
5834-ASPWA,Male,No,No,No,1,Yes,Yes,Fiber optic,No,No,No,No,No,No,Month-to-month,Yes,Electronic check,75.45,75.45,Yes,0.8862,1,High,2026-08-01
0701-RFGFI,Female,No,Yes,Yes,49,Yes,Yes,Fiber optic,No,No,No,No,Yes,Yes,Month-to-month,Yes,Bank transfer (automatic),95.4,4613.95,No,0.6511,0,High,2026-01-01
0019-EFAEP,Female,No,No,No,72,Yes,Yes,Fiber optic,Yes,Yes,Yes,No,Yes,No,Two year,Yes,Bank transfer (automatic),101.3,7261.25,No,0.1268,0,Low,2026-03-01
5619-PTMIK,Female,No,Yes,No,46,Yes,Yes,DSL,Yes,No,No,No,No,No,Month-to-month,No,Electronic check,53.1,2459.8,No,0.2527,0,Low,2026-03-01
3737-XBQDD,Male,No,No,No,24,Yes,Yes,Fiber optic,No,Yes,Yes,No,No,No,Month-to-month,Yes,Bank transfer (automatic),84.85,2048.8,No,0.6915,0,High,2026-04-01
5882-CMAZQ,Female,No,Yes,Yes,5,No,No,DSL,No,Yes,No,Yes,No,No,Month-to-month,No,Electronic check,34.25,163.55,No,0.5481,0,Medium,2025-11-01
5846-QFDFI,Female,No,Yes,Yes,33,Yes,Yes,Fiber optic,No,Yes,Yes,Yes,No,No,Month-to-month,No,Credit card (automatic),88.6,2888.7,No,0.3983,0,Medium,2026-07-01
4445-KWOKW,Female,No,No,No,42,Yes,Yes,DSL,Yes,Yes,No,No,No,No,One year,Yes,Bank transfer (automatic),60.15,2421.6,No,0.14,0,Low,2026-08-01
3511-APPBJ,Male,No,No,No,23,Yes,No,Fiber optic,Yes,No,Yes,No,Yes,Yes,One year,Yes,Credit card (automatic),99.95,2292.75,No,0.5426,0,Medium,2025-10-01
7967-HYCDE,Male,No,No,No,8,Yes,No,Fiber optic,No,No,No,No,No,No,Month-to-month,No,Bank transfer (automatic),70.7,553.4,No,0.7022,0,High,2026-06-01
2430-RRYUW,Male,No,No,No,66,Yes,No,DSL,Yes,Yes,No,No,No,No,One year,Yes,Mailed check,54.8,3465.7,No,0.0546,0,Low,2026-06-01
3948-XHGNA,Male,No,No,No,24,Yes,No,DSL,Yes,No,No,No,No,No,Month-to-month,Yes,Bank transfer (automatic),49.55,1210.4,Yes,0.3698,0,Medium,2026-05-01
3723-BFBGR,Male,Yes,No,No,24,Yes,Yes,DSL,No,Yes,No,No,No,No,Month-to-month,No,Credit card (automatic),54.8,1291.3,No,0.4484,0,Medium,2026-01-01
0565-IYCGT,Male,No,No,No,69,Yes,Yes,DSL,Yes,Yes,Yes,Yes,No,Yes,One year,Yes,Credit card (automatic),78.6,5356.45,Yes,0.0727,0,Low,2026-02-01
5447-WZAFP,Female,No,No,No,53,Yes,No,Fiber optic,No,Yes,Yes,No,Yes,Yes,One year,Yes,Mailed check,100.3,5200.8,No,0.4231,0,Medium,2026-07-01
5110-CHOPY,Female,No,No,No,60,No,No,DSL,Yes,No,Yes,No,Yes,Yes,Two year,No,Electronic check,53.6,3237.05,No,0.0909,0,Low,2025-10-01
5445-UTODQ,Female,No,Yes,No,7,Yes,No,Fiber optic,No,No,No,No,Yes,No,Month-to-month,Yes,Electronic check,81.1,576.65,Yes,0.8583,1,High,2026-06-01
4425-OWHWB,Female,No,No,No,20,Yes,No,No,No,No,No,No,No,No,One year,Yes,Credit card (automatic),19.35,433.75,No,0.1606,0,Low,2026-08-01
7892-QVYKW,Female,No,Yes,Yes,23,Yes,Yes,Fiber optic,No,No,No,No,No,Yes,Month-to-month,No,Electronic check,85.6,1868.4,No,0.7406,0,High,2026-05-01
9675-ICXCT,Male,No,Yes,Yes,72,Yes,No,DSL,Yes,No,Yes,Yes,Yes,Yes,Two year,Yes,Electronic check,80.8,5728.55,No,0.0474,0,Low,2026-01-01
1024-VRZHF,Male,No,Yes,No,11,Yes,Yes,Fiber optic,No,No,No,No,No,No,Month-to-month,Yes,Electronic check,74.95,825.7,Yes,0.8512,1,High,2026-03-01
4703-MQYKT,Male,No,No,No,21,Yes,No,No,No,No,No,No,No,No,Two year,No,Mailed check,19.6,390.4,No,0.0658,0,Low,2025-09-01
9497-QCMMS,Male,Yes,No,No,1,Yes,Yes,Fiber optic,No,No,No,No,Yes,Yes,Month-to-month,Yes,Electronic check,93.55,93.55,Yes,0.9381,1,High,2026-08-01
5692-ICXLW,Male,Yes,No,No,31,Yes,Yes,Fiber optic,No,Yes,No,No,Yes,No,Month-to-month,Yes,Electronic check,90.7,2845.15,No,0.8097,1,High,2026-01-01
0602-DDUML,Female,No,No,No,57,Yes,No,DSL,No,Yes,Yes,Yes,Yes,No,Two year,No,Mailed check,69.75,3894.4,No,0.0403,0,Low,2025-09-01
2208-MPXIO,Female,No,Yes,Yes,45,Yes,No,No,No,No,No,No,No,No,Two year,Yes,Bank transfer (automatic),20.0,886.4,No,0.026,0,Low,2026-06-01
1960-UYCNN,Male,No,No,No,10,Yes,Yes,Fiber optic,No,Yes,Yes,No,No,Yes,Month-to-month,Yes,Electronic check,95.25,1021.55,No,0.8666,1,High,2026-04-01
0348-SDKOL,Female,No,Yes,No,58,Yes,Yes,Fiber optic,No,No,Yes,Yes,Yes,Yes,Month-to-month,Yes,Credit card (automatic),102.1,5885.4,Yes,0.5821,0,Medium,2026-04-01
3190-FZATL,Male,No,No,Yes,14,Yes,No,No,No,No,No,No,No,No,Month-to-month,No,Mailed check,19.95,268.4,No,0.2259,0,Low,2025-09-01
7336-RLLRH,Male,No,Yes,No,27,Yes,Yes,DSL,Yes,No,No,Yes,Yes,Yes,One year,No,Mailed check,80.85,2204.35,No,0.2283,0,Low,2026-06-01
4373-MAVJG,Female,No,Yes,Yes,14,Yes,Yes,Fiber optic,No,Yes,No,No,No,Yes,Month-to-month,Yes,Bank transfer (automatic),90.9,1259.0,Yes,0.7601,0,High,2026-04-01
8901-HJXTF,Female,No,Yes,Yes,12,No,No,DSL,No,Yes,No,No,No,No,Month-to-month,No,Mailed check,29.2,309.1,Yes,0.4906,0,Medium,2026-06-01
7710-JSYOA,Female,No,Yes,Yes,69,Yes,Yes,Fiber optic,No,Yes,No,Yes,No,Yes,Two year,Yes,Bank transfer (automatic),93.3,6398.05,No,0.1208,0,Low,2026-06-01
5419-KLXBN,Female,No,Yes,Yes,25,Yes,No,Fiber optic,No,Yes,Yes,No,Yes,No,Month-to-month,Yes,Bank transfer (automatic),89.15,2257.75,Yes,0.6254,0,High,2025-11-01
3424-NMNBO,Male,Yes,Yes,No,58,Yes,Yes,Fiber optic,Yes,Yes,Yes,No,Yes,Yes,One year,Yes,Electronic check,108.85,6287.25,Yes,0.5035,0,Medium,2025-11-01
9885-MFVSU,Female,No,Yes,Yes,35,No,No,DSL,Yes,No,No,Yes,Yes,No,Two year,Yes,Credit card (automatic),46.35,1662.05,No,0.0894,0,Low,2026-08-01
4514-GFCFI,Female,Yes,No,No,16,Yes,Yes,Fiber optic,No,No,No,No,Yes,No,Month-to-month,Yes,Electronic check,84.75,1350.15,Yes,0.8803,1,High,2026-03-01
0607-MVMGC,Male,No,Yes,Yes,45,Yes,Yes,DSL,No,Yes,Yes,No,Yes,Yes,One year,No,Credit card (automatic),78.75,3600.65,No,0.1929,0,Low,2026-02-01
3365-SAIGS,Female,No,No,No,17,Yes,No,Fiber optic,No,Yes,No,No,Yes,No,Month-to-month,Yes,Electronic check,83.55,1329.15,No,0.7949,0,High,2025-12-01
9828-AOQLM,Female,No,Yes,Yes,1,Yes,No,DSL,No,No,No,No,No,No,Month-to-month,Yes,Electronic check,45.7,45.7,Yes,0.6961,0,High,2026-04-01
8022-BECSI,Male,No,No,No,22,Yes,No,No,No,No,No,No,No,No,One year,No,Mailed check,19.6,422.5,No,0.113,0,Low,2026-06-01
8000-REIQB,Female,Yes,No,No,1,Yes,No,Fiber optic,No,No,No,No,No,No,Month-to-month,Yes,Electronic check,69.95,69.95,Yes,0.882,1,High,2025-09-01
9993-LHIEB,Male,No,Yes,Yes,67,Yes,No,DSL,Yes,No,Yes,Yes,No,Yes,Two year,No,Mailed check,67.85,4627.65,No,0.021,0,Low,2026-03-01
0266-CLZKZ,Female,No,Yes,Yes,67,Yes,Yes,Fiber optic,No,No,Yes,Yes,Yes,Yes,Two year,Yes,Bank transfer (automatic),105.65,6717.9,No,0.1769,0,Low,2026-08-01
7615-ESMYF,Female,No,Yes,No,2,No,No,DSL,No,No,No,No,Yes,Yes,Month-to-month,No,Electronic check,44.6,97.1,Yes,0.825,1,High,2025-12-01
3858-VOBET,Male,No,No,No,23,Yes,Yes,Fiber optic,No,No,No,No,No,No,Month-to-month,Yes,Electronic check,74.95,1710.45,Yes,0.8002,1,High,2025-12-01
7020-OZKXZ,Female,Yes,No,No,9,Yes,No,Fiber optic,No,No,Yes,No,No,No,Month-to-month,No,Credit card (automatic),75.5,637.4,No,0.7244,0,High,2026-07-01
3977-QCRSL,Female,No,No,No,5,Yes,No,No,No,No,No,No,No,No,Month-to-month,No,Mailed check,20.15,117.95,No,0.347,0,Medium,2025-09-01
0017-DINOC,Male,No,No,No,54,No,No,DSL,Yes,No,No,Yes,Yes,No,Two year,No,Credit card (automatic),45.2,2460.55,No,0.0414,0,Low,2026-01-01
1447-PJGGA,Female,No,No,No,57,Yes,No,Fiber optic,No,No,Yes,No,Yes,Yes,Two year,Yes,Electronic check,95.25,5464.65,Yes,0.3596,0,Medium,2026-02-01
8565-CLBZW,Male,No,No,No,24,Yes,Yes,Fiber optic,No,No,Yes,No,Yes,No,Month-to-month,Yes,Mailed check,89.85,2165.05,Yes,0.7785,0,High,2026-06-01
9139-WQQDY,Female,No,Yes,Yes,49,Yes,Yes,Fiber optic,No,Yes,No,No,Yes,Yes,One year,No,Mailed check,100.45,4941.8,Yes,0.3732,0,Medium,2025-10-01
0224-HJAPT,Male,No,No,No,5,Yes,Yes,DSL,No,No,No,No,No,No,Month-to-month,No,Electronic check,47.15,223.15,Yes,0.6955,0,High,2026-02-01
8086-OVPWV,Male,No,No,No,2,Yes,No,Fiber optic,No,No,No,No,No,Yes,Month-to-month,Yes,Electronic check,80.2,181.1,Yes,0.8885,1,High,2025-10-01
9430-FRQOC,Female,No,No,Yes,4,Yes,Yes,Fiber optic,No,No,Yes,Yes,No,No,Month-to-month,Yes,Mailed check,87.1,341.45,Yes,0.7234,0,High,2026-06-01
7639-OPLNG,Male,No,Yes,Yes,70,Yes,Yes,DSL,Yes,Yes,Yes,Yes,Yes,No,Two year,Yes,Bank transfer (automatic),79.25,5731.85,No,0.0296,0,Low,2026-04-01
3074-GQWYX,Male,No,No,No,5,Yes,Yes,Fiber optic,No,No,No,No,No,No,Month-to-month,Yes,Bank transfer (automatic),75.9,357.75,Yes,0.825,1,High,2026-02-01
1492-QGCLU,Male,No,Yes,Yes,53,Yes,Yes,DSL,Yes,No,Yes,Yes,Yes,Yes,Month-to-month,No,Electronic check,85.7,4616.1,No,0.2396,0,Low,2026-01-01
6845-RGTYS,Female,No,Yes,No,47,Yes,Yes,Fiber optic,Yes,Yes,Yes,No,Yes,No,Month-to-month,Yes,Electronic check,98.75,4533.7,Yes,0.5931,0,Medium,2025-10-01
7328-OWMOM,Female,No,No,Yes,31,Yes,No,No,No,No,No,No,No,No,One year,No,Credit card (automatic),20.1,589.25,No,0.0601,0,Low,2026-08-01
4418-LZMSV,Male,No,Yes,Yes,13,Yes,No,DSL,No,Yes,Yes,Yes,No,No,Month-to-month,No,Bank transfer (automatic),61.8,750.1,No,0.2819,0,Low,2026-04-01
5155-AZQPB,Female,No,Yes,Yes,28,Yes,Yes,DSL,No,No,No,No,No,No,Month-to-month,No,Mailed check,49.9,1410.25,No,0.356,0,Medium,2025-12-01
8861-HGGKB,Female,No,No,No,10,Yes,Yes,Fiber optic,No,No,No,No,No,Yes,Month-to-month,No,Electronic check,86.45,830.85,Yes,0.8402,1,High,2026-01-01
1087-GRUYI,Male,No,Yes,No,38,Yes,No,No,No,No,No,No,No,No,Two year,No,Bank transfer (automatic),20.4,743.5,No,0.0306,0,Low,2026-05-01
7065-YUNRY,Female,No,No,No,1,Yes,No,DSL,No,No,No,No,No,No,Month-to-month,Yes,Mailed check,45.3,45.3,Yes,0.6819,0,High,2026-05-01
7694-VLBWQ,Male,No,Yes,No,67,Yes,Yes,Fiber optic,No,Yes,Yes,No,Yes,Yes,One year,No,Electronic check,104.1,7040.85,Yes,0.4069,0,Medium,2026-02-01
2546-KZAAT,Male,No,Yes,No,52,Yes,No,DSL,Yes,Yes,No,No,Yes,Yes,One year,Yes,Mailed check,75.4,3865.45,No,0.158,0,Low,2025-12-01
0181-RITDD,Male,No,Yes,Yes,62,Yes,No,Fiber optic,Yes,Yes,Yes,Yes,Yes,Yes,Two year,No,Mailed check,108.15,6825.65,No,0.0841,0,Low,2026-04-01
5989-PGKJB,Female,No,No,No,16,Yes,No,Fiber optic,No,Yes,No,No,No,Yes,Month-to-month,Yes,Electronic check,86.25,1340.1,No,0.8118,1,High,2026-04-01
4795-KTRTH,Female,Yes,Yes,No,5,Yes,Yes,Fiber optic,No,Yes,No,No,No,No,Month-to-month,Yes,Electronic check,81.0,371.65,Yes,0.8707,1,High,2026-04-01
8272-ONJLV,Male,No,No,No,12,Yes,No,Fiber optic,No,No,Yes,No,Yes,Yes,One year,No,Electronic check,95.7,1184.0,No,0.7015,0,High,2025-09-01
1488-PBLJN,Female,No,Yes,Yes,72,Yes,Yes,Fiber optic,Yes,Yes,Yes,Yes,Yes,Yes,Two year,Yes,Bank transfer (automatic),116.85,8477.7,No,0.118,0,Low,2026-02-01
0308-GIQJT,Male,Yes,No,No,71,Yes,Yes,Fiber optic,No,Yes,No,Yes,Yes,Yes,One year,No,Bank transfer (automatic),105.75,7382.85,No,0.2701,0,Low,2026-04-01
3778-FOAQW,Female,No,Yes,No,24,Yes,No,No,No,No,No,No,No,No,One year,No,Mailed check,20.15,456.85,No,0.1013,0,Low,2026-08-01
4452-ROHMO,Female,No,No,No,15,Yes,No,No,No,No,No,No,No,No,Two year,No,Mailed check,19.6,331.6,No,0.0831,0,Low,2026-03-01
6481-OGDOO,Male,No,Yes,No,67,Yes,No,Fiber optic,Yes,Yes,No,No,No,Yes,One year,Yes,Credit card (automatic),90.6,6056.15,Yes,0.2003,0,Low,2026-01-01
3090-LETTY,Male,No,No,Yes,2,Yes,Yes,DSL,Yes,Yes,No,No,No,No,Month-to-month,No,Bank transfer (automatic),60.95,134.6,No,0.4215,0,Medium,2026-03-01
5349-AZPEW,Female,No,Yes,Yes,5,No,No,DSL,No,No,No,No,No,No,Month-to-month,No,Mailed check,25.05,125.5,No,0.6048,0,High,2025-11-01
3753-TSEMP,Female,No,Yes,No,15,Yes,No,Fiber optic,No,No,No,No,Yes,Yes,Month-to-month,No,Electronic check,88.15,1390.6,Yes,0.8223,1,High,2025-10-01
8305-VHZBZ,Male,No,No,No,1,Yes,No,No,No,No,No,No,No,No,Month-to-month,Yes,Mailed check,20.2,20.2,Yes,0.4819,0,Medium,2026-05-01
9720-JJJOR,Male,No,Yes,Yes,41,Yes,No,DSL,Yes,Yes,Yes,No,No,No,One year,Yes,Bank transfer (automatic),60.3,2511.3,No,0.0955,0,Low,2026-08-01
8100-HZZLJ,Female,No,No,Yes,43,Yes,No,DSL,Yes,Yes,No,No,No,Yes,Month-to-month,Yes,Electronic check,63.95,2737.05,No,0.2948,0,Low,2026-07-01
8775-ERLNB,Male,Yes,Yes,No,1,Yes,Yes,Fiber optic,No,No,No,No,No,No,Month-to-month,No,Electronic check,74.3,74.3,No,0.8671,1,High,2026-04-01
8309-IEYJD,Female,Yes,No,No,1,Yes,No,Fiber optic,No,No,No,No,No,No,Month-to-month,Yes,Mailed check,70.6,70.6,No,0.8447,1,High,2025-09-01
9172-JITSM,Female,No,Yes,Yes,26,Yes,No,Fiber optic,No,No,No,No,Yes,Yes,Month-to-month,Yes,Electronic check,90.8,2361.8,Yes,0.7937,0,High,2026-08-01
6298-QDFNH,Male,No,No,No,22,Yes,Yes,Fiber optic,No,Yes,No,No,No,No,Month-to-month,Yes,Electronic check,79.35,1730.35,Yes,0.7794,0,High,2026-02-01
7398-HPYZQ,Male,No,Yes,No,71,Yes,Yes,DSL,Yes,Yes,Yes,Yes,Yes,Yes,Two year,No,Bank transfer (automatic),90.55,6404.0,No,0.0364,0,Low,2025-12-01
3546-GHEAE,Male,No,No,No,7,Yes,No,No,No,No,No,No,No,No,Two year,No,Mailed check,19.45,165.35,No,0.115,0,Low,2026-07-01
7361-YPXFS,Female,Yes,No,No,28,Yes,Yes,DSL,No,Yes,Yes,Yes,No,No,Month-to-month,No,Bank transfer (automatic),64.45,1867.6,No,0.3262,0,Medium,2026-05-01
6557-BZXLQ,Male,Yes,No,No,16,Yes,No,Fiber optic,No,No,No,No,No,No,Month-to-month,No,Electronic check,69.65,1043.3,No,0.7631,0,High,2026-05-01
2550-QHZGP,Male,No,No,No,7,Yes,No,No,No,No,No,No,No,No,One year,No,Mailed check,19.5,128.6,No,0.1951,0,Low,2025-12-01
7519-JTWQH,Female,No,No,No,69,Yes,Yes,Fiber optic,No,Yes,Yes,Yes,Yes,Yes,Two year,Yes,Bank transfer (automatic),110.5,7455.45,No,0.1966,0,Low,2026-08-01
2538-OIMXF,Female,No,No,Yes,1,No,No,DSL,No,No,No,No,No,No,Month-to-month,No,Mailed check,24.7,24.7,No,0.6472,0,High,2026-02-01
8543-MSDMF,Male,No,No,No,3,Yes,No,DSL,Yes,No,Yes,No,Yes,Yes,Month-to-month,Yes,Electronic check,77.4,206.15,No,0.7237,0,High,2026-03-01
9961-JBNMK,Male,Yes,No,No,21,Yes,No,Fiber optic,No,No,Yes,No,Yes,Yes,Month-to-month,Yes,Bank transfer (automatic),96.8,2030.3,Yes,0.8213,1,High,2026-06-01
1170-SASML,Female,No,Yes,No,69,Yes,Yes,Fiber optic,No,Yes,Yes,No,No,No,Month-to-month,Yes,Bank transfer (automatic),85.4,5869.4,No,0.3793,0,Medium,2026-04-01
4872-JCVCA,Female,No,Yes,No,71,No,No,DSL,Yes,Yes,Yes,Yes,No,No,Two year,Yes,Bank transfer (automatic),47.6,3377.8,No,0.0209,0,Low,2025-11-01
5346-BZCHP,Female,No,Yes,Yes,69,Yes,No,No,No,No,No,No,No,No,Two year,No,Mailed check,19.4,1346.2,No,0.007,0,Low,2025-12-01
2038-LLMLM,Female,No,No,No,48,Yes,Yes,Fiber optic,No,No,Yes,Yes,Yes,Yes,Month-to-month,Yes,Electronic check,103.85,4946.05,No,0.7197,0,High,2026-01-01
6173-ITPWD,Male,No,Yes,No,47,Yes,Yes,Fiber optic,No,Yes,Yes,No,No,No,Month-to-month,Yes,Bank transfer (automatic),83.35,4065.0,Yes,0.5452,0,Medium,2026-08-01
9734-UYXQI,Female,No,No,No,2,Yes,Yes,DSL,No,No,No,No,No,No,Month-to-month,Yes,Electronic check,49.4,106.55,Yes,0.7811,0,High,2026-05-01
1216-BGTSP,Male,No,No,No,45,Yes,Yes,Fiber optic,Yes,No,Yes,Yes,Yes,Yes,Month-to-month,Yes,Credit card (automatic),108.45,4964.7,No,0.578,0,Medium,2026-01-01
4138-NAXED,Male,No,No,No,51,Yes,Yes,Fiber optic,No,Yes,No,No,No,No,Month-to-month,No,Bank transfer (automatic),81.0,4085.75,No,0.4155,0,Medium,2026-05-01
2189-UXTKY,Female,No,Yes,No,22,Yes,Yes,DSL,Yes,No,No,Yes,Yes,Yes,Month-to-month,Yes,Electronic check,79.2,1742.75,Yes,0.5789,0,Medium,2026-05-01
0744-BIKKF,Male,No,No,No,72,Yes,Yes,DSL,Yes,Yes,Yes,Yes,Yes,Yes,Two year,No,Bank transfer (automatic),86.65,6224.8,No,0.0352,0,Low,2026-01-01
7483-IQWIB,Male,No,Yes,Yes,37,Yes,Yes,Fiber optic,No,Yes,Yes,No,Yes,No,Month-to-month,Yes,Electronic check,92.95,3415.25,No,0.697,0,High,2026-01-01
5248-KWLAR,Male,No,Yes,Yes,71,Yes,Yes,DSL,Yes,Yes,Yes,Yes,Yes,Yes,Two year,No,Electronic check,90.35,6325.25,No,0.0411,0,Low,2026-07-01
4958-GZWIY,Male,No,Yes,Yes,7,Yes,No,DSL,No,No,Yes,No,No,No,Month-to-month,No,Electronic check,48.7,340.25,Yes,0.5556,0,Medium,2026-03-01
7996-MHXLW,Female,No,No,No,66,Yes,Yes,No,No,No,No,No,No,No,Two year,Yes,Credit card (automatic),25.15,1683.6,No,0.0187,0,Low,2025-10-01
7833-PKIHD,Male,No,Yes,Yes,51,Yes,No,DSL,Yes,No,No,Yes,Yes,Yes,One year,Yes,Bank transfer (automatic),76.4,3966.3,No,0.1093,0,Low,2026-05-01
7061-OVMIM,Female,No,Yes,Yes,30,Yes,No,No,No,No,No,No,No,No,One year,No,Bank transfer (automatic),19.55,608.5,No,0.0621,0,Low,2026-04-01
5153-RTHKF,Female,No,No,No,34,Yes,Yes,Fiber optic,No,No,No,No,Yes,No,Month-to-month,No,Electronic check,85.35,2896.6,No,0.7143,0,High,2026-03-01
1852-QSWCD,Male,No,Yes,Yes,64,Yes,Yes,No,No,No,No,No,No,No,Two year,Yes,Mailed check,24.8,1514.85,No,0.0167,0,Low,2026-05-01
4832-VRBMR,Male,Yes,Yes,No,65,Yes,Yes,Fiber optic,No,Yes,Yes,No,Yes,Yes,One year,Yes,Bank transfer (automatic),103.15,6792.45,No,0.4678,0,Medium,2026-07-01
9079-LWTFD,Male,No,No,No,47,Yes,Yes,Fiber optic,Yes,Yes,No,Yes,Yes,No,Month-to-month,No,Mailed check,100.75,4669.2,No,0.3559,0,Medium,2025-12-01
6356-ELRKD,Female,No,No,No,1,Yes,No,Fiber optic,Yes,No,No,No,Yes,Yes,Month-to-month,Yes,Electronic check,95.6,95.6,Yes,0.8608,1,High,2026-02-01
8624-GIOUT,Female,No,No,No,49,Yes,Yes,DSL,Yes,Yes,No,No,No,No,Month-to-month,Yes,Credit card (automatic),59.75,2934.3,Yes,0.215,0,Low,2025-11-01
3392-EHMNK,Female,No,Yes,Yes,67,Yes,Yes,Fiber optic,No,Yes,No,Yes,Yes,No,Two year,No,Credit card (automatic),94.1,6302.8,No,0.0854,0,Low,2026-04-01
5986-WWXDV,Male,No,No,Yes,39,Yes,No,No,No,No,No,No,No,No,One year,No,Bank transfer (automatic),19.35,779.2,No,0.0444,0,Low,2026-01-01
3061-BCKYI,Male,No,No,No,14,Yes,No,No,No,No,No,No,No,No,Month-to-month,No,Mailed check,19.9,283.75,No,0.2693,0,Low,2026-01-01
6179-GJPSO,Female,Yes,No,No,43,Yes,No,Fiber optic,Yes,Yes,No,Yes,Yes,Yes,Month-to-month,Yes,Credit card (automatic),108.15,4600.7,Yes,0.5252,0,Medium,2026-05-01
7901-TBKJX,Male,Yes,No,No,56,Yes,Yes,Fiber optic,No,No,Yes,No,Yes,Yes,Month-to-month,Yes,Electronic check,101.05,5594.0,No,0.7822,0,High,2026-01-01
7228-PAQPD,Female,No,No,No,14,Yes,No,DSL,No,No,No,Yes,No,Yes,One year,No,Credit card (automatic),59.1,772.85,No,0.2836,0,Low,2026-02-01
3177-LASXD,Female,No,No,No,1,Yes,No,Fiber optic,No,No,No,No,No,No,Month-to-month,No,Electronic check,71.35,71.35,Yes,0.8062,1,High,2026-02-01
7746-QYVCO,Male,No,Yes,Yes,16,Yes,No,DSL,Yes,Yes,No,No,No,No,One year,Yes,Mailed check,55.85,857.8,No,0.2091,0,Low,2025-12-01
5804-HYIEZ,Male,No,Yes,Yes,70,Yes,Yes,Fiber optic,Yes,Yes,No,No,Yes,Yes,Month-to-month,Yes,Electronic check,106.05,7554.05,No,0.5142,0,Medium,2025-10-01
9919-FZDED,Male,Yes,Yes,No,72,Yes,Yes,DSL,Yes,Yes,Yes,No,Yes,Yes,Two year,Yes,Credit card (automatic),84.1,5981.65,No,0.0799,0,Low,2026-06-01
5934-TSSAU,Female,No,Yes,Yes,23,Yes,No,Fiber optic,No,No,Yes,No,No,No,Month-to-month,Yes,Credit card (automatic),75.3,1702.9,No,0.6192,0,High,2025-10-01
3486-KHMLI,Male,No,No,Yes,21,Yes,Yes,No,No,No,No,No,No,No,Month-to-month,No,Mailed check,24.7,467.15,No,0.2155,0,Low,2025-12-01
4897-QSUYC,Female,No,No,No,1,Yes,No,No,No,No,No,No,No,No,Month-to-month,Yes,Mailed check,20.15,20.15,Yes,0.4774,0,Medium,2026-05-01
1084-UQCHV,Male,No,No,Yes,1,Yes,No,Fiber optic,No,No,No,No,No,No,Month-to-month,No,Bank transfer (automatic),69.75,69.75,Yes,0.7029,0,High,2025-10-01
8290-YWKHZ,Female,Yes,Yes,No,32,Yes,Yes,Fiber optic,No,No,No,No,Yes,Yes,Month-to-month,Yes,Electronic check,93.2,2931.0,Yes,0.8663,1,High,2026-04-01
2955-BJZHG,Male,No,Yes,Yes,17,Yes,No,Fiber optic,No,No,No,No,Yes,No,Month-to-month,No,Electronic check,80.85,1400.85,Yes,0.7176,0,High,2026-05-01
3806-DXQOM,Female,No,No,No,4,No,No,DSL,Yes,Yes,No,No,No,No,Month-to-month,Yes,Electronic check,33.65,137.85,Yes,0.6889,0,High,2026-04-01
6784-XYJAE,Female,No,No,No,36,Yes,Yes,DSL,No,No,Yes,No,No,No,One year,No,Electronic check,55.8,1941.5,No,0.2528,0,Low,2025-12-01
3933-DQPWX,Female,No,No,No,50,No,No,DSL,No,Yes,Yes,Yes,No,No,Two year,No,Credit card (automatic),39.7,1932.75,No,0.0446,0,Low,2025-09-01
6661-EIPZC,Female,No,Yes,Yes,48,No,No,DSL,No,No,No,Yes,No,No,Month-to-month,Yes,Credit card (automatic),29.5,1423.05,No,0.2045,0,Low,2026-07-01
8957-THMOA,Female,No,No,Yes,50,Yes,No,No,No,No,No,No,No,No,Two year,No,Credit card (automatic),20.15,970.85,No,0.0149,0,Low,2025-12-01
2251-PYLPB,Male,No,Yes,No,72,Yes,Yes,DSL,Yes,Yes,Yes,Yes,No,Yes,Two year,No,Credit card (automatic),79.55,5810.9,No,0.0262,0,Low,2026-06-01
5555-RNPGT,Male,No,No,Yes,10,Yes,Yes,No,No,No,No,No,No,No,Month-to-month,No,Credit card (automatic),24.8,223.9,No,0.2938,0,Low,2025-11-01
1057-FOGLZ,Female,No,No,No,18,Yes,No,No,No,No,No,No,No,No,Month-to-month,No,Mailed check,19.65,391.7,No,0.2353,0,Low,2025-10-01
9300-RENDD,Male,No,No,No,1,Yes,No,Fiber optic,No,No,No,No,Yes,No,Month-to-month,Yes,Electronic check,79.95,79.95,Yes,0.8824,1,High,2026-06-01
0761-AETCS,Female,No,No,No,1,Yes,No,No,No,No,No,No,No,No,Month-to-month,No,Electronic check,19.3,19.3,Yes,0.4638,0,Medium,2026-08-01
8087-LGYHQ,Male,No,No,No,9,Yes,No,Fiber optic,No,No,Yes,No,Yes,Yes,Month-to-month,Yes,Electronic check,94.05,811.65,No,0.8833,1,High,2026-07-01
4137-BTIKL,Male,No,No,No,2,Yes,Yes,Fiber optic,Yes,No,No,No,No,Yes,Month-to-month,No,Mailed check,90.75,174.75,No,0.7628,0,High,2026-06-01
2190-BCXEC,Female,No,Yes,No,40,Yes,Yes,Fiber optic,No,No,No,Yes,No,No,Month-to-month,Yes,Credit card (automatic),78.85,3126.85,No,0.5374,0,Medium,2025-11-01
6227-FBDXH,Male,No,Yes,No,69,Yes,Yes,Fiber optic,No,No,Yes,No,Yes,Yes,One year,No,Bank transfer (automatic),99.5,6841.45,No,0.3298,0,Medium,2026-07-01
2153-MREFK,Female,No,Yes,No,37,Yes,Yes,Fiber optic,Yes,No,Yes,Yes,No,Yes,One year,Yes,Electronic check,99.2,3754.6,Yes,0.461,0,Medium,2026-05-01
2911-WDXMV,Male,No,No,Yes,18,Yes,Yes,Fiber optic,No,No,Yes,No,No,No,Month-to-month,Yes,Credit card (automatic),80.55,1406.65,No,0.7119,0,High,2025-11-01
7206-PQBBZ,Male,Yes,Yes,No,11,Yes,No,Fiber optic,No,No,No,No,No,No,Month-to-month,Yes,Electronic check,70.2,834.7,No,0.8477,1,High,2025-10-01
3106-ULWFW,Female,No,Yes,No,8,Yes,Yes,Fiber optic,No,No,No,No,No,Yes,Month-to-month,Yes,Credit card (automatic),85.2,627.4,Yes,0.849,1,High,2026-07-01
0925-VYDLG,Female,No,No,No,3,Yes,Yes,Fiber optic,No,No,No,No,No,No,Month-to-month,No,Electronic check,75.25,242.0,Yes,0.8326,1,High,2025-12-01
4547-FZJWE,Male,No,Yes,Yes,55,Yes,No,DSL,Yes,No,No,No,No,Yes,One year,No,Credit card (automatic),59.45,3157.0,No,0.0684,0,Low,2026-06-01
7422-WNBTY,Male,No,Yes,No,33,Yes,Yes,Fiber optic,No,Yes,Yes,No,No,Yes,Month-to-month,Yes,Electronic check,93.35,3092.0,No,0.7793,0,High,2025-10-01
0842-IWYCP,Female,No,No,No,46,Yes,No,DSL,No,No,No,No,No,No,Month-to-month,No,Bank transfer (automatic),44.95,2168.9,No,0.2115,0,Low,2025-12-01
3521-HTQTV,Male,No,No,No,34,Yes,Yes,No,No,No,No,No,No,No,Two year,No,Bank transfer (automatic),26.1,980.35,No,0.0479,0,Low,2025-12-01
3744-ZBHON,Female,No,No,No,3,Yes,No,No,No,No,No,No,No,No,Month-to-month,No,Electronic check,20.2,65.95,No,0.4405,0,Medium,2025-12-01
3373-DIUUN,Male,No,Yes,Yes,30,Yes,No,No,No,No,No,No,No,No,Two year,No,Mailed check,21.25,711.9,No,0.0369,0,Low,2026-05-01
8383-SGHJU,Female,No,No,No,33,Yes,Yes,DSL,Yes,No,No,Yes,No,No,One year,No,Electronic check,59.4,1952.8,No,0.1566,0,Low,2026-07-01
7607-QKKTJ,Male,No,Yes,Yes,45,Yes,Yes,Fiber optic,No,Yes,Yes,No,No,Yes,One year,Yes,Credit card (automatic),95.0,4368.85,No,0.4151,0,Medium,2026-07-01
7707-PYBBH,Male,No,No,No,40,Yes,No,DSL,Yes,Yes,No,Yes,No,No,Month-to-month,Yes,Mailed check,61.9,2647.1,No,0.1838,0,Low,2026-05-01
8984-HPEMB,Female,No,No,No,71,Yes,Yes,Fiber optic,Yes,Yes,Yes,Yes,Yes,Yes,Two year,Yes,Electronic check,118.65,8477.6,No,0.2021,0,Low,2025-11-01
4349-GFQHK,Male,No,No,No,1,Yes,Yes,DSL,No,No,Yes,No,No,No,Month-to-month,No,Electronic check,54.35,54.35,Yes,0.7104,0,High,2026-08-01
4139-DETXS,Female,No,Yes,Yes,72,No,No,DSL,Yes,Yes,Yes,Yes,Yes,Yes,Two year,No,Bank transfer (automatic),64.45,4528.0,No,0.0228,0,Low,2026-03-01
9779-DPNEJ,Female,No,Yes,Yes,22,Yes,No,Fiber optic,No,No,No,No,No,Yes,Month-to-month,Yes,Electronic check,80.15,1790.65,No,0.7749,0,High,2026-03-01
9805-FILKB,Male,No,Yes,Yes,46,Yes,No,No,No,No,No,No,No,No,One year,Yes,Bank transfer (automatic),20.2,845.6,No,0.046,0,Low,2026-05-01
5793-YOLJN,Female,No,Yes,Yes,55,Yes,No,No,No,No,No,No,No,No,Two year,No,Mailed check,21.0,1210.3,No,0.0128,0,Low,2026-06-01
0673-IGUQO,Male,No,No,No,1,Yes,No,No,No,No,No,No,No,No,Month-to-month,No,Mailed check,20.45,20.45,No,0.3894,0,Medium,2026-08-01
4123-FCVCB,Female,No,No,No,12,Yes,Yes,DSL,No,No,No,Yes,Yes,Yes,One year,Yes,Mailed check,75.85,854.45,No,0.4978,0,Medium,2026-03-01
8819-IMISP,Male,No,No,No,31,Yes,Yes,Fiber optic,No,Yes,No,No,No,No,Month-to-month,Yes,Electronic check,80.45,2429.1,No,0.7276,0,High,2026-04-01
7802-EFKNY,Male,No,Yes,No,5,No,No,DSL,No,No,No,No,No,No,Month-to-month,Yes,Electronic check,24.95,100.4,Yes,0.7948,0,High,2026-05-01
8311-UEUAB,Female,No,Yes,Yes,67,Yes,Yes,DSL,Yes,No,No,No,Yes,Yes,Two year,Yes,Electronic check,75.5,5229.45,No,0.0964,0,Low,2025-12-01
5858-EAFCZ,Male,No,No,No,1,Yes,No,DSL,No,No,No,No,No,No,Month-to-month,No,Mailed check,44.45,44.45,No,0.6025,0,High,2025-12-01
8035-BUYVG,Male,No,Yes,No,40,No,No,DSL,Yes,Yes,Yes,No,No,No,One year,Yes,Electronic check,42.35,1716.45,Yes,0.2048,0,Low,2026-04-01
1163-ONYEY,Male,No,Yes,Yes,41,Yes,Yes,DSL,Yes,Yes,Yes,No,Yes,No,Month-to-month,Yes,Credit card (automatic),74.55,3023.55,No,0.2705,0,Low,2025-09-01
9787-XVQIU,Male,No,No,No,1,Yes,Yes,Fiber optic,No,No,No,No,No,No,Month-to-month,Yes,Electronic check,75.3,75.3,Yes,0.8863,1,High,2025-12-01
8945-MUQUF,Male,No,No,No,51,Yes,Yes,Fiber optic,Yes,Yes,No,No,Yes,No,One year,Yes,Electronic check,94.8,4837.6,Yes,0.4038,0,Medium,2026-05-01
5656-MJEFC,Male,No,Yes,Yes,42,No,No,DSL,Yes,No,Yes,Yes,Yes,No,Two year,No,Credit card (automatic),48.15,2032.3,No,0.0501,0,Low,2026-08-01
6082-OQFBA,Male,No,Yes,Yes,23,Yes,No,No,No,No,No,No,No,No,One year,No,Mailed check,19.65,436.9,No,0.0875,0,Low,2026-03-01
8051-HJRLT,Female,Yes,No,No,1,Yes,No,Fiber optic,No,No,No,No,No,No,Month-to-month,Yes,Electronic check,70.55,70.55,Yes,0.8813,1,High,2026-01-01
8974-OVACP,Female,No,No,No,1,Yes,No,No,No,No,No,No,No,No,Month-to-month,No,Mailed check,20.15,20.15,No,0.3858,0,Medium,2026-02-01
4010-YLMVT,Female,No,No,No,56,Yes,Yes,Fiber optic,Yes,Yes,No,No,Yes,Yes,Month-to-month,Yes,Credit card (automatic),106.6,5893.95,No,0.5497,0,Medium,2026-05-01
1379-FRVEB,Male,No,No,Yes,15,Yes,Yes,Fiber optic,No,Yes,No,No,Yes,No,Month-to-month,Yes,Electronic check,91.0,1430.05,No,0.811,1,High,2026-03-01
8612-GXIDD,Male,No,Yes,Yes,12,Yes,Yes,No,No,No,No,No,No,No,Two year,Yes,Bank transfer (automatic),25.4,313.0,No,0.1237,0,Low,2025-09-01
6288-CHQJB,Female,No,Yes,Yes,54,Yes,No,DSL,Yes,No,Yes,Yes,No,Yes,Two year,No,Bank transfer (automatic),69.95,3871.85,No,0.0292,0,Low,2026-03-01
8160-HOWOX,Female,No,No,No,7,Yes,No,DSL,No,No,No,No,Yes,Yes,Month-to-month,Yes,Electronic check,66.85,458.1,No,0.7877,0,High,2026-01-01
3023-GFLBR,Female,No,Yes,Yes,33,Yes,Yes,Fiber optic,No,No,No,No,No,Yes,Month-to-month,No,Credit card (automatic),86.15,2745.7,Yes,0.6009,0,High,2026-05-01
6648-INWPS,Male,No,Yes,Yes,16,Yes,No,No,No,No,No,No,No,No,Month-to-month,No,Electronic check,20.15,341.35,No,0.2666,0,Low,2026-07-01
4223-BKEOR,Female,No,No,Yes,21,Yes,No,DSL,Yes,No,Yes,No,No,Yes,One year,No,Mailed check,64.85,1336.8,No,0.1924,0,Low,2026-08-01
4079-VTGLK,Male,Yes,Yes,No,30,Yes,Yes,DSL,No,No,Yes,No,Yes,Yes,Two year,No,Electronic check,74.85,2181.75,No,0.3277,0,Medium,2026-04-01
1763-WQFUK,Male,No,No,No,3,Yes,No,DSL,No,No,No,Yes,No,No,Month-to-month,Yes,Mailed check,50.5,147.75,No,0.5818,0,Medium,2026-01-01
1391-UBDAR,Male,No,No,No,11,Yes,No,Fiber optic,No,No,Yes,No,No,No,Month-to-month,No,Electronic check,72.9,818.45,No,0.7547,0,High,2026-02-01
8894-JVDCV,Female,No,No,No,62,Yes,Yes,Fiber optic,Yes,Yes,Yes,Yes,Yes,Yes,One year,Yes,Credit card (automatic),115.05,7133.45,No,0.2813,0,Low,2025-11-01
2023-VQFDL,Male,No,No,No,18,Yes,No,No,No,No,No,No,No,No,Month-to-month,No,Electronic check,19.0,348.8,No,0.299,0,Low,2026-08-01
1345-GKDZZ,Male,No,No,Yes,6,Yes,No,No,No,No,No,No,No,No,Month-to-month,No,Mailed check,19.55,128.6,No,0.2931,0,Low,2026-07-01
2014-MKGMH,Female,No,No,No,46,Yes,Yes,Fiber optic,No,No,Yes,No,Yes,Yes,One year,Yes,Electronic check,101.1,4674.4,No,0.6478,0,High,2026-07-01
5628-FCGYG,Male,No,No,No,21,Yes,Yes,Fiber optic,No,No,No,No,No,Yes,Month-to-month,Yes,Electronic check,84.1,1737.45,No,0.8537,1,High,2025-12-01
2560-WBWXF,Male,No,No,No,68,Yes,Yes,No,No,No,No,No,No,No,Two year,Yes,Bank transfer (automatic),24.15,1498.85,No,0.0166,0,Low,2025-12-01
0248-IPDFW,Female,No,No,No,1,Yes,Yes,DSL,No,No,No,No,No,No,Month-to-month,Yes,Electronic check,50.1,50.1,No,0.7857,0,High,2026-07-01
7978-DKUQH,Female,No,Yes,No,25,Yes,No,Fiber optic,No,No,Yes,No,No,No,Month-to-month,Yes,Electronic check,74.6,1797.75,No,0.7329,0,High,2026-03-01
4335-UPJSI,Female,No,No,Yes,24,Yes,No,No,No,No,No,No,No,No,Two year,No,Mailed check,19.75,498.1,No,0.0466,0,Low,2026-05-01
0524-IAVZO,Female,No,Yes,No,30,Yes,Yes,Fiber optic,No,No,No,No,No,Yes,Month-to-month,Yes,Electronic check,85.0,2624.25,Yes,0.8175,1,High,2026-02-01
2737-YNGYW,Female,No,No,No,2,Yes,No,Fiber optic,No,No,No,No,No,Yes,Month-to-month,No,Electronic check,80.55,184.1,Yes,0.8428,1,High,2026-02-01
1784-EZDKJ,Male,No,Yes,No,51,Yes,Yes,Fiber optic,No,Yes,Yes,No,Yes,Yes,One year,Yes,Bank transfer (automatic),106.8,5498.8,No,0.501,0,Medium,2026-04-01
9297-FVVDH,Female,No,Yes,Yes,57,Yes,Yes,DSL,Yes,No,Yes,Yes,Yes,Yes,Two year,Yes,Electronic check,84.5,4845.4,No,0.0933,0,Low,2026-06-01
8007-YYPWD,Female,No,No,No,15,Yes,Yes,No,No,No,No,No,No,No,Two year,No,Bank transfer (automatic),25.05,369.1,No,0.0966,0,Low,2026-01-01
7101-HRBLJ,Female,No,Yes,Yes,72,Yes,No,DSL,Yes,Yes,Yes,Yes,Yes,Yes,Two year,Yes,Bank transfer (automatic),83.7,6096.9,No,0.0302,0,Low,2026-06-01
5159-YFPKQ,Female,No,No,No,2,Yes,No,Fiber optic,No,No,Yes,No,No,No,Month-to-month,Yes,Electronic check,75.8,160.75,Yes,0.8487,1,High,2025-11-01
6635-CPNUN,Male,No,Yes,No,28,Yes,Yes,Fiber optic,No,Yes,Yes,No,Yes,No,Month-to-month,No,Credit card (automatic),96.6,2684.35,No,0.6336,0,High,2026-01-01
4021-RQSNY,Male,Yes,Yes,No,29,Yes,Yes,Fiber optic,No,No,Yes,No,Yes,Yes,Month-to-month,Yes,Electronic check,98.5,3004.15,Yes,0.8795,1,High,2026-07-01
5453-YBTWV,Male,No,Yes,Yes,70,Yes,No,Fiber optic,Yes,Yes,Yes,Yes,Yes,No,Two year,Yes,Credit card (automatic),101.1,6994.8,No,0.0629,0,Low,2026-08-01
5039-LZRQT,Female,No,No,No,13,Yes,No,No,No,No,No,No,No,No,One year,No,Mailed check,20.2,273.25,No,0.1552,0,Low,2026-08-01
2931-VUVJN,Female,Yes,Yes,No,59,Yes,Yes,Fiber optic,Yes,Yes,Yes,Yes,No,No,One year,Yes,Electronic check,94.05,5483.9,No,0.2577,0,Low,2025-12-01
9061-TIHDA,Male,Yes,Yes,No,13,Yes,Yes,Fiber optic,No,No,No,No,Yes,Yes,Month-to-month,Yes,Electronic check,95.25,1233.65,Yes,0.9152,1,High,2026-07-01
8699-ASUFO,Male,Yes,Yes,No,7,Yes,Yes,Fiber optic,No,No,No,No,No,No,Month-to-month,Yes,Mailed check,74.4,527.9,Yes,0.8529,1,High,2026-08-01
6418-PIQSP,Female,No,Yes,No,62,Yes,No,DSL,Yes,No,Yes,Yes,Yes,Yes,Two year,No,Mailed check,81.0,4985.9,No,0.0402,0,Low,2026-08-01
8220-OCUFY,Female,No,No,No,21,Yes,No,DSL,Yes,No,Yes,Yes,No,No,One year,Yes,Electronic check,60.25,1258.35,No,0.2339,0,Low,2025-09-01
3995-WFCSM,Female,No,No,No,2,Yes,No,DSL,No,No,Yes,No,No,Yes,Month-to-month,No,Electronic check,60.85,111.4,No,0.7051,0,High,2026-05-01
1895-QTKDO,Female,No,No,No,1,Yes,No,DSL,No,No,No,No,No,No,Month-to-month,No,Credit card (automatic),43.95,43.95,No,0.5875,0,Medium,2026-08-01
2038-OEQZH,Male,No,No,No,4,Yes,No,Fiber optic,No,No,Yes,No,No,Yes,Month-to-month,No,Electronic check,86.05,308.1,No,0.8279,1,High,2026-06-01
1178-PZGAB,Female,No,No,No,19,Yes,No,No,No,No,No,No,No,No,One year,No,Credit card (automatic),20.25,383.65,No,0.119,0,Low,2025-11-01
7927-AUXBZ,Female,No,No,No,30,Yes,No,Fiber optic,No,No,No,Yes,Yes,No,Month-to-month,No,Electronic check,85.15,2555.9,Yes,0.6061,0,High,2026-06-01
2626-VEEWG,Male,No,Yes,Yes,67,Yes,No,No,No,No,No,No,No,No,Two year,Yes,Credit card (automatic),19.4,1284.2,No,0.0106,0,Low,2025-10-01
2878-RMWXY,Male,Yes,Yes,No,72,Yes,Yes,Fiber optic,Yes,Yes,Yes,No,No,Yes,Two year,Yes,Credit card (automatic),102.65,7550.3,No,0.1715,0,Low,2026-02-01
1657-DYMBM,Male,No,Yes,No,53,Yes,No,No,No,No,No,No,No,No,Two year,No,Credit card (automatic),19.9,1110.05,No,0.0169,0,Low,2026-04-01
7311-MQJCH,Female,No,No,No,5,Yes,No,No,No,No,No,No,No,No,One year,No,Electronic check,19.55,99.6,No,0.2616,0,Low,2026-02-01
7375-WMVMT,Male,Yes,Yes,No,71,Yes,No,Fiber optic,No,Yes,Yes,Yes,No,Yes,Two year,Yes,Credit card (automatic),95.5,6707.15,No,0.1352,0,Low,2026-05-01
1136-XGEQU,Female,No,Yes,Yes,50,Yes,Yes,DSL,No,Yes,Yes,Yes,Yes,Yes,One year,Yes,Credit card (automatic),84.15,4164.4,No,0.1728,0,Low,2025-11-01
2530-FMFXO,Male,No,Yes,Yes,56,Yes,Yes,Fiber optic,No,No,Yes,Yes,Yes,Yes,Two year,Yes,Electronic check,103.2,5873.75,No,0.312,0,Medium,2026-04-01
6844-DZKRF,Male,No,No,No,2,Yes,No,DSL,No,No,No,Yes,No,No,Month-to-month,Yes,Credit card (automatic),50.2,109.25,No,0.5801,0,Medium,2026-04-01
4695-WJZUE,Female,Yes,No,No,2,Yes,Yes,Fiber optic,No,No,Yes,No,No,Yes,Month-to-month,Yes,Electronic check,88.55,179.25,Yes,0.9197,1,High,2026-04-01
7619-ODSGN,Male,No,Yes,Yes,24,Yes,Yes,DSL,Yes,No,No,No,No,No,Month-to-month,No,Electronic check,54.75,1338.15,Yes,0.3713,0,Medium,2025-12-01
5970-GHJAW,Male,No,Yes,Yes,46,Yes,No,No,No,No,No,No,No,No,Two year,No,Credit card (automatic),19.95,862.4,No,0.0176,0,Low,2025-12-01
8879-XUAHX,Male,No,Yes,No,71,Yes,Yes,Fiber optic,Yes,Yes,Yes,Yes,Yes,Yes,Two year,Yes,Electronic check,116.25,8564.75,No,0.211,0,Low,2025-12-01
3689-MOZGR,Female,No,No,No,29,No,No,DSL,No,No,No,Yes,No,No,Month-to-month,Yes,Electronic check,31.2,926.2,No,0.5019,0,Medium,2026-02-01
4195-PNGZS,Male,No,Yes,Yes,69,Yes,Yes,No,No,No,No,No,No,No,Two year,No,Bank transfer (automatic),24.45,1718.2,No,0.009,0,Low,2026-04-01
5003-XZWWO,Male,No,Yes,No,71,Yes,Yes,DSL,No,Yes,Yes,Yes,Yes,Yes,Two year,No,Credit card (automatic),84.2,5956.85,No,0.0515,0,Low,2026-01-01
3988-RQIXO,Female,Yes,No,No,1,Yes,No,Fiber optic,No,No,No,No,Yes,Yes,Month-to-month,Yes,Electronic check,91.3,91.3,Yes,0.9203,1,High,2026-01-01
7622-FWGEW,Male,Yes,Yes,No,56,Yes,No,DSL,Yes,Yes,Yes,Yes,Yes,Yes,Two year,Yes,Bank transfer (automatic),85.65,4824.45,No,0.0706,0,Low,2025-12-01
6922-NCEDI,Male,No,No,Yes,56,Yes,No,No,No,No,No,No,No,No,One year,Yes,Mailed check,21.2,1238.65,No,0.0337,0,Low,2025-11-01
2514-GINMM,Male,No,No,No,1,Yes,No,Fiber optic,No,No,No,No,Yes,No,Month-to-month,Yes,Electronic check,79.5,79.5,Yes,0.8829,1,High,2026-04-01
9891-NQDBD,Female,No,Yes,No,28,Yes,Yes,No,No,No,No,No,No,No,One year,No,Mailed check,25.55,672.2,No,0.1086,0,Low,2026-06-01
6131-IUNXN,Female,No,Yes,Yes,19,Yes,No,No,No,No,No,No,No,No,Month-to-month,No,Mailed check,20.2,382.2,No,0.1863,0,Low,2025-12-01
8548-AWOFC,Male,No,Yes,No,66,Yes,Yes,DSL,No,No,No,Yes,No,Yes,Month-to-month,No,Electronic check,63.85,4264.6,No,0.2168,0,Low,2026-07-01
9798-DRYDS,Female,No,Yes,Yes,17,Yes,Yes,DSL,No,No,Yes,Yes,No,No,One year,Yes,Mailed check,61.95,1070.7,No,0.2791,0,Low,2026-03-01
8532-UEFWH,Male,No,Yes,Yes,52,Yes,Yes,No,No,No,No,No,No,No,Two year,No,Mailed check,25.75,1345.85,No,0.0192,0,Low,2025-11-01
6296-DDOOR,Female,No,No,No,19,Yes,No,DSL,No,Yes,No,No,Yes,No,One year,No,Electronic check,58.2,1045.25,No,0.3483,0,Medium,2026-01-01
7951-VRDVK,Female,No,No,No,36,Yes,No,DSL,Yes,Yes,Yes,Yes,Yes,Yes,One year,No,Bank transfer (automatic),85.85,3003.55,No,0.12,0,Low,2025-09-01
5931-FLJJF,Male,Yes,Yes,No,7,Yes,No,Fiber optic,No,No,No,No,No,No,Month-to-month,Yes,Mailed check,70.1,467.55,Yes,0.8195,1,High,2025-09-01
4815-YOSUK,Male,No,Yes,Yes,72,Yes,Yes,Fiber optic,Yes,Yes,Yes,Yes,No,Yes,One year,Yes,Credit card (automatic),104.9,7537.5,No,0.1522,0,Low,2026-01-01
2659-VXMWZ,Male,No,Yes,Yes,67,Yes,Yes,Fiber optic,Yes,Yes,Yes,No,Yes,Yes,One year,Yes,Electronic check,111.3,7482.1,Yes,0.3557,0,Medium,2026-02-01
0380-NEAVX,Male,Yes,No,No,34,Yes,No,Fiber optic,No,Yes,Yes,No,Yes,Yes,One year,Yes,Electronic check,99.85,3343.15,No,0.6679,0,High,2026-06-01
3207-OYBWH,Male,Yes,Yes,No,57,Yes,Yes,Fiber optic,No,Yes,Yes,No,No,Yes,Month-to-month,Yes,Bank transfer (automatic),95.25,5427.05,Yes,0.6125,0,High,2025-10-01
4285-GYRQC,Female,No,Yes,No,7,Yes,No,Fiber optic,No,No,Yes,No,Yes,No,Month-to-month,Yes,Electronic check,86.25,587.1,Yes,0.8516,1,High,2026-07-01
7216-EWTRS,Female,Yes,Yes,No,1,Yes,Yes,Fiber optic,No,No,Yes,No,Yes,Yes,Month-to-month,Yes,Electronic check,100.8,100.8,Yes,0.9316,1,High,2025-11-01
4365-MSDYN,Male,No,Yes,No,8,Yes,No,No,No,No,No,No,No,No,Month-to-month,Yes,Bank transfer (automatic),19.55,161.15,No,0.3927,0,Medium,2025-10-01
7036-TYDEC,Female,No,No,No,69,Yes,Yes,Fiber optic,No,No,Yes,Yes,Yes,Yes,Two year,No,Electronic check,104.0,7028.5,No,0.213,0,Low,2026-05-01
5802-ADBRC,Female,No,Yes,No,50,Yes,Yes,Fiber optic,Yes,No,Yes,No,Yes,Yes,One year,Yes,Mailed check,104.4,5232.9,No,0.4517,0,Medium,2026-06-01
8076-FEZKJ,Male,No,No,No,10,Yes,No,No,No,No,No,No,No,No,One year,No,Mailed check,19.5,225.85,No,0.177,0,Low,2026-04-01
5197-YPYBZ,Female,No,Yes,Yes,12,Yes,Yes,No,No,No,No,No,No,No,Two year,No,Credit card (automatic),25.25,274.7,No,0.0874,0,Low,2025-10-01
8337-MSSXB,Female,No,No,No,14,Yes,No,Fiber optic,No,Yes,No,No,No,Yes,Month-to-month,Yes,Electronic check,86.3,1180.95,Yes,0.8205,1,High,2025-10-01
4312-GVYNH,Female,No,Yes,No,70,No,No,DSL,Yes,No,Yes,Yes,No,Yes,Two year,Yes,Bank transfer (automatic),49.85,3370.2,No,0.0348,0,Low,2026-01-01
8495-LJDFO,Female,Yes,No,No,64,Yes,Yes,Fiber optic,Yes,No,Yes,Yes,Yes,Yes,Month-to-month,Yes,Bank transfer (automatic),108.95,7111.3,No,0.5152,0,Medium,2026-02-01
0839-JTCUD,Female,No,Yes,Yes,66,Yes,Yes,DSL,Yes,Yes,Yes,Yes,Yes,Yes,Two year,No,Credit card (automatic),89.9,5958.85,No,0.0333,0,Low,2026-08-01
5494-WOZRZ,Female,No,Yes,Yes,71,Yes,No,DSL,Yes,No,Yes,Yes,Yes,Yes,Two year,Yes,Credit card (automatic),82.0,5999.85,No,0.0361,0,Low,2025-12-01
1302-UHBDD,Male,Yes,No,No,20,Yes,No,Fiber optic,No,No,No,No,Yes,Yes,Month-to-month,No,Electronic check,89.95,1648.45,No,0.8263,1,High,2025-11-01
2234-EOFPT,Male,No,Yes,No,72,Yes,No,DSL,Yes,Yes,No,Yes,Yes,Yes,Two year,Yes,Bank transfer (automatic),79.35,5753.25,No,0.0373,0,Low,2026-08-01
8619-IJNDK,Female,No,Yes,Yes,71,Yes,No,DSL,Yes,Yes,Yes,Yes,No,No,Two year,No,Credit card (automatic),64.05,4492.9,No,0.01,0,Low,2025-10-01
8378-LKJAF,Male,No,Yes,Yes,38,Yes,Yes,Fiber optic,No,No,Yes,No,Yes,Yes,Month-to-month,Yes,Credit card (automatic),101.15,3956.7,No,0.7237,0,High,2025-09-01
8182-BJDSI,Female,No,No,No,28,Yes,Yes,Fiber optic,No,Yes,No,No,No,Yes,Month-to-month,Yes,Electronic check,89.95,2625.55,Yes,0.8057,1,High,2026-02-01
2528-HFYZX,Male,Yes,Yes,No,17,Yes,No,Fiber optic,No,Yes,No,No,No,No,Month-to-month,Yes,Electronic check,76.45,1233.4,Yes,0.7901,0,High,2026-01-01
1153-GNOLC,Male,No,No,No,33,No,No,DSL,No,Yes,No,No,Yes,No,One year,Yes,Electronic check,39.1,1309.0,No,0.4015,0,Medium,2026-04-01
3298-QEICA,Female,No,Yes,Yes,23,No,No,DSL,Yes,No,No,Yes,No,No,Two year,No,Mailed check,34.6,813.45,No,0.0809,0,Low,2026-07-01
0788-DXBFY,Male,No,Yes,Yes,58,Yes,No,No,No,No,No,No,No,No,One year,Yes,Electronic check,19.55,1108.8,No,0.0407,0,Low,2026-08-01
3597-YASZG,Female,Yes,Yes,No,70,Yes,Yes,Fiber optic,No,Yes,No,Yes,Yes,Yes,Two year,Yes,Bank transfer (automatic),104.45,7349.35,No,0.2267,0,Low,2025-12-01
3496-LFSZU,Male,No,Yes,No,4,Yes,No,Fiber optic,No,No,No,No,No,No,Month-to-month,No,Electronic check,70.5,294.2,No,0.7944,0,High,2026-08-01
5242-UOWHD,Male,No,Yes,Yes,45,Yes,No,No,No,No,No,No,No,No,Two year,No,Mailed check,20.35,929.2,No,0.0196,0,Low,2026-04-01
2482-CZGBB,Male,No,No,No,10,Yes,No,Fiber optic,No,No,No,No,No,No,Month-to-month,Yes,Electronic check,70.0,740.0,Yes,0.8263,1,High,2025-09-01
6479-SZPLM,Male,No,Yes,Yes,36,Yes,No,No,No,No,No,No,No,No,Two year,No,Credit card (automatic),19.45,754.5,No,0.0275,0,Low,2026-08-01
8097-VBQTZ,Male,No,No,No,54,Yes,No,DSL,Yes,Yes,No,Yes,Yes,No,Month-to-month,Yes,Mailed check,69.9,3883.3,No,0.1581,0,Low,2025-10-01
4500-HKANN,Male,No,Yes,Yes,23,Yes,Yes,DSL,No,Yes,No,Yes,No,No,Two year,No,Mailed check,59.7,1414.2,No,0.0957,0,Low,2026-04-01
9917-KWRBE,Female,No,Yes,Yes,41,Yes,Yes,DSL,Yes,Yes,Yes,No,Yes,No,One year,Yes,Credit card (automatic),78.35,3211.2,No,0.1506,0,Low,2026-06-01
3420-ZDBMA,Male,Yes,No,No,5,Yes,No,Fiber optic,No,No,No,No,No,No,Month-to-month,Yes,Mailed check,71.45,371.6,No,0.8295,1,High,2025-11-01
2212-LYASK,Male,No,Yes,Yes,27,No,No,DSL,No,Yes,Yes,No,No,Yes,One year,Yes,Credit card (automatic),45.85,1246.4,No,0.3283,0,Medium,2025-12-01
1393-IMKZG,Female,No,No,No,1,Yes,No,Fiber optic,No,No,No,Yes,Yes,Yes,Month-to-month,Yes,Electronic check,95.85,95.85,No,0.8675,1,High,2026-02-01
8069-RHUXK,Female,No,Yes,Yes,67,No,No,DSL,Yes,No,No,Yes,No,No,Two year,No,Credit card (automatic),35.7,2545.7,No,0.0151,0,Low,2026-07-01
3398-GCPMU,Female,Yes,Yes,Yes,72,Yes,Yes,DSL,Yes,Yes,Yes,Yes,Yes,Yes,Two year,Yes,Credit card (automatic),89.55,6448.85,No,0.0489,0,Low,2025-11-01
2908-WGAXL,Female,No,Yes,Yes,56,Yes,Yes,No,No,No,No,No,No,No,Two year,Yes,Credit card (automatic),24.95,1468.9,No,0.0224,0,Low,2026-04-01
3378-AJRAO,Male,No,Yes,Yes,44,Yes,Yes,No,No,No,No,No,No,No,One year,No,Electronic check,24.85,1013.6,No,0.0644,0,Low,2026-02-01
1013-QCWAM,Female,Yes,Yes,No,66,Yes,Yes,Fiber optic,No,Yes,No,No,Yes,Yes,Month-to-month,Yes,Electronic check,100.8,6690.75,No,0.7106,0,High,2025-10-01
0866-QLSIR,Female,No,No,No,34,Yes,Yes,DSL,Yes,Yes,No,Yes,No,No,One year,Yes,Mailed check,64.4,2088.75,Yes,0.1394,0,Low,2026-05-01
6050-FFXES,Female,No,Yes,No,69,Yes,Yes,Fiber optic,No,No,Yes,Yes,Yes,Yes,Two year,No,Bank transfer (automatic),105.35,7240.65,No,0.1602,0,Low,2026-06-01
7181-BQYBV,Female,No,Yes,Yes,1,Yes,Yes,Fiber optic,Yes,No,Yes,No,Yes,Yes,Month-to-month,Yes,Electronic check,102.45,102.45,Yes,0.8564,1,High,2026-03-01
0362-RAOQO,Female,No,No,No,40,Yes,No,No,No,No,No,No,No,No,Two year,No,Credit card (automatic),19.65,830.25,No,0.0288,0,Low,2025-11-01
9554-DFKIC,Male,No,Yes,Yes,30,Yes,Yes,DSL,Yes,No,No,No,No,No,Month-to-month,Yes,Bank transfer (automatic),54.45,1588.7,No,0.3214,0,Medium,2025-10-01
5527-ACHSO,Female,No,No,No,11,Yes,No,DSL,No,No,No,Yes,Yes,Yes,Month-to-month,No,Mailed check,70.5,829.3,No,0.5395,0,Medium,2026-02-01
0829-DDVLK,Female,No,No,No,15,Yes,No,No,No,No,No,No,No,No,One year,No,Credit card (automatic),20.1,302.45,No,0.1383,0,Low,2026-03-01
1399-UBQIU,Male,No,No,No,11,Yes,No,DSL,No,No,Yes,No,Yes,Yes,Month-to-month,Yes,Electronic check,69.35,712.25,No,0.7633,0,High,2026-03-01
1813-JLKWR,Female,No,Yes,Yes,64,Yes,No,No,No,No,No,No,No,No,One year,No,Bank transfer (automatic),19.8,1336.65,No,0.0154,0,Low,2025-11-01
0336-PIKEI,Male,Yes,Yes,No,72,Yes,No,DSL,Yes,Yes,Yes,Yes,Yes,No,Two year,No,Bank transfer (automatic),74.4,5360.75,No,0.021,0,Low,2026-03-01
7322-OCWHC,Male,Yes,Yes,No,72,Yes,Yes,Fiber optic,Yes,Yes,Yes,Yes,No,No,Two year,Yes,Bank transfer (automatic),93.05,6735.05,No,0.086,0,Low,2025-12-01
9537-VHDTA,Female,No,No,Yes,1,Yes,No,DSL,Yes,No,No,No,No,No,Month-to-month,No,Mailed check,51.2,51.2,No,0.4286,0,Medium,2026-05-01
4957-TIALW,Female,No,No,Yes,15,Yes,No,DSL,Yes,Yes,Yes,Yes,No,No,One year,No,Credit card (automatic),65.6,1010.0,No,0.1082,0,Low,2026-06-01
2054-PJOCK,Female,No,No,No,60,Yes,Yes,DSL,No,No,Yes,Yes,Yes,Yes,One year,No,Credit card (automatic),80.55,4847.05,No,0.1357,0,Low,2026-04-01
9150-HEPMB,Male,No,No,No,56,Yes,No,DSL,Yes,No,Yes,No,No,No,One year,No,Mailed check,52.7,3019.7,No,0.0628,0,Low,2025-09-01
9030-QGZNL,Female,No,No,No,8,Yes,No,No,No,No,No,No,No,No,Two year,No,Mailed check,20.85,161.65,No,0.1069,0,Low,2026-08-01
6204-IEUXJ,Female,No,No,No,3,Yes,No,Fiber optic,No,No,Yes,Yes,No,No,Month-to-month,No,Credit card (automatic),80.1,217.55,Yes,0.6425,0,High,2025-09-01
3126-WQMGH,Female,No,Yes,No,49,Yes,Yes,DSL,No,No,No,No,No,No,Month-to-month,Yes,Credit card (automatic),52.15,2583.75,No,0.3121,0,Medium,2026-08-01
4529-CKBCL,Female,No,No,No,2,Yes,No,Fiber optic,No,No,No,No,Yes,No,Month-to-month,Yes,Electronic check,80.2,146.05,Yes,0.8767,1,High,2025-09-01
2506-CLAKW,Female,No,No,No,6,Yes,No,Fiber optic,Yes,Yes,Yes,Yes,No,Yes,Month-to-month,Yes,Bank transfer (automatic),98.15,567.45,Yes,0.6349,0,High,2026-03-01
7176-WRTNX,Male,No,No,No,70,Yes,Yes,Fiber optic,Yes,Yes,Yes,Yes,Yes,Yes,Two year,Yes,Bank transfer (automatic),114.95,7711.25,No,0.1406,0,Low,2025-10-01
1583-IHQZE,Male,No,No,No,12,Yes,Yes,Fiber optic,No,Yes,Yes,Yes,Yes,Yes,Month-to-month,Yes,Mailed check,112.95,1384.75,Yes,0.789,0,High,2025-10-01
5732-IKGQH,Male,Yes,Yes,No,52,Yes,No,Fiber optic,Yes,No,Yes,Yes,Yes,Yes,One year,Yes,Bank transfer (automatic),104.45,5481.25,No,0.3365,0,Medium,2026-05-01
9239-GZHZE,Female,No,Yes,No,72,Yes,Yes,Fiber optic,Yes,Yes,Yes,Yes,Yes,Yes,Two year,Yes,Credit card (automatic),113.65,8124.2,No,0.1401,0,Low,2026-05-01
7205-BAIAD,Female,No,No,No,40,Yes,No,No,No,No,No,No,No,No,Two year,Yes,Bank transfer (automatic),20.6,827.3,No,0.0404,0,Low,2025-10-01
0151-ONTOV,Female,No,No,No,1,Yes,No,Fiber optic,No,No,No,No,No,No,Month-to-month,No,Mailed check,70.9,70.9,Yes,0.754,0,High,2026-08-01
4140-MUHUG,Female,Yes,No,No,3,Yes,No,Fiber optic,No,No,Yes,No,Yes,No,Month-to-month,Yes,Electronic check,86.85,220.95,Yes,0.8863,1,High,2025-12-01
0093-EXYQL,Female,Yes,No,No,40,Yes,No,Fiber optic,No,No,No,No,Yes,Yes,Month-to-month,Yes,Electronic check,91.55,3673.6,No,0.8037,1,High,2025-12-01
8064-RAVOH,Male,No,No,Yes,1,Yes,No,DSL,No,No,Yes,No,No,No,Month-to-month,Yes,Electronic check,49.85,49.85,No,0.6929,0,High,2025-12-01
0219-QAERP,Male,No,Yes,No,30,Yes,No,No,No,No,No,No,No,No,One year,No,Credit card (automatic),19.8,576.65,No,0.0783,0,Low,2026-02-01
0320-JDNQG,Male,No,Yes,Yes,23,Yes,No,Fiber optic,Yes,No,No,Yes,Yes,Yes,Month-to-month,Yes,Electronic check,99.85,2331.3,Yes,0.6674,0,High,2025-11-01
7180-PISOG,Male,No,Yes,Yes,1,Yes,Yes,Fiber optic,No,No,No,No,No,No,Month-to-month,Yes,Electronic check,74.5,74.5,Yes,0.8609,1,High,2026-02-01
9168-INPSZ,Female,Yes,Yes,No,44,Yes,Yes,Fiber optic,No,No,Yes,Yes,Yes,Yes,Month-to-month,No,Electronic check,104.15,4495.65,No,0.6979,0,High,2025-11-01
3571-RFHAR,Male,No,No,No,65,Yes,Yes,Fiber optic,No,Yes,Yes,Yes,Yes,Yes,Month-to-month,Yes,Electronic check,109.15,6941.2,Yes,0.6038,0,High,2025-09-01
0015-UOCOJ,Female,Yes,No,No,7,Yes,No,DSL,Yes,No,No,No,No,No,Month-to-month,Yes,Electronic check,48.2,340.35,No,0.6543,0,High,2026-01-01
5334-AFQJB,Male,Yes,No,No,72,Yes,Yes,No,No,No,No,No,No,No,Two year,Yes,Credit card (automatic),25.1,1789.9,No,0.0179,0,Low,2026-05-01
2754-SDJRD,Female,Yes,No,No,8,Yes,Yes,Fiber optic,No,No,No,Yes,Yes,Yes,Month-to-month,Yes,Credit card (automatic),100.15,908.55,No,0.858,1,High,2026-06-01
9578-VRMNM,Female,No,No,No,16,Yes,Yes,DSL,No,No,Yes,No,No,Yes,Month-to-month,Yes,Credit card (automatic),65.2,1043.35,Yes,0.6605,0,High,2026-01-01
1587-FKLZB,Male,Yes,Yes,Yes,66,Yes,Yes,Fiber optic,No,No,Yes,No,Yes,Yes,Month-to-month,Yes,Credit card (automatic),99.5,6822.15,Yes,0.6227,0,High,2025-12-01
6140-QNRQQ,Male,No,No,No,1,Yes,No,Fiber optic,No,No,No,No,No,No,Month-to-month,Yes,Mailed check,71.55,71.55,Yes,0.8185,1,High,2026-06-01
8963-JLGJT,Male,No,No,Yes,3,Yes,No,DSL,Yes,No,Yes,No,No,No,Month-to-month,No,Mailed check,55.9,157.55,No,0.4035,0,Medium,2026-05-01
4307-KTUMW,Male,No,Yes,No,53,Yes,Yes,Fiber optic,Yes,No,Yes,No,No,Yes,Month-to-month,No,Electronic check,93.9,5029.2,Yes,0.5297,0,Medium,2026-06-01
1465-LNTLJ,Male,Yes,Yes,No,8,Yes,No,DSL,No,No,Yes,Yes,No,Yes,Month-to-month,Yes,Credit card (automatic),64.4,581.7,No,0.6346,0,High,2026-07-01
5440-FLBQG,Male,Yes,Yes,No,69,Yes,Yes,Fiber optic,No,Yes,Yes,Yes,Yes,Yes,Two year,Yes,Bank transfer (automatic),108.4,7318.2,Yes,0.2294,0,Low,2026-06-01
2135-DQWAQ,Female,No,No,No,5,Yes,No,Fiber optic,No,Yes,No,No,Yes,No,Month-to-month,Yes,Mailed check,85.3,420.45,No,0.8,1,High,2026-08-01
4056-QHXHZ,Female,No,Yes,Yes,72,Yes,Yes,Fiber optic,Yes,No,Yes,Yes,Yes,Yes,Two year,No,Mailed check,107.45,7576.7,No,0.0915,0,Low,2026-01-01
7470-MCQTK,Female,No,Yes,No,13,No,No,DSL,No,No,Yes,No,Yes,Yes,Month-to-month,Yes,Bank transfer (automatic),48.75,633.4,Yes,0.7521,0,High,2026-01-01
7488-MXJIV,Female,No,No,No,4,Yes,Yes,Fiber optic,No,No,No,No,Yes,No,Month-to-month,Yes,Electronic check,85.65,321.65,Yes,0.8932,1,High,2025-12-01
7401-JIXNM,Female,No,Yes,Yes,54,Yes,Yes,DSL,Yes,Yes,Yes,Yes,Yes,Yes,Two year,No,Credit card (automatic),91.3,4965.0,No,0.0455,0,Low,2025-11-01
9339-FIIJL,Male,No,Yes,No,72,Yes,Yes,DSL,No,Yes,Yes,Yes,Yes,Yes,Two year,No,Bank transfer (automatic),85.95,6151.9,No,0.0498,0,Low,2026-05-01
2027-FECZV,Male,No,No,No,12,Yes,Yes,Fiber optic,No,Yes,Yes,No,Yes,Yes,Month-to-month,Yes,Electronic check,106.7,1253.9,Yes,0.8799,1,High,2026-05-01
2672-DZUOY,Male,No,No,No,1,No,No,DSL,No,No,No,No,No,No,Month-to-month,Yes,Electronic check,25.15,25.15,Yes,0.8227,1,High,2026-06-01
4706-DGAHW,Male,Yes,No,No,1,Yes,No,DSL,No,No,No,No,No,No,Month-to-month,No,Electronic check,45.2,45.2,No,0.7139,0,High,2025-11-01
3870-MQAMG,Female,No,Yes,No,54,Yes,Yes,Fiber optic,No,Yes,Yes,Yes,Yes,Yes,One year,No,Electronic check,110.35,5893.15,Yes,0.3937,0,Medium,2026-02-01
6670-MFRPK,Male,No,Yes,Yes,69,Yes,Yes,Fiber optic,No,No,Yes,No,No,No,Two year,Yes,Credit card (automatic),79.2,5420.65,No,0.125,0,Low,2025-11-01
6177-PEVRA,Female,No,No,No,48,Yes,No,DSL,Yes,Yes,No,No,No,No,Two year,No,Credit card (automatic),55.5,2627.35,No,0.0365,0,Low,2026-07-01
4800-CZMPC,Female,No,Yes,Yes,48,Yes,Yes,Fiber optic,Yes,Yes,No,No,Yes,Yes,One year,Yes,Credit card (automatic),103.25,5037.55,Yes,0.3689,0,Medium,2025-12-01
4813-HQMGZ,Female,No,Yes,No,8,Yes,Yes,Fiber optic,No,No,No,Yes,No,Yes,Month-to-month,Yes,Electronic check,90.25,743.75,No,0.85,1,High,2025-10-01
7579-KKLOE,Male,No,Yes,Yes,71,Yes,Yes,DSL,Yes,Yes,Yes,Yes,Yes,Yes,Two year,Yes,Mailed check,91.25,6589.6,No,0.0458,0,Low,2026-03-01
7377-DMMRI,Male,No,No,No,2,Yes,No,DSL,Yes,No,No,No,No,No,Month-to-month,Yes,Electronic check,47.8,92.45,Yes,0.656,0,High,2026-07-01
8402-EIVQS,Male,No,Yes,No,67,Yes,No,Fiber optic,Yes,Yes,No,No,Yes,Yes,One year,Yes,Credit card (automatic),100.9,6733.15,No,0.258,0,Low,2026-07-01
4947-DSMXK,Male,No,Yes,Yes,34,Yes,Yes,Fiber optic,No,Yes,No,No,Yes,Yes,Month-to-month,Yes,Bank transfer (automatic),97.7,3410.0,No,0.7163,0,High,2025-10-01
7245-NIIWQ,Female,No,No,No,3,Yes,No,Fiber optic,No,No,No,No,No,No,Month-to-month,Yes,Electronic check,69.85,199.85,No,0.8521,1,High,2025-12-01
0002-ORFBO,Female,No,Yes,Yes,9,Yes,No,DSL,No,Yes,No,Yes,Yes,No,One year,Yes,Mailed check,65.6,593.3,No,0.3024,0,Medium,2025-10-01
3324-OIRTO,Male,No,Yes,Yes,71,Yes,No,Fiber optic,Yes,Yes,Yes,No,Yes,Yes,One year,Yes,Bank transfer (automatic),104.65,7288.4,No,0.1974,0,Low,2025-12-01
5414-OFQCB,Male,No,No,No,57,Yes,Yes,Fiber optic,No,No,No,Yes,Yes,No,Two year,Yes,Credit card (automatic),90.45,5229.8,No,0.2076,0,Low,2026-03-01
4967-WPNCF,Male,No,No,No,72,No,No,DSL,Yes,Yes,Yes,Yes,Yes,Yes,Two year,Yes,Bank transfer (automatic),63.7,4464.8,No,0.0418,0,Low,2025-12-01
8552-OBVRU,Female,Yes,Yes,Yes,48,Yes,No,Fiber optic,Yes,No,Yes,Yes,Yes,Yes,Month-to-month,Yes,Electronic check,104.5,5068.05,No,0.5644,0,Medium,2025-09-01
8499-BRXTD,Male,No,No,No,18,Yes,No,No,No,No,No,No,No,No,One year,No,Mailed check,20.1,401.85,No,0.1322,0,Low,2026-03-01
9154-QDGTH,Male,No,Yes,Yes,43,Yes,Yes,Fiber optic,No,No,Yes,Yes,Yes,Yes,One year,Yes,Credit card (automatic),104.3,4451.85,No,0.441,0,Medium,2025-09-01
8197-BFWVU,Female,No,Yes,Yes,72,Yes,Yes,DSL,Yes,Yes,Yes,Yes,Yes,Yes,Two year,Yes,Bank transfer (automatic),93.25,6688.95,No,0.0406,0,Low,2025-11-01
2577-GVSIL,Male,No,Yes,Yes,35,Yes,Yes,DSL,No,No,No,Yes,Yes,Yes,One year,Yes,Bank transfer (automatic),73.45,2661.1,No,0.2802,0,Low,2025-09-01
9367-OIUXP,Male,No,No,No,4,Yes,No,No,No,No,No,No,No,No,Month-to-month,No,Mailed check,20.7,73.05,No,0.3584,0,Medium,2025-10-01
6770-UAYGJ,Female,No,Yes,Yes,49,Yes,Yes,No,No,No,No,No,No,No,Two year,No,Mailed check,25.25,1211.65,No,0.0212,0,Low,2026-02-01
6463-HHXJR,Female,No,Yes,Yes,71,Yes,Yes,Fiber optic,Yes,Yes,Yes,No,Yes,No,Two year,No,Bank transfer (automatic),100.5,7030.65,No,0.0731,0,Low,2026-07-01
7928-VJYAB,Male,No,Yes,Yes,11,Yes,No,Fiber optic,No,No,No,No,Yes,Yes,Month-to-month,No,Electronic check,90.6,1020.2,No,0.8021,1,High,2026-06-01
1187-WILMM,Male,No,Yes,Yes,63,Yes,Yes,DSL,Yes,Yes,Yes,Yes,Yes,Yes,Two year,Yes,Credit card (automatic),89.4,5597.65,No,0.0516,0,Low,2025-10-01
9776-OJUZI,Female,Yes,No,No,65,Yes,Yes,Fiber optic,No,Yes,Yes,No,Yes,No,Month-to-month,Yes,Bank transfer (automatic),95.45,6223.3,No,0.5402,0,Medium,2025-09-01
1306-RPWXZ,Female,No,No,Yes,49,Yes,No,No,No,No,No,No,No,No,Two year,No,Credit card (automatic),20.45,1024.65,No,0.0157,0,Low,2026-01-01
8949-JTMAY,Female,No,No,No,29,Yes,Yes,Fiber optic,No,No,Yes,No,Yes,Yes,Month-to-month,Yes,Credit card (automatic),98.6,2933.2,Yes,0.8033,1,High,2026-04-01
2774-LVQUS,Female,Yes,Yes,No,15,Yes,Yes,Fiber optic,No,No,Yes,Yes,No,No,Month-to-month,Yes,Electronic check,83.05,1258.3,Yes,0.8051,1,High,2026-05-01
3097-PYWXL,Female,No,Yes,Yes,4,Yes,No,No,No,No,No,No,No,No,Month-to-month,Yes,Electronic check,19.95,82.9,No,0.4638,0,Medium,2026-06-01
2266-SJNAT,Female,No,Yes,No,72,Yes,Yes,Fiber optic,No,Yes,Yes,Yes,Yes,Yes,One year,No,Credit card (automatic),109.15,7789.6,No,0.2314,0,Low,2026-01-01
0869-PAPRP,Female,Yes,Yes,No,26,Yes,No,Fiber optic,No,No,Yes,No,Yes,No,Month-to-month,Yes,Credit card (automatic),85.7,2067.0,No,0.7361,0,High,2025-11-01
4238-JSSWH,Female,Yes,Yes,No,35,Yes,Yes,Fiber optic,No,No,Yes,No,Yes,Yes,Month-to-month,No,Bank transfer (automatic),102.05,3452.55,No,0.7311,0,High,2025-09-01
2972-YDYUW,Female,No,No,No,57,Yes,Yes,Fiber optic,No,Yes,No,Yes,No,Yes,One year,No,Electronic check,94.7,5468.95,No,0.3155,0,Medium,2025-10-01
1104-FEJAM,Male,No,Yes,Yes,28,Yes,Yes,DSL,No,Yes,No,No,No,Yes,Month-to-month,No,Electronic check,64.4,1802.15,No,0.4785,0,Medium,2025-09-01
2809-ILCYT,Female,No,Yes,No,25,Yes,Yes,No,No,No,No,No,No,No,One year,Yes,Mailed check,26.8,733.55,No,0.1695,0,Low,2026-07-01
5499-ECUTN,Female,No,Yes,No,47,Yes,No,DSL,Yes,No,Yes,No,Yes,No,One year,Yes,Credit card (automatic),66.05,3021.45,No,0.137,0,Low,2025-12-01
4981-FLTMF,Female,No,Yes,Yes,57,Yes,Yes,DSL,Yes,Yes,No,Yes,No,No,Month-to-month,No,Bank transfer (automatic),65.2,3687.85,No,0.075,0,Low,2026-06-01
9121-PHQSR,Male,Yes,Yes,No,16,Yes,Yes,Fiber optic,No,No,No,No,Yes,No,Month-to-month,Yes,Credit card (automatic),85.05,1391.15,No,0.8388,1,High,2026-03-01
3113-IWHLC,Male,No,No,No,5,Yes,No,DSL,Yes,No,Yes,No,No,No,Month-to-month,Yes,Mailed check,55.8,274.35,No,0.5363,0,Medium,2026-03-01
3211-ILJTT,Male,No,Yes,No,17,Yes,No,Fiber optic,No,No,No,No,No,No,Month-to-month,Yes,Bank transfer (automatic),70.4,1214.05,Yes,0.7209,0,High,2026-02-01
4612-THJBS,Female,Yes,No,No,56,Yes,Yes,Fiber optic,No,Yes,Yes,No,Yes,Yes,One year,Yes,Bank transfer (automatic),104.75,5510.65,Yes,0.4954,0,Medium,2026-06-01
4277-BWBML,Male,No,Yes,Yes,72,Yes,No,No,No,No,No,No,No,No,Two year,No,Bank transfer (automatic),19.95,1322.85,No,0.0057,0,Low,2025-09-01
4094-NSEDU,Female,Yes,No,No,21,Yes,Yes,Fiber optic,No,No,No,No,Yes,Yes,Month-to-month,Yes,Electronic check,94.25,1973.75,Yes,0.8977,1,High,2025-10-01
0234-TEVTT,Female,No,Yes,Yes,48,No,No,DSL,Yes,No,Yes,No,No,Yes,One year,No,Credit card (automatic),45.0,2196.3,No,0.1061,0,Low,2026-02-01
4304-TSPVK,Female,No,Yes,No,68,Yes,Yes,Fiber optic,Yes,Yes,Yes,Yes,Yes,Yes,Two year,No,Bank transfer (automatic),114.9,7843.55,No,0.1101,0,Low,2026-01-01
1552-AAGRX,Female,No,No,No,30,Yes,Yes,Fiber optic,Yes,No,No,Yes,Yes,Yes,Month-to-month,No,Bank transfer (automatic),106.4,3211.9,No,0.5608,0,Medium,2026-03-01
2637-FKFSY,Female,No,Yes,No,3,Yes,No,DSL,No,No,No,No,No,No,Month-to-month,Yes,Mailed check,46.1,130.15,No,0.6609,0,High,2026-05-01
9796-MVYXX,Female,Yes,No,No,14,No,No,DSL,Yes,No,Yes,Yes,No,No,Two year,No,Mailed check,39.7,692.35,No,0.1607,0,Low,2026-04-01
7874-ECPQJ,Female,No,No,Yes,4,Yes,No,No,No,No,No,No,No,No,Month-to-month,Yes,Bank transfer (automatic),20.05,85.5,No,0.376,0,Medium,2025-12-01
0020-INWCK,Female,No,Yes,Yes,71,Yes,Yes,Fiber optic,No,Yes,Yes,No,No,Yes,Two year,Yes,Credit card (automatic),95.75,6849.4,No,0.1583,0,Low,2025-12-01
7089-RKVSZ,Male,No,Yes,Yes,8,Yes,Yes,No,No,No,No,No,No,No,One year,No,Mailed check,24.4,203.95,No,0.1879,0,Low,2026-06-01
2683-JXWQQ,Male,No,Yes,Yes,61,No,No,DSL,Yes,No,Yes,No,No,No,Month-to-month,No,Bank transfer (automatic),33.6,2117.2,No,0.092,0,Low,2025-11-01
9548-ZMVTX,Male,No,Yes,Yes,72,Yes,Yes,Fiber optic,No,Yes,Yes,Yes,No,No,Two year,No,Bank transfer (automatic),90.45,6565.85,No,0.0578,0,Low,2026-03-01
8739-XNIKG,Female,No,No,No,5,Yes,Yes,Fiber optic,No,No,No,No,Yes,No,Month-to-month,Yes,Electronic check,84.0,424.75,No,0.8927,1,High,2026-03-01
9755-JHNMN,Female,No,No,No,49,Yes,No,DSL,Yes,Yes,Yes,Yes,No,No,Two year,No,Bank transfer (automatic),67.4,3306.85,No,0.0258,0,Low,2026-06-01
3981-QSVQI,Male,No,No,No,8,Yes,No,No,No,No,No,No,No,No,Month-to-month,Yes,Bank transfer (automatic),19.7,168.9,No,0.3953,0,Medium,2026-05-01
2789-HQBOU,Male,No,No,No,3,Yes,No,Fiber optic,No,No,No,No,No,Yes,Month-to-month,Yes,Electronic check,80.35,253.8,No,0.8853,1,High,2026-02-01
9424-CMPOG,Male,No,Yes,Yes,9,Yes,No,No,No,No,No,No,No,No,Two year,No,Mailed check,19.6,197.4,No,0.0856,0,Low,2025-12-01
5067-WJEUN,Male,No,Yes,Yes,67,Yes,No,DSL,Yes,Yes,No,No,No,No,Two year,Yes,Bank transfer (automatic),54.2,3838.2,No,0.0232,0,Low,2026-01-01
3450-WXOAT,Male,No,No,No,46,Yes,No,DSL,No,No,No,No,No,No,Month-to-month,Yes,Credit card (automatic),45.2,2065.15,No,0.2816,0,Low,2026-01-01
9251-WNSOD,Female,No,Yes,No,67,Yes,Yes,DSL,Yes,Yes,Yes,No,No,Yes,One year,No,Mailed check,75.1,5064.45,No,0.075,0,Low,2025-11-01
6974-DAFLI,Female,No,Yes,No,55,Yes,No,No,No,No,No,No,No,No,One year,No,Electronic check,19.7,1140.05,No,0.04,0,Low,2026-04-01
2616-UUTFK,Male,No,Yes,No,33,Yes,Yes,DSL,Yes,Yes,Yes,No,Yes,No,Month-to-month,Yes,Bank transfer (automatic),72.75,2447.45,No,0.3758,0,Medium,2025-11-01
7064-JHXCE,Male,No,Yes,Yes,62,Yes,No,No,No,No,No,No,No,No,Two year,No,Credit card (automatic),20.05,1263.9,No,0.0091,0,Low,2026-04-01
5103-MHMHY,Female,No,No,Yes,1,Yes,No,DSL,No,No,No,No,No,No,Month-to-month,No,Mailed check,45.95,45.95,Yes,0.5379,0,Medium,2026-06-01
7989-AWGEH,Male,No,Yes,Yes,49,No,No,DSL,Yes,No,No,No,No,Yes,Month-to-month,Yes,Electronic check,39.2,1838.15,No,0.3265,0,Medium,2026-08-01
4373-VVHQL,Male,No,No,No,1,Yes,No,DSL,No,No,No,No,No,No,Month-to-month,Yes,Electronic check,44.75,44.75,No,0.7498,0,High,2025-10-01
4559-UWIHT,Male,No,Yes,No,14,Yes,Yes,Fiber optic,No,Yes,Yes,No,No,No,Month-to-month,Yes,Electronic check,82.65,1185.0,No,0.8131,1,High,2026-06-01
7268-IGMFD,Male,Yes,No,No,18,Yes,Yes,Fiber optic,No,No,Yes,Yes,Yes,No,Month-to-month,No,Bank transfer (automatic),93.9,1743.9,No,0.6982,0,High,2025-10-01
1846-XWOQN,Female,Yes,No,No,1,Yes,No,Fiber optic,No,No,No,No,No,No,Month-to-month,Yes,Electronic check,70.15,70.15,Yes,0.8818,1,High,2026-01-01
0235-KGSLC,Female,No,No,No,1,Yes,No,Fiber optic,No,No,Yes,No,Yes,No,Month-to-month,Yes,Credit card (automatic),85.55,85.55,Yes,0.8287,1,High,2025-11-01
6650-BWFRT,Female,No,Yes,No,72,Yes,Yes,Fiber optic,Yes,Yes,Yes,Yes,Yes,Yes,Two year,Yes,Credit card (automatic),117.15,8529.5,No,0.1465,0,Low,2025-10-01
9570-KYEUA,Male,No,No,No,64,Yes,Yes,Fiber optic,Yes,No,Yes,Yes,No,Yes,Two year,No,Credit card (automatic),99.25,6549.45,No,0.1054,0,Low,2025-11-01
6993-YGFJV,Male,No,Yes,No,69,Yes,Yes,Fiber optic,Yes,Yes,Yes,Yes,Yes,Yes,Two year,Yes,Bank transfer (automatic),112.55,7806.5,No,0.1511,0,Low,2025-09-01
2712-SYWAY,Female,No,No,No,1,Yes,Yes,No,No,No,No,No,No,No,Month-to-month,Yes,Electronic check,25.7,25.7,No,0.6077,0,High,2026-06-01
0730-BGQGF,Male,No,Yes,Yes,71,Yes,Yes,DSL,Yes,Yes,Yes,Yes,Yes,Yes,Two year,No,Credit card (automatic),90.3,6287.3,No,0.0288,0,Low,2025-09-01
5498-IBWPI,Female,No,Yes,Yes,66,Yes,No,DSL,No,No,No,Yes,No,No,One year,Yes,Credit card (automatic),49.4,3251.85,No,0.0493,0,Low,2026-01-01
9101-NTIXF,Male,No,No,No,2,Yes,No,No,No,No,No,No,No,No,Month-to-month,No,Mailed check,19.4,50.6,No,0.3826,0,Medium,2026-05-01
0013-SMEOE,Female,Yes,Yes,No,71,Yes,No,Fiber optic,Yes,Yes,Yes,Yes,Yes,Yes,Two year,Yes,Bank transfer (automatic),109.7,7904.25,No,0.1339,0,Low,2026-08-01
9314-QDMDW,Male,No,No,No,11,Yes,No,DSL,No,Yes,No,No,Yes,No,One year,Yes,Electronic check,61.25,729.95,No,0.5099,0,Medium,2026-07-01
9308-ANMVE,Male,No,No,Yes,47,Yes,No,DSL,Yes,Yes,No,No,No,No,Month-to-month,Yes,Electronic check,55.3,2654.05,No,0.207,0,Low,2025-10-01
2884-GBPFB,Female,No,Yes,No,35,Yes,No,Fiber optic,No,No,No,No,No,No,Month-to-month,Yes,Electronic check,70.3,2416.55,Yes,0.6735,0,High,2026-08-01
3757-NJYBX,Male,Yes,Yes,No,32,Yes,Yes,Fiber optic,No,Yes,Yes,No,Yes,Yes,Month-to-month,No,Bank transfer (automatic),106.35,3520.75,Yes,0.7312,0,High,2026-04-01
3413-DHLPB,Male,No,Yes,Yes,60,Yes,Yes,Fiber optic,No,Yes,No,Yes,Yes,Yes,Month-to-month,Yes,Bank transfer (automatic),103.75,5969.95,No,0.4716,0,Medium,2025-11-01
7649-PHJVR,Male,No,No,No,11,Yes,No,No,No,No,No,No,No,No,One year,No,Mailed check,19.5,226.8,No,0.1703,0,Low,2026-02-01
6114-TCFID,Female,No,No,No,29,No,No,DSL,Yes,Yes,No,Yes,No,No,One year,No,Credit card (automatic),39.5,1082.75,No,0.1179,0,Low,2026-08-01
3787-TRIAL,Male,No,Yes,Yes,21,No,No,DSL,No,No,No,No,No,No,Month-to-month,Yes,Electronic check,26.05,565.75,No,0.6134,0,High,2026-01-01
2573-GYRUU,Male,Yes,Yes,No,48,Yes,Yes,Fiber optic,No,No,Yes,No,No,Yes,Month-to-month,Yes,Credit card (automatic),91.05,4370.75,No,0.6967,0,High,2025-11-01
5156-UMKOW,Female,No,No,Yes,3,No,No,DSL,No,Yes,No,No,No,No,Month-to-month,No,Mailed check,29.65,90.05,No,0.5851,0,Medium,2026-07-01
1247-QBVSH,Female,No,Yes,Yes,43,Yes,No,DSL,No,Yes,No,No,No,No,Month-to-month,No,Mailed check,50.2,2169.4,No,0.1766,0,Low,2026-08-01
6734-GMPVK,Male,No,No,No,5,Yes,Yes,Fiber optic,No,Yes,Yes,No,Yes,Yes,Month-to-month,No,Electronic check,105.3,550.6,No,0.8587,1,High,2026-08-01
9822-OAOVB,Female,No,No,No,1,Yes,No,DSL,No,No,No,No,No,Yes,Month-to-month,Yes,Electronic check,55.45,55.45,No,0.7926,0,High,2026-08-01
6161-ERDGD,Male,No,Yes,Yes,71,Yes,Yes,DSL,Yes,No,Yes,Yes,Yes,Yes,One year,No,Electronic check,85.45,6300.85,No,0.0878,0,Low,2026-07-01
1226-JZNKR,Female,No,Yes,Yes,8,Yes,No,No,No,No,No,No,No,No,One year,No,Electronic check,19.8,160.05,No,0.1965,0,Low,2026-02-01
7318-EIVKO,Male,No,No,No,8,Yes,Yes,DSL,No,No,No,No,Yes,No,Month-to-month,Yes,Electronic check,59.25,436.6,No,0.7794,0,High,2025-11-01
3771-PZOBW,Male,No,No,No,20,Yes,Yes,Fiber optic,No,No,Yes,No,Yes,No,Month-to-month,Yes,Credit card (automatic),90.7,1781.35,No,0.786,0,High,2026-04-01
5136-KCKGI,Female,No,Yes,Yes,33,Yes,Yes,Fiber optic,Yes,No,Yes,No,Yes,Yes,One year,Yes,Mailed check,103.7,3467.0,Yes,0.4975,0,Medium,2025-11-01
8231-BSWXX,Male,No,No,No,71,Yes,Yes,Fiber optic,No,Yes,No,No,No,No,One year,Yes,Credit card (automatic),79.05,5552.5,No,0.2201,0,Low,2026-02-01
6486-LHTMA,Female,Yes,Yes,No,31,Yes,Yes,Fiber optic,No,No,Yes,No,Yes,No,One year,Yes,Electronic check,90.7,2835.5,No,0.6956,0,High,2026-04-01
4083-BFNYK,Female,Yes,Yes,No,38,Yes,Yes,Fiber optic,Yes,Yes,No,No,No,Yes,One year,No,Credit card (automatic),95.0,3591.25,No,0.3685,0,Medium,2026-08-01
3722-WPXTK,Male,No,No,No,1,Yes,No,Fiber optic,No,No,No,No,Yes,Yes,Month-to-month,Yes,Electronic check,88.35,88.35,Yes,0.909,1,High,2025-12-01
7389-KBFIT,Female,No,Yes,Yes,2,No,No,DSL,No,Yes,No,No,No,No,Month-to-month,Yes,Mailed check,30.25,63.75,No,0.6775,0,High,2025-12-01
7176-WIONM,Female,No,Yes,No,12,No,No,DSL,No,No,Yes,No,Yes,Yes,Month-to-month,Yes,Bank transfer (automatic),49.85,617.15,No,0.7578,0,High,2026-05-01
5141-ZUVBH,Female,No,No,Yes,9,Yes,No,Fiber optic,Yes,No,Yes,Yes,No,Yes,Month-to-month,No,Bank transfer (automatic),93.0,870.25,No,0.5153,0,Medium,2025-09-01
1089-HDMKP,Male,Yes,No,Yes,11,Yes,No,DSL,No,Yes,No,Yes,No,No,Month-to-month,Yes,Electronic check,54.55,601.25,No,0.5398,0,Medium,2026-03-01
7623-HKYRK,Male,No,No,Yes,6,Yes,No,No,No,No,No,No,No,No,Month-to-month,No,Mailed check,19.7,111.65,No,0.2919,0,Low,2026-05-01
0310-SUCIN,Female,No,Yes,No,71,Yes,No,DSL,Yes,Yes,Yes,Yes,Yes,Yes,One year,Yes,Bank transfer (automatic),84.8,6046.1,No,0.0702,0,Low,2026-03-01
5197-PYEPU,Female,No,Yes,Yes,42,Yes,Yes,Fiber optic,Yes,Yes,No,No,Yes,No,One year,Yes,Credit card (automatic),94.45,3923.8,No,0.3133,0,Medium,2026-01-01
2929-ERCFZ,Female,No,Yes,Yes,8,Yes,No,Fiber optic,No,No,Yes,No,Yes,Yes,Month-to-month,Yes,Electronic check,94.2,777.3,Yes,0.8585,1,High,2026-06-01
7548-SEPYI,Female,No,No,No,5,Yes,No,Fiber optic,No,Yes,No,No,Yes,Yes,Month-to-month,Yes,Electronic check,96.25,512.45,Yes,0.878,1,High,2026-01-01
8835-VSDSE,Female,No,Yes,No,2,Yes,No,Fiber optic,No,No,No,No,No,No,Month-to-month,Yes,Electronic check,70.7,141.45,Yes,0.8539,1,High,2026-05-01
6619-RPLQZ,Female,No,Yes,Yes,45,Yes,No,No,No,No,No,No,No,No,Two year,No,Mailed check,20.85,892.15,No,0.019,0,Low,2026-02-01
3275-RHRNE,Male,No,Yes,Yes,28,No,No,DSL,No,Yes,Yes,Yes,Yes,Yes,One year,Yes,Credit card (automatic),60.0,1682.05,No,0.2986,0,Low,2025-09-01
3503-TYDAY,Female,No,Yes,No,43,Yes,Yes,Fiber optic,No,Yes,No,No,No,No,Month-to-month,No,Electronic check,80.45,3398.9,No,0.5573,0,Medium,2026-03-01
6901-GOGZG,Male,No,No,Yes,60,Yes,Yes,DSL,Yes,No,Yes,Yes,Yes,Yes,Two year,Yes,Electronic check,84.95,4984.85,No,0.0863,0,Low,2025-09-01
1623-NLDOT,Female,No,Yes,No,42,No,No,DSL,No,Yes,No,Yes,No,No,One year,No,Mailed check,33.55,1445.3,Yes,0.1132,0,Low,2026-08-01
7021-XSNYE,Male,No,Yes,Yes,7,No,No,DSL,Yes,No,Yes,Yes,No,Yes,Two year,No,Credit card (automatic),49.65,305.55,No,0.1668,0,Low,2026-04-01
9621-OUPYD,Female,No,Yes,No,25,Yes,No,No,No,No,No,No,No,No,One year,Yes,Bank transfer (automatic),20.2,507.9,No,0.1295,0,Low,2026-01-01
9898-KZQDZ,Female,Yes,Yes,Yes,40,Yes,Yes,Fiber optic,No,No,No,No,Yes,Yes,Month-to-month,Yes,Credit card (automatic),94.55,3640.45,Yes,0.7403,0,High,2026-02-01
8982-NHAVY,Male,No,No,No,27,Yes,Yes,Fiber optic,No,No,Yes,No,Yes,Yes,One year,Yes,Bank transfer (automatic),100.5,2673.45,No,0.6703,0,High,2026-04-01
4307-KWMXE,Male,No,No,No,10,No,No,DSL,No,Yes,No,Yes,No,No,Month-to-month,No,Electronic check,35.75,389.8,No,0.5621,0,Medium,2025-12-01
0141-YEAYS,Female,Yes,No,No,27,Yes,Yes,Fiber optic,No,Yes,Yes,No,No,No,Month-to-month,Yes,Bank transfer (automatic),86.45,2401.05,No,0.7119,0,High,2025-12-01
2450-ZKEED,Female,No,No,No,11,Yes,No,DSL,No,No,Yes,Yes,No,No,One year,No,Bank transfer (automatic),53.8,651.55,No,0.2417,0,Low,2026-02-01
3694-DELSO,Male,No,Yes,Yes,4,No,No,DSL,Yes,No,No,No,Yes,No,Month-to-month,No,Credit card (automatic),38.55,156.1,No,0.5516,0,Medium,2025-12-01
3893-JRNFS,Male,No,No,No,68,No,No,DSL,No,No,Yes,No,No,Yes,Month-to-month,Yes,Bank transfer (automatic),39.9,2796.35,No,0.2382,0,Low,2026-06-01
9603-OAIHC,Male,Yes,No,No,1,Yes,No,Fiber optic,No,No,No,No,No,No,Month-to-month,Yes,Electronic check,70.05,70.05,No,0.8838,1,High,2025-10-01
1133-KXCGE,Female,No,No,No,18,Yes,No,No,No,No,No,No,No,No,One year,No,Mailed check,20.1,407.05,No,0.1302,0,Low,2026-06-01
5236-PERKL,Female,No,No,No,57,Yes,Yes,Fiber optic,Yes,Yes,Yes,No,Yes,Yes,Two year,Yes,Bank transfer (automatic),112.95,6465.0,Yes,0.2401,0,Low,2026-01-01
0142-GVYSN,Male,No,No,No,26,Yes,No,No,No,No,No,No,No,No,Month-to-month,Yes,Electronic check,20.3,511.25,No,0.303,0,Medium,2026-03-01
1049-FYSYG,Female,No,Yes,No,17,No,No,DSL,No,Yes,Yes,No,No,No,Month-to-month,Yes,Credit card (automatic),35.65,646.05,No,0.5709,0,Medium,2025-10-01
7854-FOKSF,Male,No,No,No,1,No,No,DSL,No,No,No,No,No,Yes,Month-to-month,No,Electronic check,35.9,35.9,Yes,0.8054,1,High,2026-01-01
2519-FAKOD,Male,No,No,Yes,38,Yes,Yes,Fiber optic,No,No,Yes,No,Yes,Yes,Month-to-month,Yes,Bank transfer (automatic),99.25,3777.15,Yes,0.7196,0,High,2026-06-01
8406-LNMHF,Male,Yes,Yes,No,59,Yes,No,Fiber optic,Yes,Yes,Yes,No,No,No,One year,Yes,Credit card (automatic),82.95,4903.15,No,0.2038,0,Low,2025-12-01
1821-BUCWY,Male,No,No,No,30,Yes,No,DSL,Yes,No,Yes,No,No,No,Two year,Yes,Mailed check,55.65,1653.85,No,0.1117,0,Low,2025-10-01
8263-JQAIK,Male,Yes,No,No,2,No,No,DSL,No,No,No,No,No,No,Month-to-month,Yes,Mailed check,24.45,47.5,Yes,0.7999,1,High,2026-03-01
0023-UYUPN,Female,Yes,Yes,No,50,Yes,Yes,No,No,No,No,No,No,No,One year,No,Electronic check,25.2,1306.3,No,0.0765,0,Low,2025-10-01
8314-DPQHL,Male,No,No,No,9,No,No,DSL,Yes,No,Yes,Yes,No,Yes,One year,No,Mailed check,50.8,463.6,No,0.3189,0,Medium,2025-12-01
1465-WCZVT,Female,No,Yes,Yes,3,Yes,No,No,No,No,No,No,No,No,Month-to-month,No,Mailed check,19.65,60.65,No,0.3133,0,Medium,2026-02-01
9481-SFCQY,Female,No,No,Yes,14,Yes,No,DSL,No,No,Yes,No,Yes,No,Month-to-month,Yes,Credit card (automatic),59.8,824.85,No,0.5438,0,Medium,2026-03-01
6360-SVNWV,Female,Yes,No,No,31,Yes,No,Fiber optic,Yes,No,No,No,No,No,Month-to-month,Yes,Credit card (automatic),73.55,2094.65,No,0.567,0,Medium,2026-04-01
0567-GGCAC,Female,No,No,No,7,Yes,No,DSL,Yes,Yes,Yes,No,No,No,Month-to-month,No,Electronic check,61.4,438.9,No,0.454,0,Medium,2026-05-01
7089-IVVAZ,Female,No,No,No,8,Yes,Yes,Fiber optic,Yes,No,No,Yes,Yes,Yes,Month-to-month,Yes,Bank transfer (automatic),103.35,847.3,Yes,0.7612,0,High,2026-07-01
8884-MRNSU,Male,No,Yes,Yes,17,Yes,No,No,No,No,No,No,No,No,One year,No,Bank transfer (automatic),19.9,329.75,No,0.1044,0,Low,2025-09-01
2171-UDMFD,Male,No,Yes,Yes,32,Yes,No,No,No,No,No,No,No,No,Month-to-month,Yes,Credit card (automatic),19.45,674.55,No,0.1585,0,Low,2026-01-01
9050-IKDZA,Female,Yes,No,No,2,Yes,No,Fiber optic,No,No,No,No,Yes,No,Month-to-month,No,Mailed check,81.5,162.55,No,0.8117,1,High,2025-09-01
2205-YMZZJ,Male,Yes,No,No,7,Yes,Yes,Fiber optic,No,No,No,No,Yes,No,Month-to-month,Yes,Electronic check,84.8,546.95,Yes,0.9053,1,High,2025-09-01
9802-CAQUT,Female,No,Yes,Yes,72,Yes,Yes,Fiber optic,Yes,Yes,Yes,No,Yes,Yes,Two year,No,Credit card (automatic),109.55,7887.25,No,0.1087,0,Low,2025-11-01
1254-IZEYF,Female,Yes,No,No,31,Yes,Yes,Fiber optic,No,Yes,No,No,Yes,Yes,Month-to-month,Yes,Electronic check,99.95,3186.65,Yes,0.8559,1,High,2026-04-01
0187-WZNAB,Female,No,Yes,Yes,27,Yes,No,Fiber optic,Yes,No,No,No,No,No,Month-to-month,No,Mailed check,74.4,1972.35,No,0.4157,0,Medium,2026-07-01
9492-TOKRI,Female,No,No,No,18,Yes,Yes,Fiber optic,No,Yes,No,No,Yes,No,Month-to-month,Yes,Credit card (automatic),90.0,1527.35,Yes,0.7683,0,High,2026-06-01
1475-VWVDO,Male,No,No,No,7,Yes,No,Fiber optic,No,No,Yes,No,No,No,Month-to-month,Yes,Electronic check,74.9,490.55,No,0.8308,1,High,2026-04-01
9221-OTIVJ,Female,Yes,No,No,14,Yes,Yes,Fiber optic,No,Yes,Yes,No,Yes,Yes,Month-to-month,Yes,Electronic check,104.85,1531.4,Yes,0.8964,1,High,2026-06-01
1357-MVDOZ,Male,No,Yes,Yes,11,Yes,No,DSL,No,No,Yes,No,Yes,No,Month-to-month,Yes,Bank transfer (automatic),59.65,683.25,No,0.5702,0,Medium,2025-11-01
7602-MVRMB,Female,No,Yes,Yes,72,Yes,Yes,Fiber optic,Yes,No,Yes,Yes,Yes,Yes,Two year,Yes,Bank transfer (automatic),110.45,8058.85,No,0.1293,0,Low,2026-07-01
3325-FUYCG,Male,No,Yes,Yes,28,Yes,Yes,Fiber optic,Yes,Yes,No,No,Yes,Yes,One year,No,Electronic check,106.1,2847.4,Yes,0.4714,0,Medium,2026-07-01
5908-QMGOE,Male,Yes,No,No,15,Yes,Yes,Fiber optic,No,No,No,No,No,No,Month-to-month,Yes,Credit card (automatic),74.2,1133.9,Yes,0.8146,1,High,2025-10-01
1197-BVMVG,Female,Yes,No,No,4,Yes,Yes,Fiber optic,No,No,No,No,No,No,Month-to-month,Yes,Electronic check,74.45,294.45,No,0.8955,1,High,2026-02-01
5406-KGRMX,Female,No,No,No,71,Yes,Yes,No,No,No,No,No,No,No,Two year,No,Electronic check,24.55,1719.15,No,0.0148,0,Low,2026-06-01
8481-YYXWG,Female,No,No,No,5,Yes,No,Fiber optic,No,Yes,No,Yes,No,Yes,Month-to-month,Yes,Electronic check,89.35,461.7,Yes,0.8065,1,High,2026-02-01
5968-HYJRZ,Male,No,Yes,Yes,47,Yes,Yes,No,No,No,No,No,No,No,Two year,No,Mailed check,24.55,1160.45,No,0.0236,0,Low,2026-07-01
5198-EFNBM,Male,Yes,Yes,No,57,Yes,No,Fiber optic,No,Yes,Yes,No,Yes,No,One year,Yes,Electronic check,90.65,5199.8,No,0.4364,0,Medium,2026-08-01
7516-GMHUV,Male,Yes,Yes,No,50,Yes,Yes,Fiber optic,Yes,No,Yes,No,Yes,Yes,Two year,Yes,Credit card (automatic),105.05,5163.3,No,0.3356,0,Medium,2026-02-01
7140-ADSMJ,Male,No,No,No,8,Yes,No,No,No,No,No,No,No,No,Month-to-month,Yes,Credit card (automatic),20.45,162.3,No,0.3959,0,Medium,2025-09-01
2230-XTUWL,Female,No,Yes,Yes,48,Yes,No,No,No,No,No,No,No,No,Two year,No,Mailed check,19.55,883.35,No,0.0167,0,Low,2026-01-01
7706-YLMQA,Female,No,No,No,70,Yes,No,No,No,No,No,No,No,No,One year,No,Bank transfer (automatic),19.7,1341.5,No,0.0148,0,Low,2025-11-01
2585-KTFRE,Male,No,No,Yes,1,Yes,No,DSL,Yes,Yes,No,Yes,No,Yes,Month-to-month,Yes,Bank transfer (automatic),70.45,70.45,No,0.4411,0,Medium,2026-02-01
7994-UYIVZ,Male,No,Yes,No,8,Yes,Yes,Fiber optic,No,No,No,No,No,Yes,Month-to-month,Yes,Bank transfer (automatic),85.65,659.45,No,0.8501,1,High,2026-04-01
2609-IAICY,Female,No,No,No,1,Yes,Yes,Fiber optic,No,No,No,No,No,No,Month-to-month,Yes,Electronic check,77.15,77.15,Yes,0.8824,1,High,2026-02-01
1740-CSDJP,Male,No,No,No,1,No,No,DSL,No,No,No,No,No,Yes,Month-to-month,Yes,Bank transfer (automatic),35.25,35.25,Yes,0.807,1,High,2025-11-01
7717-BICXI,Male,No,Yes,Yes,60,Yes,No,No,No,No,No,No,No,No,Two year,No,Mailed check,20.55,1205.05,No,0.0103,0,Low,2025-12-01
6559-RAKOZ,Male,No,Yes,Yes,49,Yes,Yes,Fiber optic,No,No,No,Yes,Yes,Yes,One year,Yes,Electronic check,97.95,4917.9,No,0.5036,0,Medium,2026-05-01
2636-OHFMN,Male,No,Yes,No,4,No,No,DSL,No,Yes,No,No,Yes,Yes,Month-to-month,Yes,Electronic check,48.55,201.0,Yes,0.8457,1,High,2025-09-01
4716-MRVEN,Female,No,No,No,29,Yes,No,No,No,No,No,No,No,No,One year,No,Mailed check,20.0,599.3,No,0.0852,0,Low,2025-11-01
2143-LJULT,Female,No,Yes,No,67,Yes,Yes,No,No,No,No,No,No,No,Two year,Yes,Credit card (automatic),25.25,1733.15,No,0.0178,0,Low,2026-07-01
1323-OOEPC,Female,No,Yes,No,53,Yes,Yes,Fiber optic,No,Yes,No,No,Yes,Yes,Month-to-month,Yes,Credit card (automatic),98.4,5149.5,Yes,0.6538,0,High,2025-10-01
3200-MNQTF,Male,No,Yes,No,67,Yes,Yes,DSL,Yes,Yes,Yes,Yes,No,No,Two year,No,Credit card (automatic),70.9,4677.1,No,0.0196,0,Low,2026-01-01
6164-HXUGH,Female,No,Yes,Yes,6,Yes,No,No,No,No,No,No,No,No,Month-to-month,No,Mailed check,19.85,119.3,No,0.2859,0,Low,2025-11-01
5630-IXDXV,Female,No,No,No,47,Yes,Yes,Fiber optic,No,Yes,Yes,No,Yes,Yes,Month-to-month,Yes,Electronic check,106.35,4849.1,No,0.7566,0,High,2025-10-01
0320-DWVTU,Female,No,No,No,53,Yes,No,Fiber optic,Yes,Yes,Yes,Yes,No,Yes,Two year,No,Mailed check,99.5,5424.25,No,0.0952,0,Low,2026-02-01
9135-MGVPY,Male,No,Yes,No,69,Yes,No,DSL,Yes,Yes,Yes,Yes,Yes,Yes,Two year,Yes,Mailed check,84.7,5878.9,No,0.044,0,Low,2026-03-01
1212-GLHMD,Male,No,No,No,3,Yes,No,Fiber optic,Yes,No,No,No,No,Yes,Month-to-month,Yes,Mailed check,86.05,244.85,No,0.7833,0,High,2025-11-01
7878-JGDKK,Male,No,No,No,4,Yes,No,DSL,No,No,No,No,No,No,Month-to-month,No,Mailed check,44.55,220.75,No,0.5776,0,Medium,2025-09-01
1088-AUUZZ,Male,No,Yes,Yes,56,Yes,Yes,DSL,Yes,Yes,No,Yes,No,Yes,Two year,Yes,Credit card (automatic),75.85,4261.2,No,0.0465,0,Low,2025-10-01
0397-GZBBC,Male,Yes,Yes,No,59,Yes,Yes,Fiber optic,No,No,No,No,Yes,Yes,Month-to-month,Yes,Bank transfer (automatic),93.85,5574.75,Yes,0.6962,0,High,2026-04-01
6614-YWYSC,Male,Yes,Yes,No,61,Yes,Yes,No,No,No,No,No,No,No,Two year,No,Bank transfer (automatic),25.0,1501.75,No,0.0189,0,Low,2026-07-01
9588-OZDMQ,Female,No,Yes,No,2,Yes,No,DSL,No,No,No,No,No,No,Month-to-month,Yes,Electronic check,45.0,89.75,No,0.7366,0,High,2025-11-01
7641-EUYET,Male,Yes,Yes,Yes,46,Yes,Yes,Fiber optic,Yes,Yes,Yes,No,Yes,No,Month-to-month,Yes,Electronic check,100.7,4541.2,Yes,0.5961,0,Medium,2025-12-01
6476-EPYZR,Male,No,Yes,Yes,12,Yes,No,No,No,No,No,No,No,No,Month-to-month,No,Mailed check,20.5,255.5,No,0.2392,0,Low,2026-01-01
9921-ZVRHG,Female,No,No,No,14,Yes,Yes,Fiber optic,No,No,Yes,No,No,No,Month-to-month,Yes,Electronic check,80.45,1072.0,Yes,0.8305,1,High,2026-01-01
1174-FGIFN,Female,No,Yes,Yes,28,Yes,Yes,Fiber optic,No,No,No,Yes,No,Yes,One year,Yes,Electronic check,90.45,2509.25,No,0.5592,0,Medium,2025-11-01
6620-HVDUJ,Male,No,No,No,24,Yes,No,DSL,Yes,Yes,No,Yes,No,No,Month-to-month,No,Bank transfer (automatic),60.45,1440.75,No,0.1936,0,Low,2025-09-01
4701-MLJPN,Male,No,No,No,31,Yes,No,DSL,No,No,Yes,Yes,No,No,Month-to-month,Yes,Electronic check,55.25,1715.65,Yes,0.406,0,Medium,2026-03-01
1032-MAELW,Female,No,Yes,Yes,68,Yes,Yes,DSL,Yes,Yes,Yes,Yes,No,Yes,One year,Yes,Electronic check,78.45,5333.35,No,0.0831,0,Low,2026-01-01
7641-TQFHN,Male,No,No,Yes,39,Yes,Yes,Fiber optic,No,No,No,Yes,Yes,Yes,Two year,No,Mailed check,100.55,3895.35,No,0.2536,0,Low,2026-01-01
1552-TKMXS,Female,No,Yes,No,42,Yes,No,No,No,No,No,No,No,No,Month-to-month,No,Credit card (automatic),20.35,869.9,No,0.0935,0,Low,2025-12-01
9206-GVPEQ,Male,No,Yes,No,13,No,No,DSL,Yes,No,No,Yes,Yes,Yes,Month-to-month,Yes,Electronic check,54.45,706.85,Yes,0.6789,0,High,2026-08-01
8622-ZLFKO,Female,No,Yes,No,6,Yes,Yes,Fiber optic,No,Yes,No,No,No,Yes,Month-to-month,Yes,Electronic check,90.75,512.25,No,0.8771,1,High,2026-04-01
1596-BBVTG,Male,No,No,No,35,Yes,Yes,Fiber optic,No,No,No,No,No,No,Month-to-month,No,Credit card (automatic),75.35,2636.05,Yes,0.5722,0,Medium,2026-02-01
6188-UXBBR,Female,No,Yes,No,38,Yes,No,No,No,No,No,No,No,No,One year,Yes,Credit card (automatic),20.25,814.75,No,0.0803,0,Low,2025-11-01
2333-KWEWW,Male,No,No,No,18,Yes,No,No,No,No,No,No,No,No,Two year,No,Credit card (automatic),20.05,388.6,No,0.0714,0,Low,2026-06-01
5702-SKUOB,Female,No,Yes,No,4,Yes,No,No,No,No,No,No,No,No,Month-to-month,No,Mailed check,19.6,93.45,No,0.3555,0,Medium,2026-07-01
1134-YWTYF,Male,No,Yes,No,27,Yes,No,DSL,No,Yes,No,Yes,No,No,Month-to-month,Yes,Electronic check,53.8,1389.85,No,0.4042,0,Medium,2025-09-01
6061-GWWAV,Male,No,No,Yes,41,Yes,No,DSL,Yes,Yes,Yes,No,Yes,No,One year,No,Mailed check,70.2,2894.55,No,0.0924,0,Low,2026-08-01
0679-TDGAK,Male,No,Yes,Yes,50,Yes,No,DSL,Yes,No,No,Yes,Yes,Yes,One year,No,Electronic check,75.5,4025.6,No,0.116,0,Low,2026-05-01
6585-WCEWR,Male,No,Yes,Yes,72,Yes,No,No,No,No,No,No,No,No,Two year,No,Electronic check,20.35,1354.4,No,0.0083,0,Low,2025-10-01
9067-YGSCA,Female,No,No,No,70,Yes,Yes,No,No,No,No,No,No,No,One year,No,Credit card (automatic),26.05,1856.4,No,0.0205,0,Low,2026-06-01
9067-SQTNS,Male,No,Yes,Yes,44,Yes,No,No,No,No,No,No,No,No,One year,No,Bank transfer (automatic),20.6,926.0,No,0.0356,0,Low,2025-10-01
8433-WXGNA,Male,No,No,No,2,Yes,No,Fiber optic,Yes,No,No,No,No,No,Month-to-month,Yes,Electronic check,75.7,189.2,Yes,0.797,1,High,2025-09-01
1776-SPBWV,Female,No,Yes,Yes,34,Yes,No,No,No,No,No,No,No,No,One year,Yes,Bank transfer (automatic),20.1,682.1,No,0.0745,0,Low,2025-10-01
8735-SDUFN,Female,Yes,Yes,No,72,Yes,Yes,No,No,No,No,No,No,No,Two year,No,Bank transfer (automatic),24.3,1778.7,No,0.0119,0,Low,2026-02-01
9668-PUGNU,Male,No,Yes,No,71,Yes,Yes,No,No,No,No,No,No,No,Two year,Yes,Electronic check,24.5,1816.2,No,0.022,0,Low,2026-04-01
9405-GPBBG,Female,No,No,No,64,Yes,Yes,Fiber optic,No,Yes,Yes,Yes,Yes,Yes,Two year,Yes,Credit card (automatic),110.5,7069.25,No,0.2233,0,Low,2026-01-01
1926-QUZNN,Female,No,Yes,No,72,Yes,Yes,No,No,No,No,No,No,No,Two year,Yes,Bank transfer (automatic),25.25,1841.2,No,0.0143,0,Low,2025-10-01
3707-GNWHM,Male,No,No,No,1,Yes,Yes,Fiber optic,No,No,No,No,No,No,Month-to-month,Yes,Mailed check,74.25,74.25,Yes,0.8526,1,High,2025-11-01
7016-NVRIC,Male,Yes,Yes,No,29,Yes,No,Fiber optic,Yes,No,Yes,No,No,Yes,One year,No,Bank transfer (automatic),90.1,2656.7,No,0.3983,0,Medium,2026-07-01
5829-NVSQN,Female,No,Yes,No,23,Yes,No,DSL,Yes,No,Yes,Yes,No,Yes,One year,Yes,Bank transfer (automatic),68.75,1689.45,No,0.2171,0,Low,2026-08-01
9565-AXSMR,Male,No,Yes,Yes,52,Yes,No,No,No,No,No,No,No,No,Two year,No,Mailed check,19.2,1054.75,No,0.0147,0,Low,2026-06-01
8922-LIEGH,Female,Yes,No,No,25,Yes,Yes,Fiber optic,No,Yes,No,No,No,Yes,Month-to-month,Yes,Electronic check,89.7,2187.55,Yes,0.8408,1,High,2025-10-01
8869-LIHMK,Female,No,No,No,64,Yes,Yes,Fiber optic,Yes,Yes,Yes,Yes,Yes,Yes,Two year,Yes,Bank transfer (automatic),115.1,7334.05,No,0.1635,0,Low,2026-06-01
8245-UMPYT,Female,Yes,No,No,16,Yes,Yes,Fiber optic,No,No,No,No,Yes,Yes,Month-to-month,Yes,Electronic check,96.4,1581.2,Yes,0.9085,1,High,2026-05-01
5186-SAMNZ,Male,Yes,No,No,1,Yes,No,Fiber optic,No,No,No,No,No,No,Month-to-month,Yes,Bank transfer (automatic),69.5,69.5,Yes,0.8407,1,High,2026-03-01
0447-RXSGD,Male,No,No,No,24,Yes,Yes,Fiber optic,No,Yes,No,No,Yes,Yes,Month-to-month,Yes,Bank transfer (automatic),99.65,2404.85,No,0.8006,1,High,2025-10-01
4927-WWOOZ,Male,No,Yes,No,2,Yes,Yes,Fiber optic,No,No,Yes,No,Yes,No,Month-to-month,Yes,Electronic check,91.45,171.45,No,0.8936,1,High,2026-08-01
5788-YPOEG,Female,No,Yes,Yes,34,Yes,No,DSL,Yes,Yes,Yes,Yes,Yes,Yes,Two year,No,Mailed check,84.75,2839.45,No,0.061,0,Low,2026-02-01
5373-SFODM,Male,Yes,Yes,No,36,Yes,Yes,Fiber optic,No,No,No,No,No,Yes,Month-to-month,Yes,Credit card (automatic),85.25,3132.75,Yes,0.7655,0,High,2025-09-01
0661-KBKPA,Male,No,Yes,Yes,53,Yes,Yes,DSL,No,No,Yes,Yes,Yes,Yes,One year,Yes,Mailed check,78.75,3942.45,No,0.1821,0,Low,2025-11-01
9081-WWXKP,Female,No,Yes,Yes,47,Yes,No,No,No,No,No,No,No,No,Two year,No,Credit card (automatic),20.25,873.4,No,0.0165,0,Low,2026-01-01
0784-ZQJZX,Male,No,No,Yes,72,Yes,No,No,No,No,No,No,No,No,Two year,No,Credit card (automatic),19.9,1529.65,No,0.0061,0,Low,2025-09-01
3133-PZNSR,Male,No,Yes,Yes,72,Yes,Yes,Fiber optic,Yes,Yes,No,Yes,No,Yes,Two year,Yes,Credit card (automatic),97.75,6991.6,No,0.0836,0,Low,2025-12-01
5766-ZJYBB,Male,No,No,No,1,Yes,No,No,No,No,No,No,No,No,Month-to-month,No,Mailed check,19.4,19.4,Yes,0.3921,0,Medium,2026-02-01
8931-GJJIQ,Female,No,No,No,9,Yes,Yes,Fiber optic,No,No,No,No,No,Yes,Month-to-month,Yes,Electronic check,83.3,803.3,Yes,0.8919,1,High,2026-08-01
4277-PVRAN,Female,No,No,No,8,Yes,No,Fiber optic,No,No,No,No,Yes,No,Month-to-month,Yes,Bank transfer (automatic),80.1,679.3,Yes,0.8065,1,High,2025-10-01
0022-TCJCI,Male,Yes,No,No,45,Yes,No,DSL,Yes,No,Yes,No,No,Yes,One year,No,Credit card (automatic),62.7,2791.5,Yes,0.1393,0,Low,2026-03-01
0722-SVSFK,Female,No,No,No,7,Yes,No,Fiber optic,No,No,Yes,Yes,Yes,Yes,Month-to-month,Yes,Electronic check,100.4,715.0,No,0.8436,1,High,2026-07-01
3612-YVGSJ,Female,No,Yes,No,71,Yes,Yes,No,No,No,No,No,No,No,Two year,Yes,Credit card (automatic),24.45,1681.6,No,0.0147,0,Low,2026-06-01
9825-YCXWZ,Female,Yes,No,No,41,Yes,No,Fiber optic,No,No,Yes,Yes,Yes,Yes,One year,Yes,Bank transfer (automatic),101.1,4016.2,No,0.4804,0,Medium,2026-08-01
5397-NSKQG,Male,No,Yes,Yes,67,No,No,DSL,Yes,No,No,No,Yes,Yes,Two year,No,Credit card (automatic),50.9,3281.65,No,0.0401,0,Low,2025-11-01
8565-HBFNN,Male,No,Yes,No,69,Yes,Yes,Fiber optic,Yes,Yes,Yes,Yes,No,Yes,One year,Yes,Credit card (automatic),107.2,7317.1,No,0.1943,0,Low,2026-06-01
2000-DHJUY,Female,Yes,Yes,No,70,Yes,Yes,DSL,Yes,Yes,Yes,Yes,Yes,Yes,Two year,Yes,Bank transfer (automatic),92.2,6474.45,No,0.0641,0,Low,2026-08-01
0203-HHYIJ,Male,No,No,No,25,Yes,Yes,No,No,No,No,No,No,No,One year,No,Bank transfer (automatic),25.3,676.35,Yes,0.1201,0,Low,2025-12-01
8670-ERCJH,Male,No,No,No,72,Yes,Yes,Fiber optic,Yes,Yes,Yes,Yes,Yes,Yes,Two year,No,Bank transfer (automatic),113.4,8164.1,No,0.1034,0,Low,2026-02-01
7758-UJWYS,Male,No,Yes,Yes,34,No,No,DSL,No,No,No,Yes,Yes,No,Two year,Yes,Electronic check,40.55,1325.85,No,0.1788,0,Low,2026-03-01
2050-ONYDQ,Female,No,Yes,Yes,65,Yes,Yes,No,No,No,No,No,No,No,Two year,No,Credit card (automatic),26.0,1654.85,No,0.0105,0,Low,2026-02-01
7055-JCGNI,Female,No,No,No,70,Yes,Yes,Fiber optic,Yes,Yes,Yes,Yes,Yes,Yes,Two year,Yes,Credit card (automatic),111.95,7795.95,No,0.1463,0,Low,2025-12-01
0739-UUAJR,Female,No,Yes,Yes,72,No,No,DSL,Yes,No,Yes,No,Yes,Yes,Two year,Yes,Credit card (automatic),53.8,3952.45,No,0.0505,0,Low,2026-08-01
4826-DXMUP,Male,No,No,Yes,35,Yes,No,DSL,No,No,No,Yes,Yes,Yes,One year,Yes,Mailed check,72.1,2495.15,No,0.2364,0,Low,2026-08-01
0952-KMEEH,Male,No,No,No,13,Yes,Yes,Fiber optic,Yes,No,No,No,Yes,Yes,Month-to-month,No,Mailed check,98.15,1230.25,Yes,0.7491,0,High,2026-01-01
7285-KLOTR,Female,No,Yes,No,12,Yes,Yes,DSL,Yes,No,Yes,No,Yes,Yes,One year,No,Electronic check,78.85,876.75,No,0.4571,0,Medium,2026-06-01
0654-PQKDW,Female,No,Yes,Yes,62,Yes,No,DSL,Yes,No,Yes,Yes,Yes,No,One year,Yes,Bank transfer (automatic),70.75,4263.45,No,0.053,0,Low,2026-01-01
7175-NTIXE,Female,No,No,No,25,Yes,No,DSL,Yes,No,No,Yes,Yes,Yes,Month-to-month,Yes,Credit card (automatic),76.15,1992.95,No,0.411,0,Medium,2026-06-01
7963-SHNDT,Female,No,No,No,52,No,No,DSL,Yes,Yes,No,Yes,No,No,Two year,No,Mailed check,39.1,1982.1,No,0.03,0,Low,2026-04-01
9796-BPKIW,Male,Yes,No,No,8,Yes,No,Fiber optic,No,No,No,No,No,No,Month-to-month,Yes,Credit card (automatic),69.95,562.7,No,0.8102,1,High,2026-02-01
0188-GWFLE,Male,No,No,No,2,Yes,No,No,No,No,No,No,No,No,Month-to-month,No,Mailed check,20.05,33.7,No,0.38,0,Medium,2025-10-01
8129-GMVGI,Female,No,Yes,Yes,56,Yes,No,No,No,No,No,No,No,No,Two year,No,Mailed check,20.05,1090.1,No,0.012,0,Low,2026-04-01
2882-DDZPG,Female,No,No,No,12,Yes,No,No,No,No,No,No,No,No,Month-to-month,No,Bank transfer (automatic),19.45,227.45,No,0.2707,0,Low,2025-12-01
3547-LQRIK,Female,No,Yes,No,47,Yes,Yes,No,No,No,No,No,No,No,One year,No,Electronic check,26.9,1250.85,No,0.0707,0,Low,2025-11-01
9137-NOQKA,Male,Yes,No,No,2,Yes,No,No,No,No,No,No,No,No,Month-to-month,No,Electronic check,19.2,37.2,No,0.5068,0,Medium,2025-11-01
5843-TTHGI,Female,No,No,No,18,Yes,No,DSL,No,No,Yes,No,No,No,Month-to-month,Yes,Mailed check,50.0,892.7,No,0.5247,0,Medium,2026-08-01
1849-RJYIG,Female,No,No,No,8,Yes,No,DSL,Yes,No,No,No,Yes,No,Month-to-month,Yes,Electronic check,60.0,487.75,No,0.6426,0,High,2025-10-01
8868-GAGIO,Male,No,Yes,No,45,Yes,Yes,Fiber optic,Yes,No,Yes,No,No,No,Month-to-month,Yes,Mailed check,84.55,3713.95,No,0.4976,0,Medium,2026-06-01
4061-UKJWL,Male,No,No,No,3,Yes,No,DSL,No,No,No,No,No,No,Month-to-month,No,Mailed check,45.45,141.7,No,0.5823,0,Medium,2026-07-01
5380-XPJNZ,Female,No,No,No,38,Yes,No,No,No,No,No,No,No,No,One year,No,Mailed check,20.05,678.2,No,0.0583,0,Low,2025-09-01
8263-QMNTJ,Male,No,Yes,No,72,Yes,Yes,Fiber optic,Yes,Yes,Yes,Yes,Yes,Yes,Two year,Yes,Electronic check,115.55,8425.3,No,0.1995,0,Low,2026-04-01
8178-EYZUO,Male,No,No,No,46,Yes,Yes,Fiber optic,Yes,Yes,No,No,No,Yes,Month-to-month,Yes,Electronic check,93.7,4154.8,Yes,0.6252,0,High,2026-03-01
3230-JCNZS,Female,No,Yes,Yes,71,Yes,Yes,Fiber optic,Yes,Yes,Yes,No,Yes,No,Two year,Yes,Credit card (automatic),99.0,7061.65,No,0.1063,0,Low,2026-01-01
0277-ORXQS,Male,No,Yes,Yes,66,No,No,DSL,No,No,No,Yes,Yes,Yes,Two year,No,Bank transfer (automatic),50.55,3364.55,No,0.045,0,Low,2026-05-01
5130-IEKQT,Male,Yes,No,No,25,Yes,Yes,Fiber optic,No,Yes,Yes,No,Yes,Yes,Month-to-month,No,Mailed check,105.95,2655.25,Yes,0.7707,0,High,2026-01-01
3230-WYKIR,Male,No,No,No,18,Yes,Yes,DSL,No,No,Yes,Yes,Yes,Yes,One year,Yes,Credit card (automatic),82.0,1425.45,Yes,0.4349,0,Medium,2026-02-01
7996-BPXHY,Female,No,Yes,Yes,13,Yes,Yes,No,No,No,No,No,No,No,Two year,Yes,Bank transfer (automatic),25.0,332.5,No,0.1177,0,Low,2026-02-01
3227-WLKLI,Female,No,Yes,Yes,65,Yes,Yes,DSL,Yes,Yes,Yes,Yes,Yes,Yes,Two year,No,Bank transfer (automatic),91.55,5963.95,No,0.0338,0,Low,2026-06-01
0407-BDJKB,Male,No,Yes,No,60,Yes,Yes,Fiber optic,No,Yes,Yes,No,Yes,No,Month-to-month,Yes,Electronic check,95.75,5742.9,Yes,0.6152,0,High,2026-04-01
2266-FUBDZ,Male,No,Yes,Yes,15,Yes,No,No,No,No,No,No,No,No,Two year,No,Mailed check,19.35,278.85,No,0.0672,0,Low,2026-01-01
8237-ULIXL,Female,No,Yes,No,72,Yes,Yes,No,No,No,No,No,No,No,Two year,No,Credit card (automatic),24.85,1871.85,No,0.0101,0,Low,2026-08-01
9600-UDOPK,Male,No,Yes,No,30,Yes,Yes,Fiber optic,No,No,No,No,Yes,Yes,Month-to-month,Yes,Credit card (automatic),94.05,2866.45,Yes,0.8026,1,High,2026-06-01
8216-AZUUZ,Female,No,Yes,Yes,42,Yes,No,Fiber optic,No,No,Yes,Yes,Yes,Yes,Two year,Yes,Electronic check,100.4,4303.65,No,0.321,0,Medium,2026-08-01
9153-BTBVV,Female,No,Yes,No,71,Yes,Yes,No,No,No,No,No,No,No,Two year,No,Bank transfer (automatic),25.0,1753.0,No,0.0102,0,Low,2026-05-01
4074-SJFFA,Female,No,No,No,1,Yes,No,DSL,No,No,No,No,No,Yes,Month-to-month,Yes,Mailed check,54.75,54.75,Yes,0.7384,0,High,2026-01-01
3269-ATYWD,Male,Yes,No,No,39,Yes,Yes,Fiber optic,No,No,No,No,Yes,Yes,Month-to-month,Yes,Bank transfer (automatic),95.65,3759.05,Yes,0.795,0,High,2026-06-01
5186-PEIZU,Female,No,No,No,35,Yes,No,No,No,No,No,No,No,No,Month-to-month,No,Bank transfer (automatic),19.25,617.65,No,0.1205,0,Low,2025-12-01
1074-AMIOH,Female,No,Yes,Yes,53,Yes,No,Fiber optic,No,Yes,Yes,Yes,Yes,Yes,Month-to-month,Yes,Bank transfer (automatic),108.25,5935.1,No,0.4658,0,Medium,2025-12-01
4910-GMJOT,Female,No,No,No,1,Yes,Yes,Fiber optic,No,No,No,No,Yes,Yes,Month-to-month,Yes,Electronic check,94.6,94.6,Yes,0.9236,1,High,2026-02-01
0354-WYROK,Female,Yes,Yes,Yes,31,Yes,No,Fiber optic,No,No,Yes,Yes,Yes,Yes,Month-to-month,Yes,Electronic check,98.9,2911.3,Yes,0.735,0,High,2026-08-01
4361-FEBGN,Male,No,No,No,48,Yes,No,No,No,No,No,No,No,No,Two year,No,Credit card (automatic),20.15,982.95,No,0.0209,0,Low,2026-03-01
7748-UMTRK,Female,Yes,No,Yes,30,Yes,Yes,Fiber optic,No,No,No,Yes,Yes,Yes,Month-to-month,Yes,Electronic check,101.3,2974.5,No,0.793,0,High,2026-01-01
0380-ZCSBI,Male,No,No,No,10,Yes,No,No,No,No,No,No,No,No,Month-to-month,No,Credit card (automatic),20.0,198.7,No,0.2935,0,Low,2026-02-01
7145-FEJWU,Female,No,No,Yes,12,Yes,Yes,Fiber optic,No,Yes,Yes,No,Yes,Yes,Month-to-month,Yes,Electronic check,105.3,1275.65,No,0.8537,1,High,2025-12-01
6463-MVYRY,Female,Yes,No,No,57,Yes,No,DSL,Yes,No,Yes,Yes,Yes,No,Two year,No,Bank transfer (automatic),69.85,4003.0,No,0.0367,0,Low,2026-04-01
3969-JQABI,Female,No,Yes,No,58,Yes,No,DSL,Yes,Yes,No,No,Yes,No,Month-to-month,Yes,Credit card (automatic),65.25,3791.6,No,0.1698,0,Low,2026-01-01
9624-EGDEQ,Female,No,No,No,37,Yes,No,No,No,No,No,No,No,No,Two year,No,Mailed check,19.8,813.3,No,0.0344,0,Low,2026-03-01
1051-EQPZR,Female,No,Yes,Yes,44,Yes,No,No,No,No,No,No,No,No,Month-to-month,No,Mailed check,19.6,780.25,No,0.0719,0,Low,2026-01-01
5849-ASHZJ,Male,No,No,Yes,27,Yes,No,No,No,No,No,No,No,No,One year,No,Credit card (automatic),20.05,552.9,No,0.0724,0,Low,2025-12-01
5780-INQIK,Female,No,No,No,8,Yes,No,DSL,No,No,No,Yes,No,No,Month-to-month,No,Electronic check,49.4,408.25,No,0.5206,0,Medium,2026-08-01
7576-OYWBN,Male,Yes,No,No,3,Yes,Yes,Fiber optic,No,No,No,No,No,No,Month-to-month,Yes,Electronic check,76.05,231.8,Yes,0.8987,1,High,2026-01-01
4526-ZJJTM,Female,Yes,Yes,No,25,Yes,No,Fiber optic,No,Yes,Yes,No,No,Yes,Month-to-month,No,Bank transfer (automatic),88.4,2191.15,No,0.6558,0,High,2025-09-01
8384-FZBJK,Female,No,Yes,Yes,57,Yes,Yes,Fiber optic,No,Yes,No,No,Yes,Yes,Month-to-month,Yes,Electronic check,100.6,5611.7,No,0.6586,0,High,2026-01-01
3750-RNQKR,Female,No,No,No,12,Yes,No,No,No,No,No,No,No,No,Month-to-month,No,Mailed check,19.45,246.25,No,0.2837,0,Low,2026-03-01
0962-CQPWQ,Female,No,Yes,Yes,62,Yes,No,No,No,No,No,No,No,No,Two year,No,Bank transfer (automatic),20.3,1296.15,No,0.0089,0,Low,2025-10-01
3096-YXENJ,Female,No,Yes,No,65,Yes,Yes,Fiber optic,No,Yes,Yes,Yes,Yes,Yes,Two year,Yes,Bank transfer (automatic),107.65,7082.85,No,0.2172,0,Low,2025-12-01
1265-BCFEO,Female,No,Yes,No,71,Yes,Yes,DSL,No,No,Yes,Yes,Yes,Yes,Two year,Yes,Bank transfer (automatic),80.45,5662.25,No,0.0783,0,Low,2025-10-01
5837-LXSDN,Female,No,Yes,Yes,21,Yes,No,DSL,No,Yes,No,No,Yes,No,One year,Yes,Credit card (automatic),58.85,1215.45,No,0.2861,0,Low,2026-03-01
5945-AZYHT,Male,No,Yes,No,71,Yes,Yes,Fiber optic,Yes,Yes,Yes,No,Yes,Yes,One year,Yes,Electronic check,109.6,7854.15,No,0.3891,0,Medium,2026-05-01
8325-QRPZR,Female,No,No,No,7,Yes,No,Fiber optic,No,No,Yes,No,No,No,Month-to-month,Yes,Electronic check,75.15,525.0,No,0.8288,1,High,2026-08-01
6384-VMJHP,Female,No,No,No,72,Yes,No,DSL,Yes,Yes,Yes,Yes,No,Yes,Two year,Yes,Credit card (automatic),73.0,5265.2,No,0.0273,0,Low,2026-01-01
2262-SLNVK,Female,No,No,No,1,Yes,No,Fiber optic,No,No,No,No,No,No,Month-to-month,No,Electronic check,70.1,70.1,No,0.8083,1,High,2026-07-01
7730-CLDSV,Female,No,Yes,Yes,72,Yes,Yes,Fiber optic,No,Yes,Yes,Yes,No,Yes,Two year,Yes,Bank transfer (automatic),98.65,7129.45,No,0.117,0,Low,2025-11-01
1135-HIORI,Female,No,Yes,Yes,64,Yes,Yes,Fiber optic,No,Yes,Yes,Yes,Yes,Yes,One year,Yes,Electronic check,111.45,7266.95,No,0.3868,0,Medium,2026-06-01
0164-APGRB,Female,No,No,No,72,Yes,Yes,Fiber optic,Yes,Yes,Yes,Yes,Yes,Yes,Two year,Yes,Electronic check,114.9,8496.7,No,0.202,0,Low,2026-03-01
6481-ESCNL,Female,No,No,No,29,Yes,Yes,Fiber optic,No,No,Yes,No,Yes,Yes,Month-to-month,No,Bank transfer (automatic),100.55,2878.75,No,0.7283,0,High,2026-06-01
1790-NESIO,Female,No,No,No,13,Yes,No,No,No,No,No,No,No,No,Two year,Yes,Mailed check,20.4,261.3,No,0.1238,0,Low,2026-06-01
1550-EENBN,Female,No,No,No,31,Yes,Yes,Fiber optic,Yes,Yes,No,No,Yes,Yes,Month-to-month,No,Electronic check,104.35,3205.6,No,0.6866,0,High,2026-03-01
5539-TMZLF,Male,Yes,No,No,1,Yes,No,Fiber optic,No,No,No,No,No,No,Month-to-month,Yes,Electronic check,69.75,69.75,Yes,0.8842,1,High,2025-12-01
4323-SADQS,Male,No,Yes,Yes,7,No,No,DSL,Yes,No,No,Yes,No,No,Month-to-month,Yes,Electronic check,34.5,279.25,Yes,0.5648,0,Medium,2026-03-01
4446-BZKHU,Male,No,Yes,No,61,Yes,Yes,Fiber optic,No,Yes,Yes,No,Yes,Yes,Month-to-month,Yes,Electronic check,105.55,6281.45,Yes,0.6926,0,High,2026-06-01
5202-IVJNU,Female,No,No,Yes,39,No,No,DSL,No,No,Yes,No,No,No,Month-to-month,No,Credit card (automatic),30.1,1131.3,Yes,0.2598,0,Low,2026-08-01
5976-JCJRH,Male,No,Yes,No,10,Yes,No,Fiber optic,No,No,No,No,No,No,Month-to-month,Yes,Electronic check,70.3,738.2,Yes,0.8242,1,High,2026-08-01
8198-RKSZG,Female,No,Yes,Yes,14,Yes,Yes,DSL,No,Yes,No,Yes,Yes,Yes,Month-to-month,No,Credit card (automatic),80.45,1137.05,No,0.4592,0,Medium,2025-11-01
0137-OCGAB,Female,No,No,No,1,Yes,Yes,Fiber optic,No,Yes,No,No,No,No,Month-to-month,Yes,Mailed check,80.2,80.2,Yes,0.824,1,High,2026-04-01
3351-NQLDI,Female,No,Yes,Yes,67,Yes,Yes,Fiber optic,Yes,No,No,Yes,No,Yes,One year,Yes,Credit card (automatic),94.35,6341.45,Yes,0.1787,0,Low,2025-10-01
9297-EONCV,Female,No,No,No,72,Yes,Yes,DSL,Yes,Yes,Yes,Yes,Yes,Yes,Two year,Yes,Bank transfer (automatic),91.35,6697.2,No,0.0521,0,Low,2026-05-01
7593-JNWRU,Male,No,Yes,Yes,6,Yes,No,DSL,No,No,No,No,No,No,Month-to-month,Yes,Bank transfer (automatic),44.6,260.8,Yes,0.5745,0,Medium,2026-08-01
4588-YBNIB,Female,No,No,No,1,Yes,No,No,No,No,No,No,No,No,Month-to-month,Yes,Mailed check,19.6,19.6,Yes,0.4789,0,Medium,2025-09-01
1069-QJOEE,Male,No,Yes,Yes,25,Yes,No,No,No,No,No,No,No,No,One year,No,Electronic check,19.9,505.45,No,0.1076,0,Low,2026-04-01
3336-JORSO,Female,Yes,No,No,33,Yes,Yes,Fiber optic,No,Yes,Yes,Yes,Yes,Yes,Month-to-month,Yes,Electronic check,110.45,3655.45,Yes,0.7949,0,High,2026-08-01
7799-DSEWS,Male,No,No,No,18,Yes,No,DSL,Yes,No,Yes,Yes,Yes,No,Month-to-month,Yes,Electronic check,68.35,1299.8,No,0.4755,0,Medium,2026-07-01
8766-PAFNE,Male,No,Yes,No,71,Yes,No,DSL,No,Yes,Yes,Yes,Yes,Yes,Two year,Yes,Credit card (automatic),79.1,5564.85,No,0.0548,0,Low,2026-01-01
5315-CKEQK,Male,Yes,Yes,Yes,28,Yes,Yes,DSL,No,No,No,No,No,No,One year,Yes,Electronic check,51.0,1381.8,No,0.3941,0,Medium,2025-10-01
3130-ICDUP,Female,No,No,Yes,2,Yes,Yes,Fiber optic,Yes,No,No,No,No,No,Month-to-month,No,Credit card (automatic),80.55,188.1,No,0.6479,0,High,2026-08-01
0820-FNRNX,Male,No,Yes,Yes,17,Yes,Yes,DSL,No,Yes,Yes,Yes,No,No,Month-to-month,Yes,Mailed check,66.7,1077.05,No,0.4035,0,Medium,2026-08-01
0880-FVFWF,Male,No,No,No,56,Yes,Yes,Fiber optic,Yes,Yes,No,No,No,No,Month-to-month,Yes,Electronic check,86.4,4922.4,No,0.4789,0,Medium,2026-03-01
4611-ANLQC,Female,No,Yes,No,60,No,No,DSL,Yes,Yes,Yes,No,No,Yes,One year,No,Electronic check,50.05,2911.5,No,0.106,0,Low,2026-08-01
4213-HKBJO,Female,No,No,No,33,Yes,Yes,No,No,No,No,No,No,No,Two year,No,Credit card (automatic),25.7,826.1,No,0.0484,0,Low,2025-09-01
2792-LSHWX,Female,No,No,No,1,Yes,No,Fiber optic,Yes,Yes,No,Yes,No,No,Month-to-month,Yes,Mailed check,83.4,83.4,No,0.6287,0,High,2026-04-01
5028-GZLDO,Male,No,No,No,2,Yes,No,Fiber optic,No,No,No,No,No,No,Month-to-month,No,Credit card (automatic),70.7,140.7,Yes,0.7428,0,High,2025-09-01
0014-BMAQU,Male,No,Yes,No,63,Yes,Yes,Fiber optic,Yes,No,No,Yes,No,No,Two year,Yes,Credit card (automatic),84.65,5377.8,No,0.099,0,Low,2026-08-01
6861-XWTWQ,Male,Yes,Yes,No,7,Yes,Yes,Fiber optic,No,No,Yes,No,Yes,Yes,Month-to-month,Yes,Electronic check,99.25,665.45,Yes,0.9235,1,High,2026-05-01
9018-PCIOK,Female,No,No,No,55,Yes,No,DSL,No,Yes,Yes,No,No,Yes,Two year,Yes,Mailed check,64.75,3617.1,No,0.0912,0,Low,2026-07-01
4837-QUSFT,Female,No,Yes,No,65,Yes,Yes,Fiber optic,Yes,Yes,No,Yes,Yes,No,One year,Yes,Bank transfer (automatic),100.15,6643.5,No,0.1937,0,Low,2026-03-01
6877-TJMBR,Male,No,Yes,No,1,Yes,No,Fiber optic,No,No,No,Yes,Yes,No,Month-to-month,Yes,Electronic check,84.8,84.8,Yes,0.8361,1,High,2025-09-01
9953-ZMKSM,Male,No,No,No,63,Yes,Yes,No,No,No,No,No,No,No,Two year,No,Mailed check,25.25,1559.3,No,0.0154,0,Low,2025-09-01
0907-HQNTS,Female,Yes,Yes,No,70,Yes,Yes,Fiber optic,Yes,Yes,Yes,Yes,Yes,Yes,Two year,Yes,Credit card (automatic),113.0,7987.6,No,0.1755,0,Low,2026-01-01
7665-NKLAV,Female,No,Yes,Yes,36,No,No,DSL,Yes,No,Yes,Yes,No,No,Two year,No,Credit card (automatic),40.65,1547.35,No,0.0477,0,Low,2026-05-01
6769-DCQLI,Male,No,No,No,52,Yes,No,Fiber optic,No,Yes,Yes,Yes,Yes,Yes,One year,Yes,Bank transfer (automatic),105.0,5426.85,Yes,0.3479,0,Medium,2025-10-01
2433-KMEAS,Male,No,No,No,22,Yes,Yes,DSL,Yes,No,No,No,No,No,Month-to-month,Yes,Electronic check,54.45,1127.35,Yes,0.5345,0,Medium,2026-07-01
4391-LNRXK,Male,No,No,No,22,Yes,No,Fiber optic,No,Yes,Yes,Yes,No,Yes,Month-to-month,Yes,Bank transfer (automatic),94.95,2142.8,No,0.6431,0,High,2025-11-01
8250-ZNGGW,Female,Yes,No,No,5,Yes,No,DSL,Yes,Yes,No,Yes,No,No,Month-to-month,No,Credit card (automatic),59.9,287.85,No,0.3559,0,Medium,2026-02-01
2195-ZRVAX,Female,No,Yes,No,47,Yes,No,Fiber optic,No,No,Yes,No,No,Yes,Month-to-month,Yes,Electronic check,85.3,4045.65,Yes,0.6761,0,High,2025-11-01
3550-SAHFP,Female,No,No,No,33,Yes,Yes,Fiber optic,No,No,No,No,No,Yes,Month-to-month,Yes,Electronic check,83.35,2757.85,Yes,0.8049,1,High,2026-02-01
2011-TRQYE,Male,No,No,No,18,No,No,DSL,No,Yes,Yes,No,No,No,Month-to-month,Yes,Credit card (automatic),33.5,600.0,Yes,0.5699,0,Medium,2026-02-01
8562-GHPPI,Female,No,No,No,1,Yes,No,No,No,No,No,No,No,No,Month-to-month,No,Credit card (automatic),19.8,19.8,No,0.3751,0,Medium,2025-09-01
5893-PYOLZ,Male,No,No,No,56,Yes,No,DSL,No,Yes,Yes,Yes,Yes,Yes,Two year,Yes,Credit card (automatic),81.8,4534.45,No,0.0838,0,Low,2026-03-01
4986-MXSFP,Female,No,No,No,2,Yes,No,No,No,No,No,No,No,No,Month-to-month,Yes,Mailed check,20.0,40.9,No,0.4672,0,Medium,2026-06-01
6131-FOYAS,Male,No,No,No,35,Yes,Yes,DSL,Yes,No,Yes,No,No,No,Month-to-month,Yes,Electronic check,59.6,2094.9,No,0.422,0,Medium,2026-08-01
3027-YNWZU,Female,No,Yes,No,64,Yes,Yes,No,No,No,No,No,No,No,Two year,No,Credit card (automatic),25.0,1584.8,No,0.0137,0,Low,2025-12-01
5609-IMCGG,Female,No,No,No,15,Yes,Yes,Fiber optic,Yes,No,Yes,No,No,No,Month-to-month,Yes,Credit card (automatic),84.35,1302.65,No,0.6919,0,High,2026-07-01
4873-ILOLJ,Male,No,No,No,24,Yes,No,Fiber optic,No,No,No,No,Yes,Yes,Month-to-month,Yes,Electronic check,90.35,2238.5,Yes,0.8426,1,High,2026-07-01
4727-MCYZG,Male,No,No,No,1,Yes,No,DSL,No,No,No,No,No,Yes,Month-to-month,No,Mailed check,55.55,55.55,No,0.6621,0,High,2026-08-01
9481-WHGWY,Female,No,Yes,Yes,70,Yes,No,DSL,Yes,No,No,Yes,Yes,Yes,Two year,No,Credit card (automatic),75.35,5437.75,No,0.025,0,Low,2026-01-01
2725-KXXWT,Male,No,Yes,No,1,Yes,No,Fiber optic,No,No,No,No,Yes,Yes,Month-to-month,Yes,Electronic check,90.75,90.75,Yes,0.9059,1,High,2026-07-01
9565-DJPIB,Female,No,No,Yes,4,Yes,Yes,Fiber optic,No,Yes,No,No,Yes,No,Month-to-month,No,Mailed check,89.6,365.65,Yes,0.7404,0,High,2026-03-01
4328-VUFWD,Female,No,No,No,39,Yes,No,DSL,No,No,No,Yes,No,Yes,One year,No,Electronic check,59.3,2209.15,No,0.1936,0,Low,2025-09-01
3301-LSLWQ,Female,No,No,No,29,Yes,Yes,DSL,Yes,No,No,No,No,Yes,Month-to-month,Yes,Electronic check,66.1,1912.15,No,0.5533,0,Medium,2025-12-01
7473-ZBDSN,Female,No,Yes,Yes,14,Yes,No,No,No,No,No,No,No,No,Two year,No,Mailed check,18.8,255.55,No,0.069,0,Low,2026-05-01
3166-PNEOF,Female,No,No,No,61,Yes,Yes,DSL,Yes,No,Yes,Yes,Yes,Yes,Two year,No,Credit card (automatic),86.45,5175.3,No,0.0519,0,Low,2025-10-01
5639-NTUPK,Male,No,No,Yes,13,Yes,No,DSL,Yes,No,No,No,No,No,Month-to-month,Yes,Credit card (automatic),52.1,670.65,No,0.406,0,Medium,2026-02-01
8780-YRMTT,Female,No,No,No,66,No,No,DSL,Yes,Yes,Yes,Yes,No,No,Two year,Yes,Mailed check,47.4,3177.25,No,0.027,0,Low,2026-06-01
8348-HFYIV,Male,No,No,No,2,No,No,DSL,No,No,Yes,No,Yes,Yes,Month-to-month,Yes,Electronic check,49.25,90.35,Yes,0.8702,1,High,2025-10-01
5140-FOMCQ,Female,No,Yes,No,59,Yes,Yes,Fiber optic,Yes,Yes,Yes,No,Yes,Yes,One year,Yes,Credit card (automatic),109.15,6557.75,No,0.3659,0,Medium,2026-02-01
6242-SGYTS,Male,No,Yes,Yes,62,Yes,Yes,Fiber optic,Yes,Yes,No,No,Yes,No,One year,Yes,Credit card (automatic),94.95,5791.85,No,0.215,0,Low,2025-11-01
8166-ORCHU,Male,Yes,Yes,No,33,Yes,No,Fiber optic,Yes,Yes,No,Yes,No,Yes,One year,Yes,Electronic check,93.55,3055.5,No,0.4369,0,Medium,2026-03-01
8414-OOEEL,Male,No,No,Yes,66,Yes,No,DSL,No,Yes,Yes,Yes,Yes,Yes,Two year,Yes,Credit card (automatic),79.5,5196.1,No,0.0513,0,Low,2025-11-01
8454-AATJP,Female,No,No,No,72,Yes,Yes,Fiber optic,Yes,Yes,Yes,Yes,Yes,Yes,Two year,No,Credit card (automatic),115.05,8405.0,No,0.1062,0,Low,2026-08-01
6849-WLEYG,Male,No,No,Yes,1,Yes,No,No,No,No,No,No,No,No,Month-to-month,No,Mailed check,19.75,19.75,Yes,0.3382,0,Medium,2025-09-01
4659-NZRUF,Female,No,No,No,19,Yes,Yes,Fiber optic,Yes,Yes,No,No,No,Yes,Month-to-month,Yes,Electronic check,95.15,1789.25,Yes,0.7718,0,High,2026-08-01
4531-AUZNK,Female,No,Yes,Yes,51,Yes,Yes,Fiber optic,Yes,No,No,Yes,Yes,No,One year,Yes,Mailed check,95.15,5000.05,No,0.246,0,Low,2026-06-01
4191-XOVOM,Male,No,No,No,63,Yes,Yes,Fiber optic,No,Yes,No,Yes,Yes,Yes,Month-to-month,No,Electronic check,105.4,6713.2,No,0.5327,0,Medium,2026-07-01
2150-OEGBV,Male,No,No,No,27,Yes,No,No,No,No,No,No,No,No,One year,No,Bank transfer (automatic),20.1,562.6,No,0.0885,0,Low,2026-07-01
8429-XIBUM,Male,No,No,No,22,Yes,Yes,Fiber optic,Yes,No,No,No,Yes,Yes,Month-to-month,Yes,Bank transfer (automatic),101.35,2317.1,Yes,0.7671,0,High,2025-11-01
1855-CFULU,Female,Yes,No,No,4,Yes,No,No,No,No,No,No,No,No,Month-to-month,No,Mailed check,20.05,91.45,No,0.4028,0,Medium,2026-08-01
4878-BUNFV,Male,No,Yes,Yes,42,Yes,No,No,No,No,No,No,No,No,Two year,No,Mailed check,20.7,828.85,No,0.0219,0,Low,2026-04-01
1872-EBWSC,Female,No,No,No,29,Yes,No,No,No,No,No,No,No,No,One year,No,Mailed check,20.35,617.35,No,0.0852,0,Low,2026-08-01
2608-BHKFN,Female,No,No,No,4,Yes,No,Fiber optic,No,No,No,No,No,No,Month-to-month,Yes,Credit card (automatic),70.05,266.9,Yes,0.7954,0,High,2026-07-01
7026-YMSBE,Male,No,No,No,30,Yes,No,No,No,No,No,No,No,No,One year,No,Mailed check,19.7,625.05,No,0.0837,0,Low,2026-03-01
7341-LXCAF,Male,No,Yes,No,4,Yes,Yes,Fiber optic,No,No,No,No,No,No,Month-to-month,Yes,Electronic check,74.65,301.4,Yes,0.8765,1,High,2026-01-01
6997-UVGOX,Male,No,Yes,Yes,71,Yes,No,DSL,Yes,Yes,Yes,Yes,Yes,Yes,Two year,No,Bank transfer (automatic),85.45,6029.9,No,0.0216,0,Low,2025-10-01
9674-EHPPG,Male,No,Yes,No,46,No,No,DSL,Yes,No,Yes,Yes,No,No,Two year,No,Credit card (automatic),40.4,1842.7,No,0.0411,0,Low,2025-10-01
9462-MJUAW,Male,No,No,No,4,Yes,Yes,DSL,No,No,No,No,No,No,Month-to-month,No,Mailed check,50.4,206.6,Yes,0.6278,0,High,2026-01-01
8128-YVJRG,Female,No,No,No,7,Yes,Yes,Fiber optic,Yes,No,No,No,No,No,Month-to-month,Yes,Mailed check,79.65,604.7,Yes,0.7559,0,High,2026-06-01
5440-VHLUL,Male,No,No,No,69,Yes,Yes,Fiber optic,No,Yes,No,Yes,Yes,Yes,One year,Yes,Bank transfer (automatic),105.2,7386.05,No,0.3286,0,Medium,2026-03-01
5781-BKHOP,Female,No,Yes,No,72,Yes,Yes,Fiber optic,Yes,Yes,Yes,No,Yes,No,Two year,No,Bank transfer (automatic),100.65,7334.05,No,0.0919,0,Low,2026-02-01
4283-FUTGF,Male,Yes,No,No,19,Yes,Yes,Fiber optic,No,No,Yes,No,No,No,Month-to-month,Yes,Electronic check,79.85,1471.75,Yes,0.8409,1,High,2025-11-01
5213-TWWJU,Male,No,No,No,28,Yes,No,Fiber optic,No,No,Yes,Yes,No,Yes,Month-to-month,No,Electronic check,91.0,2626.15,No,0.6418,0,High,2026-03-01
1569-TTNYJ,Male,No,Yes,No,5,Yes,Yes,Fiber optic,No,Yes,No,No,No,No,Month-to-month,Yes,Electronic check,78.75,412.1,Yes,0.8537,1,High,2026-04-01
8628-MFKAX,Female,Yes,Yes,No,72,Yes,Yes,Fiber optic,Yes,Yes,Yes,Yes,Yes,Yes,Two year,Yes,Credit card (automatic),116.75,8277.05,No,0.1654,0,Low,2026-08-01
2397-BRLOM,Male,Yes,Yes,Yes,8,Yes,No,Fiber optic,No,No,No,No,Yes,No,Month-to-month,Yes,Credit card (automatic),80.45,583.45,Yes,0.8004,1,High,2026-05-01
7629-WIXZF,Female,No,No,No,7,Yes,No,DSL,Yes,No,No,No,No,Yes,One year,Yes,Electronic check,59.1,369.25,No,0.4966,0,Medium,2026-04-01
5445-GLVOT,Female,No,No,No,22,Yes,No,DSL,Yes,No,No,No,No,No,Month-to-month,Yes,Electronic check,49.8,1049.05,No,0.4689,0,Medium,2026-07-01
3976-HXHCE,Male,No,No,No,72,Yes,No,No,No,No,No,No,No,No,Two year,No,Bank transfer (automatic),19.3,1414.8,No,0.0075,0,Low,2026-02-01
2466-NEJOJ,Male,No,Yes,Yes,8,Yes,No,No,No,No,No,No,No,No,Month-to-month,No,Credit card (automatic),19.65,169.75,No,0.2637,0,Low,2026-08-01
0254-KCJGT,Male,No,Yes,No,52,Yes,Yes,DSL,Yes,Yes,Yes,Yes,No,Yes,One year,Yes,Credit card (automatic),81.4,4354.45,No,0.118,0,Low,2026-01-01
5472-CVMDX,Female,No,No,No,68,No,No,DSL,Yes,No,Yes,Yes,No,No,Two year,No,Mailed check,38.9,2719.2,No,0.0192,0,Low,2025-10-01
6461-SZMCV,Female,No,Yes,No,71,Yes,Yes,DSL,Yes,Yes,Yes,Yes,Yes,Yes,Two year,No,Bank transfer (automatic),87.95,6365.35,No,0.0364,0,Low,2026-02-01
8150-QUDFX,Male,No,No,No,2,Yes,No,No,No,No,No,No,No,No,Month-to-month,No,Mailed check,19.85,51.6,No,0.3815,0,Medium,2025-10-01
9508-ILZDG,Female,Yes,No,No,34,Yes,Yes,Fiber optic,No,Yes,No,Yes,Yes,No,Month-to-month,Yes,Electronic check,96.35,3190.25,No,0.7273,0,High,2025-10-01
2346-DJQTB,Female,No,No,No,35,No,No,DSL,No,No,No,No,No,No,Month-to-month,No,Electronic check,24.15,812.5,No,0.4315,0,Medium,2026-07-01
1697-LYYYX,Female,No,Yes,Yes,61,Yes,No,No,No,No,No,No,No,No,One year,No,Credit card (automatic),19.1,1143.8,No,0.0173,0,Low,2026-06-01
1942-OQFRW,Male,No,No,No,1,Yes,No,DSL,No,No,No,No,No,No,Month-to-month,No,Electronic check,44.0,44.0,No,0.6751,0,High,2025-11-01
4749-VFKVB,Female,No,No,No,1,Yes,Yes,DSL,No,No,No,No,No,No,Month-to-month,Yes,Mailed check,50.1,50.1,Yes,0.7288,0,High,2026-07-01
9640-ZSLDC,Female,No,Yes,Yes,53,Yes,No,DSL,No,No,Yes,No,No,Yes,One year,No,Credit card (automatic),60.6,3297.0,No,0.1058,0,Low,2025-09-01
4231-LZUYM,Female,No,Yes,No,72,Yes,Yes,No,No,No,No,No,No,No,Two year,No,Bank transfer (automatic),25.65,1887.0,No,0.0099,0,Low,2025-12-01
7598-UAASY,Male,No,Yes,No,2,Yes,No,Fiber optic,No,No,Yes,No,No,No,Month-to-month,No,Electronic check,76.4,151.8,Yes,0.7939,0,High,2026-05-01
7938-OUHIO,Male,No,No,No,3,Yes,No,Fiber optic,No,No,Yes,Yes,Yes,Yes,Month-to-month,Yes,Electronic check,98.7,293.65,Yes,0.8602,1,High,2025-12-01
8510-AWCXC,Female,Yes,No,No,13,Yes,Yes,Fiber optic,Yes,No,No,No,Yes,Yes,Month-to-month,Yes,Electronic check,100.8,1308.1,Yes,0.8749,1,High,2026-05-01
6128-AQBMT,Male,Yes,Yes,No,41,No,No,DSL,No,Yes,Yes,No,Yes,Yes,Month-to-month,Yes,Electronic check,53.95,2215.4,No,0.6328,0,High,2026-07-01
3594-BDSOA,Female,No,Yes,No,24,Yes,No,No,No,No,No,No,No,No,One year,No,Credit card (automatic),20.4,482.8,No,0.0972,0,Low,2025-09-01
0431-APWVY,Female,No,Yes,Yes,28,Yes,No,Fiber optic,No,No,No,No,Yes,Yes,One year,Yes,Bank transfer (automatic),90.1,2598.95,Yes,0.5557,0,Medium,2025-09-01
5133-VRSAB,Male,No,No,No,8,No,No,DSL,Yes,No,No,No,No,No,Month-to-month,No,Mailed check,29.35,216.45,No,0.5332,0,Medium,2026-08-01
5996-DAOQL,Male,No,No,No,1,Yes,No,No,No,No,No,No,No,No,Month-to-month,Yes,Mailed check,20.45,20.45,No,0.4812,0,Medium,2026-03-01
6838-YAUVY,Female,No,No,No,54,Yes,Yes,Fiber optic,No,No,Yes,Yes,No,Yes,Two year,Yes,Bank transfer (automatic),95.1,5064.85,No,0.2264,0,Low,2026-03-01
0484-JPBRU,Male,No,No,No,41,Yes,Yes,No,No,No,No,No,No,No,Month-to-month,Yes,Bank transfer (automatic),25.25,996.45,No,0.1707,0,Low,2026-02-01
7883-ROJOC,Female,No,Yes,No,19,Yes,No,DSL,No,No,No,No,No,No,Month-to-month,No,Mailed check,44.9,839.65,No,0.4281,0,Medium,2026-02-01
0244-LGNFY,Female,No,Yes,Yes,72,Yes,Yes,DSL,Yes,Yes,Yes,Yes,Yes,Yes,Two year,No,Bank transfer (automatic),92.65,6733.0,No,0.0287,0,Low,2026-05-01
7274-CGTOD,Male,No,No,No,62,No,No,DSL,Yes,Yes,Yes,Yes,No,No,Two year,Yes,Bank transfer (automatic),43.7,2618.3,No,0.0287,0,Low,2026-03-01
4295-YURET,Female,Yes,Yes,Yes,56,Yes,No,DSL,Yes,No,No,Yes,Yes,Yes,Two year,Yes,Credit card (automatic),72.6,4084.35,No,0.0625,0,Low,2025-10-01
3426-NIYYL,Male,No,No,No,15,Yes,Yes,DSL,No,No,No,No,No,No,Month-to-month,No,Electronic check,51.55,765.5,Yes,0.6051,0,High,2026-04-01
8225-BTJAU,Male,Yes,No,No,10,Yes,No,Fiber optic,No,No,No,No,No,Yes,Month-to-month,Yes,Electronic check,79.25,793.55,Yes,0.8852,1,High,2026-05-01
4635-EJYPD,Male,No,Yes,Yes,32,Yes,No,No,No,No,No,No,No,No,Two year,No,Mailed check,18.95,613.95,No,0.0338,0,Low,2025-10-01
1866-ZSLJM,Male,No,No,No,21,Yes,No,No,No,No,No,No,No,No,Month-to-month,No,Credit card (automatic),20.5,402.85,No,0.2046,0,Low,2026-01-01
4636-TVXVG,Male,No,Yes,Yes,62,Yes,No,No,No,No,No,No,No,No,One year,No,Bank transfer (automatic),19.95,1244.8,No,0.0168,0,Low,2026-06-01
4236-UJPWO,Female,No,No,No,2,No,No,DSL,No,No,No,No,No,No,Month-to-month,No,Electronic check,24.5,46.4,No,0.7514,0,High,2026-04-01
9392-XBGTD,Male,No,No,Yes,27,Yes,No,No,No,No,No,No,No,No,Two year,No,Mailed check,20.6,581.85,No,0.0418,0,Low,2025-10-01
3387-VATUS,Male,No,No,No,5,Yes,Yes,Fiber optic,No,No,No,No,Yes,Yes,Month-to-month,Yes,Bank transfer (automatic),94.85,462.8,Yes,0.884,1,High,2025-09-01
6402-SSEJG,Female,No,No,No,25,No,No,DSL,Yes,Yes,Yes,No,Yes,Yes,One year,No,Electronic check,61.05,1540.2,No,0.352,0,Medium,2026-03-01
1143-NMNQJ,Female,No,No,No,2,Yes,Yes,Fiber optic,No,No,No,No,No,Yes,Month-to-month,Yes,Electronic check,85.7,169.8,Yes,0.9065,1,High,2026-02-01
1169-SAOCL,Male,No,No,No,49,Yes,Yes,Fiber optic,No,Yes,No,Yes,Yes,Yes,One year,Yes,Bank transfer (automatic),106.65,5168.1,No,0.429,0,Medium,2026-08-01
1110-KYLGQ,Female,No,No,No,63,Yes,Yes,Fiber optic,Yes,Yes,Yes,No,Yes,Yes,Month-to-month,No,Credit card (automatic),108.25,6780.1,No,0.4198,0,Medium,2026-03-01
9929-PLVPA,Female,No,No,Yes,4,Yes,No,No,No,No,No,No,No,No,Month-to-month,No,Credit card (automatic),20.4,94.5,No,0.2951,0,Low,2026-08-01
3518-PZXZQ,Female,No,Yes,No,1,Yes,No,DSL,No,No,No,No,Yes,No,Month-to-month,Yes,Mailed check,55.3,55.3,No,0.7176,0,High,2025-11-01
2371-JUNGC,Male,No,No,No,11,Yes,No,No,No,No,No,No,No,No,Month-to-month,No,Mailed check,20.25,208.0,No,0.2937,0,Low,2026-02-01
7693-QPEFS,Male,Yes,No,No,52,Yes,Yes,Fiber optic,No,No,No,No,No,No,Month-to-month,Yes,Bank transfer (automatic),72.95,3829.75,No,0.5847,0,Medium,2025-10-01
0924-BJCRC,Female,Yes,Yes,No,60,Yes,Yes,Fiber optic,No,Yes,No,No,No,Yes,Month-to-month,No,Electronic check,89.45,5294.6,No,0.5814,0,Medium,2026-03-01
5074-FBGHB,Male,No,No,No,64,Yes,Yes,Fiber optic,No,No,Yes,Yes,Yes,Yes,One year,Yes,Credit card (automatic),104.65,6889.8,No,0.391,0,Medium,2025-11-01
2351-BKRZW,Female,No,Yes,Yes,43,Yes,No,DSL,Yes,No,Yes,No,Yes,Yes,Two year,No,Bank transfer (automatic),75.2,3254.35,No,0.0711,0,Low,2026-02-01
4455-BFSPD,Female,No,Yes,No,61,Yes,Yes,Fiber optic,No,No,No,Yes,Yes,Yes,One year,No,Bank transfer (automatic),101.15,6383.9,No,0.3114,0,Medium,2026-01-01
0415-MOSGF,Female,No,No,No,1,Yes,No,DSL,No,No,No,No,No,No,Month-to-month,No,Mailed check,44.4,44.4,Yes,0.5982,0,Medium,2025-11-01
1724-BQUHA,Male,Yes,No,No,5,Yes,No,Fiber optic,No,No,No,No,Yes,Yes,Month-to-month,Yes,Electronic check,89.5,477.7,Yes,0.9156,1,High,2025-10-01
3948-KXDUF,Male,No,No,No,66,Yes,Yes,DSL,Yes,Yes,Yes,Yes,No,No,Two year,No,Bank transfer (automatic),68.75,4447.55,No,0.0199,0,Low,2026-03-01
2323-ARSVR,Male,No,Yes,No,67,Yes,No,Fiber optic,Yes,Yes,Yes,Yes,Yes,Yes,Two year,Yes,Electronic check,111.05,7321.05,No,0.1638,0,Low,2026-08-01
0815-MFZGM,Female,No,Yes,No,42,Yes,No,Fiber optic,No,No,Yes,Yes,Yes,Yes,Two year,Yes,Credit card (automatic),99.0,4135.0,No,0.2886,0,Low,2025-11-01
4826-XTSOH,Male,Yes,Yes,No,1,Yes,Yes,Fiber optic,No,No,No,No,Yes,No,Month-to-month,Yes,Electronic check,86.05,86.05,Yes,0.9177,1,High,2026-01-01
5480-XTFFL,Female,No,Yes,Yes,31,Yes,No,No,No,No,No,No,No,No,Two year,No,Mailed check,21.0,697.7,No,0.0346,0,Low,2025-11-01
8295-FHIVV,Male,No,No,No,7,Yes,No,No,No,No,No,No,No,No,Month-to-month,Yes,Mailed check,19.4,168.65,No,0.4223,0,Medium,2026-06-01
2495-INZWQ,Male,No,No,No,4,No,No,DSL,No,No,No,No,Yes,Yes,Month-to-month,Yes,Electronic check,44.55,174.3,Yes,0.8674,1,High,2026-01-01
9086-YJYXS,Male,No,Yes,Yes,34,Yes,Yes,DSL,No,No,Yes,No,Yes,Yes,One year,No,Bank transfer (automatic),77.2,2753.8,No,0.275,0,Low,2026-08-01
1179-INLAT,Male,No,No,No,3,Yes,No,No,No,No,No,No,No,No,One year,Yes,Mailed check,19.45,69.25,No,0.296,0,Low,2025-11-01
7909-FIOIY,Female,No,Yes,Yes,19,No,No,DSL,No,No,No,No,No,No,Month-to-month,Yes,Mailed check,24.85,434.8,No,0.5525,0,Medium,2025-09-01
4139-SUGLD,Male,No,Yes,Yes,31,No,No,DSL,Yes,No,No,Yes,No,No,Month-to-month,No,Bank transfer (automatic),35.4,1077.5,Yes,0.1901,0,Low,2026-03-01
6857-VWJDT,Female,No,No,No,1,Yes,Yes,Fiber optic,No,No,No,No,Yes,Yes,Month-to-month,No,Mailed check,95.65,95.65,Yes,0.8577,1,High,2026-04-01
6351-SCJKT,Male,No,No,No,3,No,No,DSL,Yes,No,Yes,Yes,No,No,Month-to-month,No,Mailed check,41.35,107.25,No,0.4725,0,Medium,2026-08-01
5468-BPMMO,Male,No,Yes,No,46,Yes,No,No,No,No,No,No,No,No,Month-to-month,No,Electronic check,19.6,851.2,No,0.1112,0,Low,2026-07-01
5624-BQSSA,Female,No,No,No,1,Yes,No,No,No,No,No,No,No,No,Month-to-month,No,Mailed check,20.95,20.95,Yes,0.3837,0,Medium,2026-07-01
0197-PNKNK,Female,No,Yes,Yes,69,Yes,Yes,Fiber optic,Yes,No,Yes,No,No,No,One year,No,Bank transfer (automatic),84.45,5848.6,No,0.1127,0,Low,2026-04-01
2439-QKJUL,Male,No,No,No,5,Yes,No,No,No,No,No,No,No,No,Month-to-month,No,Mailed check,20.25,109.8,No,0.3506,0,Medium,2026-01-01
1194-SPVSP,Male,No,No,No,1,Yes,No,No,No,No,No,No,No,No,Month-to-month,No,Bank transfer (automatic),19.65,19.65,No,0.377,0,Medium,2026-02-01
9534-NSXEM,Male,No,No,No,26,Yes,No,No,No,No,No,No,No,No,One year,Yes,Credit card (automatic),20.65,595.5,No,0.1305,0,Low,2025-10-01
2408-WITXK,Female,Yes,No,No,10,No,No,DSL,No,No,No,No,No,Yes,Month-to-month,Yes,Electronic check,34.7,329.8,Yes,0.8358,1,High,2026-02-01
8929-KSWIH,Male,No,No,No,25,Yes,No,Fiber optic,No,No,Yes,Yes,Yes,Yes,Two year,No,Bank transfer (automatic),99.3,2513.5,No,0.3046,0,Medium,2026-01-01
2250-IVBWA,Male,No,Yes,Yes,64,Yes,No,Fiber optic,Yes,Yes,No,No,No,No,Month-to-month,No,Electronic check,81.05,5135.35,No,0.2231,0,Low,2025-09-01
1810-MVMAI,Male,No,Yes,Yes,30,Yes,Yes,DSL,Yes,Yes,Yes,Yes,No,No,Month-to-month,No,Electronic check,67.6,2000.2,No,0.2222,0,Low,2025-11-01
9506-UXUSK,Male,No,No,No,13,Yes,No,Fiber optic,No,No,No,No,No,No,Month-to-month,Yes,Electronic check,70.15,931.75,No,0.8115,1,High,2026-03-01
1229-RCALF,Female,No,Yes,No,64,Yes,Yes,Fiber optic,Yes,Yes,Yes,Yes,Yes,Yes,One year,Yes,Electronic check,115.0,7396.15,No,0.3488,0,Medium,2026-01-01
3572-UOLYZ,Female,No,No,Yes,46,Yes,Yes,Fiber optic,No,No,Yes,Yes,No,No,Month-to-month,Yes,Bank transfer (automatic),84.8,3958.85,No,0.4398,0,Medium,2026-08-01
1429-UYJSV,Female,No,No,No,12,Yes,No,No,No,No,No,No,No,No,One year,No,Mailed check,19.7,260.9,No,0.1619,0,Low,2026-02-01
5577-OTWWW,Female,No,No,No,15,Yes,No,No,No,No,No,No,No,No,Month-to-month,No,Bank transfer (automatic),19.75,297.3,Yes,0.2459,0,Low,2026-08-01
6100-QQHEB,Male,No,Yes,Yes,17,Yes,Yes,Fiber optic,No,No,No,No,Yes,Yes,Month-to-month,Yes,Electronic check,92.55,1515.1,Yes,0.8652,1,High,2026-04-01
6366-XIVKZ,Female,No,Yes,Yes,13,Yes,No,DSL,Yes,No,Yes,No,No,Yes,Month-to-month,Yes,Mailed check,63.15,816.8,No,0.4819,0,Medium,2025-09-01
3470-OBUET,Female,No,Yes,Yes,67,Yes,Yes,DSL,Yes,Yes,No,Yes,Yes,No,Two year,No,Credit card (automatic),74.0,4868.4,No,0.0205,0,Low,2025-11-01
2770-NSVDG,Male,No,Yes,No,24,No,No,DSL,No,No,Yes,No,No,No,Month-to-month,No,Electronic check,29.1,688.0,No,0.5421,0,Medium,2026-05-01
9375-MHRRS,Male,No,No,No,6,Yes,No,DSL,No,No,No,Yes,No,No,Month-to-month,No,Mailed check,50.05,288.35,No,0.4627,0,Medium,2026-03-01
2634-HCZGT,Male,Yes,Yes,No,53,Yes,Yes,DSL,Yes,No,No,Yes,No,No,One year,Yes,Electronic check,60.05,3229.65,Yes,0.1456,0,Low,2025-12-01
7503-QQRVF,Male,Yes,Yes,No,16,Yes,No,Fiber optic,No,Yes,No,No,No,No,Month-to-month,Yes,Credit card (automatic),74.3,1178.25,Yes,0.7359,0,High,2026-03-01
4860-YZGZM,Male,No,No,No,10,Yes,No,No,No,No,No,No,No,No,Month-to-month,No,Electronic check,20.0,185.4,No,0.3724,0,Medium,2026-07-01
6599-GZWCM,Female,No,No,No,13,Yes,No,Fiber optic,No,Yes,No,No,No,No,One year,Yes,Mailed check,74.65,966.25,No,0.56,0,Medium,2026-01-01
2691-NZETQ,Male,No,No,No,9,Yes,Yes,Fiber optic,No,No,No,No,Yes,No,Month-to-month,Yes,Electronic check,85.35,758.6,Yes,0.8817,1,High,2025-09-01
4404-HIBDJ,Female,No,No,No,25,Yes,No,DSL,Yes,Yes,Yes,Yes,Yes,No,One year,No,Mailed check,74.3,1863.8,Yes,0.1281,0,Low,2025-12-01
5533-NHFRF,Male,Yes,No,No,7,No,No,DSL,No,Yes,No,Yes,No,Yes,Month-to-month,Yes,Electronic check,44.4,265.8,No,0.7713,0,High,2026-08-01
7037-MTYVW,Male,No,Yes,Yes,38,Yes,Yes,DSL,Yes,No,Yes,Yes,Yes,Yes,Two year,Yes,Bank transfer (automatic),85.4,3297.0,No,0.1102,0,Low,2026-06-01
4760-THGOT,Female,No,Yes,No,43,Yes,Yes,Fiber optic,Yes,Yes,No,No,No,Yes,Month-to-month,Yes,Electronic check,94.1,4107.3,No,0.6476,0,High,2026-07-01
7295-JOMMD,Female,No,No,Yes,4,Yes,No,Fiber optic,No,No,Yes,Yes,Yes,Yes,Month-to-month,Yes,Bank transfer (automatic),98.1,396.3,Yes,0.765,0,High,2026-07-01
4016-BJKTZ,Female,No,No,No,25,Yes,Yes,Fiber optic,No,Yes,Yes,Yes,Yes,Yes,Two year,No,Electronic check,108.9,2809.05,No,0.4104,0,Medium,2025-10-01
6584-VQMYT,Male,No,No,Yes,27,Yes,No,DSL,Yes,Yes,No,No,No,No,One year,No,Mailed check,56.2,1567.55,No,0.1133,0,Low,2025-12-01
9838-BFCQT,Male,No,Yes,Yes,72,Yes,Yes,No,No,No,No,No,No,No,Two year,No,Mailed check,26.1,1851.45,No,0.0084,0,Low,2025-09-01
2790-XUYMV,Male,No,No,Yes,71,Yes,Yes,Fiber optic,Yes,Yes,No,No,No,No,One year,Yes,Credit card (automatic),85.45,6028.95,No,0.137,0,Low,2025-09-01
0581-MDMPW,Female,No,No,No,24,Yes,Yes,Fiber optic,No,No,Yes,No,Yes,No,Month-to-month,Yes,Credit card (automatic),88.95,2072.75,No,0.7647,0,High,2026-07-01
5013-SBUIH,Female,No,No,No,50,Yes,Yes,Fiber optic,Yes,Yes,No,Yes,Yes,Yes,Two year,Yes,Electronic check,109.65,5551.15,Yes,0.2807,0,Low,2026-08-01
1023-BQXZE,Male,No,No,No,57,Yes,No,DSL,Yes,No,Yes,No,Yes,Yes,Two year,Yes,Bank transfer (automatic),74.35,4317.35,No,0.0871,0,Low,2025-10-01
9163-GHAYE,Female,No,No,No,15,Yes,No,DSL,No,Yes,No,No,No,No,Month-to-month,No,Electronic check,48.85,736.8,No,0.5065,0,Medium,2026-05-01
3904-UKFRE,Male,No,No,No,4,Yes,Yes,Fiber optic,Yes,No,No,No,No,No,Month-to-month,Yes,Electronic check,80.1,336.15,No,0.8228,1,High,2026-03-01
5353-WILCI,Female,No,No,No,28,Yes,No,DSL,Yes,Yes,No,No,No,No,Month-to-month,No,Electronic check,56.05,1522.65,No,0.2946,0,Low,2025-09-01
0709-TVGUR,Female,Yes,No,No,9,Yes,Yes,Fiber optic,No,No,No,No,No,No,Month-to-month,Yes,Electronic check,74.55,622.9,Yes,0.8793,1,High,2026-07-01
0058-EVZWM,Female,No,Yes,No,55,Yes,Yes,Fiber optic,Yes,No,No,No,Yes,No,Month-to-month,Yes,Bank transfer (automatic),89.8,4959.6,No,0.4875,0,Medium,2026-07-01
6023-YEBUP,Male,No,No,No,3,Yes,Yes,Fiber optic,No,No,Yes,No,Yes,Yes,Month-to-month,Yes,Electronic check,100.95,329.95,Yes,0.9168,1,High,2026-03-01
7209-JCUDS,Male,No,No,No,10,Yes,No,Fiber optic,No,No,Yes,No,Yes,Yes,Month-to-month,Yes,Electronic check,94.9,1048.85,Yes,0.883,1,High,2026-05-01
7009-PCARS,Male,No,No,Yes,55,Yes,No,No,No,No,No,No,No,No,One year,No,Bank transfer (automatic),19.1,1001.5,No,0.0225,0,Low,2026-01-01
0519-DRGTI,Female,No,Yes,Yes,20,Yes,No,No,No,No,No,No,No,No,Month-to-month,No,Mailed check,20.35,442.6,No,0.181,0,Low,2026-06-01
1017-FBQMM,Female,No,Yes,Yes,62,Yes,Yes,Fiber optic,No,Yes,No,Yes,Yes,Yes,One year,Yes,Credit card (automatic),106.05,6703.5,No,0.3114,0,Medium,2026-02-01
3001-CBHLQ,Male,Yes,Yes,No,32,Yes,Yes,Fiber optic,No,No,Yes,Yes,Yes,Yes,Month-to-month,Yes,Electronic check,104.9,3351.55,Yes,0.8222,1,High,2026-08-01
1985-MBRYP,Female,No,No,No,43,Yes,No,No,No,No,No,No,No,No,Two year,Yes,Bank transfer (automatic),19.65,779.25,No,0.0352,0,Low,2025-09-01
6158-DWPZT,Male,No,Yes,No,9,No,No,DSL,No,No,No,No,No,No,One year,No,Bank transfer (automatic),24.1,259.8,Yes,0.4367,0,Medium,2025-11-01
9372-TXXPS,Female,No,Yes,No,60,Yes,No,DSL,Yes,Yes,No,Yes,No,No,Two year,No,Bank transfer (automatic),59.85,3483.45,No,0.0173,0,Low,2026-08-01
3259-QMXUN,Male,No,Yes,No,58,Yes,Yes,DSL,Yes,Yes,Yes,No,Yes,Yes,Two year,Yes,Electronic check,86.1,4890.5,No,0.1316,0,Low,2025-12-01
1015-JPFYW,Male,No,No,Yes,7,Yes,No,No,No,No,No,No,No,No,One year,No,Mailed check,19.45,136.75,No,0.162,0,Low,2025-12-01
6645-MXQJT,Male,No,Yes,Yes,2,Yes,No,Fiber optic,Yes,No,No,No,Yes,Yes,Month-to-month,No,Electronic check,97.1,184.15,No,0.7653,0,High,2026-06-01
4360-QRAVE,Male,Yes,No,No,37,No,No,DSL,No,Yes,Yes,No,No,No,Month-to-month,No,Electronic check,36.65,1315.0,No,0.4234,0,Medium,2025-11-01
8433-WPJTV,Female,Yes,Yes,Yes,65,Yes,Yes,Fiber optic,No,No,Yes,Yes,Yes,Yes,One year,Yes,Bank transfer (automatic),103.9,6767.1,No,0.3579,0,Medium,2026-03-01
5804-JMYIO,Female,No,Yes,Yes,39,Yes,No,No,No,No,No,No,No,No,Two year,No,Mailed check,19.75,757.95,No,0.0246,0,Low,2025-12-01
3763-GCZHZ,Male,No,Yes,No,66,Yes,Yes,Fiber optic,No,Yes,No,Yes,Yes,Yes,One year,Yes,Electronic check,104.05,6890.0,Yes,0.4229,0,Medium,2025-11-01
6484-LATFU,Male,No,No,No,68,Yes,Yes,No,No,No,No,No,No,No,Two year,No,Mailed check,24.55,1657.4,No,0.0126,0,Low,2026-08-01
7599-NTMDP,Female,No,Yes,Yes,62,No,No,DSL,Yes,Yes,No,Yes,Yes,No,Two year,No,Bank transfer (automatic),48.7,3008.55,No,0.0212,0,Low,2025-11-01
0772-GYEQQ,Male,No,No,No,3,Yes,No,Fiber optic,No,No,Yes,Yes,Yes,No,Month-to-month,Yes,Mailed check,88.35,262.05,Yes,0.775,0,High,2025-10-01
0536-ACXIP,Female,No,Yes,No,72,Yes,Yes,Fiber optic,Yes,Yes,Yes,No,Yes,Yes,Two year,Yes,Electronic check,109.55,8165.1,No,0.2538,0,Low,2026-05-01
0936-NQLJU,Female,No,Yes,No,41,Yes,No,No,No,No,No,No,No,No,Two year,No,Credit card (automatic),20.65,875.55,No,0.0272,0,Low,2026-07-01
4831-EOBFE,Male,No,Yes,Yes,29,Yes,No,Fiber optic,Yes,No,No,No,Yes,Yes,Month-to-month,No,Credit card (automatic),94.65,2649.15,Yes,0.5325,0,Medium,2025-10-01
1575-KRZZE,Female,No,No,No,4,Yes,No,DSL,Yes,Yes,No,No,No,No,Month-to-month,No,Electronic check,55.2,220.65,No,0.4941,0,Medium,2026-05-01
3251-YMVWZ,Male,No,No,No,53,Yes,Yes,No,No,No,No,No,No,No,One year,No,Bank transfer (automatic),24.05,1301.9,No,0.0407,0,Low,2026-03-01
4102-OQUPX,Male,Yes,Yes,No,1,Yes,Yes,Fiber optic,No,No,No,No,No,No,Month-to-month,Yes,Electronic check,74.4,74.4,Yes,0.9046,1,High,2026-06-01
9170-GYZJC,Female,No,Yes,Yes,41,Yes,Yes,DSL,Yes,Yes,Yes,Yes,No,Yes,Month-to-month,No,Credit card (automatic),79.9,3326.2,Yes,0.1665,0,Low,2025-10-01
4884-LEVMQ,Male,No,Yes,No,39,Yes,No,No,No,No,No,No,No,No,Two year,Yes,Bank transfer (automatic),20.45,790.0,No,0.0423,0,Low,2026-08-01
8857-CUPFQ,Male,No,Yes,No,63,Yes,No,No,No,No,No,No,No,No,Two year,No,Mailed check,19.25,1237.65,No,0.0115,0,Low,2026-04-01
7610-TVOPG,Male,No,No,No,15,Yes,Yes,No,No,No,No,No,No,No,Month-to-month,Yes,Electronic check,26.35,378.6,No,0.4669,0,Medium,2026-07-01
3638-DIMPH,Female,No,Yes,No,13,Yes,No,DSL,No,No,No,No,No,No,One year,No,Electronic check,43.8,592.65,No,0.3875,0,Medium,2026-01-01
1845-ZLLIG,Male,No,No,No,1,Yes,No,DSL,No,Yes,No,No,No,No,Month-to-month,Yes,Mailed check,50.15,50.15,No,0.6457,0,High,2026-08-01
8559-WNQZS,Male,No,No,No,1,Yes,No,No,No,No,No,No,No,No,Two year,No,Mailed check,20.45,20.45,No,0.1418,0,Low,2026-04-01
3999-QGRJH,Male,Yes,No,No,8,Yes,No,Fiber optic,No,No,No,No,No,No,Month-to-month,Yes,Electronic check,69.7,560.85,Yes,0.8597,1,High,2025-10-01
1699-UOTXU,Male,No,No,No,60,Yes,No,DSL,Yes,Yes,Yes,No,No,No,Two year,No,Electronic check,61.4,3638.25,No,0.0356,0,Low,2026-08-01
2454-RPBRZ,Female,Yes,Yes,No,12,Yes,Yes,Fiber optic,No,Yes,Yes,No,Yes,No,Month-to-month,Yes,Electronic check,98.1,1060.2,Yes,0.862,1,High,2026-06-01
0635-WKOLD,Male,No,Yes,No,40,Yes,Yes,DSL,No,Yes,No,Yes,Yes,No,One year,No,Credit card (automatic),70.75,2921.75,No,0.1506,0,Low,2025-12-01
5993-JSUWV,Female,No,No,No,66,Yes,No,DSL,Yes,Yes,Yes,No,No,No,Two year,Yes,Bank transfer (automatic),61.15,4017.45,No,0.029,0,Low,2026-03-01
4518-FZBSX,Male,No,Yes,Yes,42,Yes,No,No,No,No,No,No,No,No,One year,No,Mailed check,20.25,854.9,No,0.0409,0,Low,2026-01-01
5387-ASZNZ,Female,Yes,No,No,66,Yes,Yes,DSL,Yes,Yes,No,Yes,No,No,One year,Yes,Credit card (automatic),63.85,4174.35,No,0.0625,0,Low,2026-03-01
6988-CJEYV,Male,No,No,No,49,Yes,Yes,Fiber optic,No,Yes,No,No,Yes,Yes,Month-to-month,No,Electronic check,98.7,4920.55,No,0.6866,0,High,2026-08-01
2002-MZHWP,Female,No,No,No,1,Yes,No,No,No,No,No,No,No,No,Month-to-month,No,Mailed check,20.5,20.5,Yes,0.3849,0,Medium,2026-07-01
3097-FQTVJ,Female,No,No,No,41,Yes,No,No,No,No,No,No,No,No,Two year,No,Mailed check,20.0,810.3,No,0.0286,0,Low,2025-11-01
5465-BUBFA,Female,No,Yes,Yes,41,Yes,No,No,No,No,No,No,No,No,Two year,No,Bank transfer (automatic),19.3,772.4,No,0.0213,0,Low,2026-08-01
7299-GNVPL,Female,No,Yes,Yes,23,Yes,No,Fiber optic,Yes,Yes,No,Yes,No,No,Month-to-month,No,Mailed check,84.4,1936.85,No,0.3274,0,Medium,2026-02-01
9743-DQKQW,Male,No,No,No,3,No,No,DSL,No,No,No,No,No,No,Month-to-month,No,Electronic check,25.1,79.8,No,0.7462,0,High,2026-05-01
1215-VFYVK,Female,No,No,No,4,No,No,DSL,Yes,No,Yes,Yes,No,Yes,Month-to-month,No,Mailed check,48.25,202.25,No,0.5366,0,Medium,2026-06-01
9371-BITHB,Female,No,Yes,Yes,52,Yes,No,No,No,No,No,No,No,No,Two year,No,Mailed check,19.85,1070.5,No,0.0144,0,Low,2026-02-01
2265-CYWIV,Female,Yes,Yes,No,4,Yes,Yes,Fiber optic,Yes,No,No,No,Yes,Yes,Month-to-month,Yes,Electronic check,99.6,347.65,Yes,0.8962,1,High,2026-02-01
9093-FPDLG,Female,No,No,No,11,Yes,No,Fiber optic,No,Yes,Yes,Yes,No,Yes,Month-to-month,Yes,Electronic check,94.2,999.9,No,0.7707,0,High,2026-02-01
0541-FITGH,Female,No,Yes,No,2,Yes,No,DSL,Yes,No,No,No,No,Yes,Month-to-month,Yes,Mailed check,62.15,113.1,No,0.629,0,High,2026-07-01
6985-HAYWX,Female,No,Yes,No,26,Yes,Yes,Fiber optic,No,Yes,No,No,No,No,Month-to-month,No,Bank transfer (automatic),79.3,2015.8,No,0.5896,0,Medium,2026-01-01
7508-KBIMB,Male,No,Yes,Yes,24,Yes,No,DSL,Yes,No,Yes,No,No,No,One year,Yes,Credit card (automatic),56.25,1454.25,No,0.1827,0,Low,2025-12-01
6838-HVLXG,Female,No,No,No,12,Yes,No,No,No,No,No,No,No,No,Month-to-month,No,Mailed check,20.3,246.7,No,0.2818,0,Low,2026-01-01
2277-DJJDL,Male,Yes,Yes,No,60,Yes,Yes,Fiber optic,No,No,No,Yes,Yes,Yes,Month-to-month,Yes,Electronic check,99.0,6017.9,No,0.7057,0,High,2025-11-01
1897-OKVMW,Female,No,Yes,Yes,64,Yes,Yes,DSL,Yes,Yes,Yes,Yes,Yes,Yes,Two year,Yes,Mailed check,90.6,5817.45,No,0.0526,0,Low,2026-01-01
5485-ITNPC,Male,No,Yes,No,66,Yes,No,DSL,Yes,Yes,Yes,Yes,Yes,Yes,Two year,Yes,Bank transfer (automatic),85.9,5595.3,No,0.0441,0,Low,2025-10-01
0233-FTHAV,Female,No,No,No,60,Yes,Yes,Fiber optic,No,No,Yes,No,No,No,One year,Yes,Bank transfer (automatic),79.2,4765.0,No,0.3042,0,Medium,2025-10-01
4644-PIZRT,Male,No,Yes,Yes,17,Yes,Yes,DSL,Yes,No,Yes,No,Yes,No,One year,Yes,Bank transfer (automatic),70.35,1201.65,No,0.3046,0,Medium,2026-05-01
8922-NPKBJ,Male,No,Yes,Yes,42,Yes,No,No,No,No,No,No,No,No,Two year,No,Mailed check,19.35,867.3,No,0.0224,0,Low,2025-09-01
2740-TVLFN,Male,No,No,No,1,Yes,Yes,DSL,No,No,No,No,No,No,Month-to-month,Yes,Electronic check,50.15,50.15,No,0.7887,0,High,2026-03-01
7771-CFQRQ,Female,No,Yes,Yes,47,Yes,No,DSL,No,Yes,No,Yes,No,Yes,Two year,No,Bank transfer (automatic),63.8,3007.25,No,0.0454,0,Low,2026-06-01
9512-PHSMG,Female,No,Yes,No,10,Yes,No,No,No,No,No,No,No,No,Month-to-month,Yes,Mailed check,20.55,252.75,No,0.3826,0,Medium,2026-05-01
6963-EZQEE,Male,Yes,Yes,No,70,Yes,Yes,DSL,Yes,Yes,Yes,Yes,Yes,Yes,Two year,Yes,Credit card (automatic),88.55,6306.5,No,0.0662,0,Low,2026-02-01
2452-KDRRH,Male,Yes,No,No,67,Yes,Yes,Fiber optic,No,No,Yes,No,Yes,Yes,Month-to-month,Yes,Credit card (automatic),101.4,6841.05,No,0.663,0,High,2025-11-01
2004-OCQXK,Female,No,No,No,1,Yes,No,Fiber optic,No,No,No,No,No,Yes,Month-to-month,Yes,Electronic check,81.95,81.95,Yes,0.8872,1,High,2026-08-01
5027-QPKTE,Male,No,Yes,No,7,Yes,No,Fiber optic,No,No,No,No,No,No,Month-to-month,Yes,Electronic check,69.35,451.1,Yes,0.8365,1,High,2026-07-01
4146-SVFUD,Male,No,No,No,1,Yes,No,DSL,No,No,No,No,No,No,Month-to-month,No,Mailed check,44.6,44.6,No,0.6021,0,High,2026-04-01
1564-HJUVY,Male,No,No,No,4,Yes,No,DSL,No,Yes,No,Yes,Yes,No,Month-to-month,Yes,Bank transfer (automatic),63.75,226.2,No,0.5632,0,Medium,2025-10-01
3617-XLSGQ,Female,No,Yes,Yes,66,Yes,Yes,Fiber optic,Yes,Yes,Yes,No,Yes,Yes,Two year,No,Bank transfer (automatic),109.25,7082.5,No,0.118,0,Low,2025-09-01
7517-LDMPS,Female,No,No,No,12,Yes,No,Fiber optic,No,Yes,No,No,No,Yes,Month-to-month,Yes,Electronic check,84.6,1017.35,No,0.8316,1,High,2025-12-01
7244-KXYZN,Female,No,No,No,24,Yes,No,No,No,No,No,No,No,No,One year,No,Credit card (automatic),20.45,527.35,No,0.099,0,Low,2025-10-01
5226-NOZFC,Male,No,No,No,26,Yes,No,Fiber optic,No,Yes,No,No,Yes,No,Month-to-month,Yes,Electronic check,85.75,2146.5,No,0.7517,0,High,2026-07-01
2672-HUYVI,Female,No,No,No,6,Yes,No,Fiber optic,No,No,No,No,Yes,Yes,Month-to-month,Yes,Electronic check,91.1,455.3,Yes,0.8908,1,High,2025-11-01
1400-WIVLL,Male,No,Yes,No,57,Yes,Yes,Fiber optic,No,No,Yes,Yes,Yes,Yes,Two year,No,Electronic check,107.95,5969.85,No,0.266,0,Low,2025-12-01
7508-MYBOG,Male,No,Yes,No,14,Yes,Yes,Fiber optic,No,No,No,No,Yes,No,Month-to-month,Yes,Electronic check,86.1,1235.55,Yes,0.8653,1,High,2026-08-01
8148-NLEGT,Female,No,Yes,Yes,42,Yes,Yes,No,No,No,No,No,No,No,Two year,No,Electronic check,22.95,1014.25,No,0.0388,0,Low,2026-06-01
0148-DCDOS,Male,No,No,No,25,Yes,Yes,Fiber optic,No,No,No,No,Yes,Yes,Month-to-month,Yes,Bank transfer (automatic),94.7,2362.1,Yes,0.82,1,High,2025-11-01
8347-GDTMP,Female,No,Yes,No,64,Yes,No,No,No,No,No,No,No,No,Two year,No,Credit card (automatic),19.45,1225.65,No,0.0102,0,Low,2026-01-01
9992-RRAMN,Male,No,Yes,No,22,Yes,Yes,Fiber optic,No,No,No,No,No,Yes,Month-to-month,Yes,Electronic check,85.1,1873.7,Yes,0.8488,1,High,2026-03-01
6746-WAUWT,Male,No,No,No,19,Yes,No,No,No,No,No,No,No,No,One year,Yes,Credit card (automatic),19.7,386.5,No,0.1677,0,Low,2026-04-01
0310-MVLET,Female,No,Yes,Yes,61,Yes,Yes,Fiber optic,No,Yes,No,No,Yes,Yes,Month-to-month,Yes,Electronic check,99.15,6010.05,Yes,0.6397,0,High,2026-08-01
0428-IKYCP,Male,No,Yes,No,22,Yes,No,Fiber optic,No,No,Yes,No,Yes,No,Month-to-month,Yes,Bank transfer (automatic),87.0,1850.65,No,0.7235,0,High,2026-07-01
4550-VBOFE,Male,Yes,Yes,No,70,Yes,Yes,Fiber optic,No,Yes,Yes,No,Yes,Yes,Month-to-month,Yes,Electronic check,102.95,7101.5,Yes,0.6894,0,High,2026-08-01
2187-PKZAY,Male,No,No,No,12,Yes,No,Fiber optic,No,No,No,No,No,Yes,Month-to-month,Yes,Bank transfer (automatic),79.95,1043.4,No,0.8068,1,High,2025-09-01
4003-OCTMP,Female,No,Yes,No,31,Yes,No,DSL,Yes,No,No,Yes,No,Yes,One year,Yes,Electronic check,64.0,1910.75,No,0.2339,0,Low,2025-11-01
6652-YFFJO,Female,No,No,No,11,Yes,No,DSL,No,No,No,No,Yes,Yes,Month-to-month,Yes,Electronic check,64.9,716.1,No,0.7689,0,High,2026-03-01
7225-IILWY,Male,No,Yes,Yes,68,Yes,Yes,No,No,No,No,No,No,No,Two year,No,Mailed check,25.75,1686.15,No,0.0098,0,Low,2025-09-01
5248-RPYWW,Female,Yes,Yes,Yes,72,Yes,Yes,DSL,Yes,Yes,Yes,Yes,Yes,Yes,Two year,Yes,Bank transfer (automatic),90.15,6716.45,No,0.0508,0,Low,2026-01-01
7923-IYJWY,Male,Yes,No,No,67,Yes,Yes,Fiber optic,Yes,Yes,Yes,Yes,Yes,Yes,Two year,Yes,Credit card (automatic),116.1,7839.85,No,0.1909,0,Low,2025-10-01
3170-GWYKC,Female,No,No,No,60,Yes,No,Fiber optic,Yes,No,Yes,Yes,Yes,Yes,Month-to-month,Yes,Bank transfer (automatic),104.95,6236.75,No,0.4068,0,Medium,2026-08-01
5696-QURRL,Male,No,No,No,1,Yes,No,DSL,No,No,No,No,No,No,Month-to-month,Yes,Mailed check,45.05,45.05,Yes,0.6865,0,High,2025-09-01
7409-KIUTL,Female,Yes,No,Yes,1,Yes,No,Fiber optic,No,No,No,No,No,No,Month-to-month,Yes,Electronic check,71.0,71.0,Yes,0.8546,1,High,2025-10-01
9830-ECLEN,Male,No,Yes,Yes,58,No,No,DSL,Yes,Yes,Yes,No,Yes,No,One year,No,Mailed check,50.0,2919.85,No,0.0663,0,Low,2025-11-01
1732-VHUBQ,Female,Yes,Yes,Yes,47,Yes,No,Fiber optic,No,No,No,No,No,No,Month-to-month,No,Bank transfer (automatic),70.55,3309.25,Yes,0.3956,0,Medium,2025-10-01
0495-RVCBF,Female,No,No,No,1,Yes,No,Fiber optic,No,No,No,No,No,Yes,Month-to-month,Yes,Electronic check,79.7,79.7,Yes,0.8897,1,High,2026-03-01
2668-TZSPS,Male,No,No,No,1,Yes,No,No,No,No,No,No,No,No,Month-to-month,No,Mailed check,20.45,20.45,No,0.3894,0,Medium,2026-01-01
7854-EDSSA,Male,No,No,No,22,Yes,Yes,DSL,Yes,Yes,No,No,No,No,Month-to-month,No,Electronic check,59.0,1254.7,Yes,0.4046,0,Medium,2026-07-01
8869-TORSS,Female,No,No,No,48,Yes,No,DSL,Yes,No,Yes,Yes,No,No,One year,Yes,Credit card (automatic),60.35,2896.4,Yes,0.0792,0,Low,2025-12-01
7446-SFAOA,Female,No,Yes,No,37,Yes,No,No,No,No,No,No,No,No,One year,Yes,Bank transfer (automatic),19.85,717.5,No,0.0816,0,Low,2026-03-01
9522-ZSINC,Male,No,No,No,13,Yes,No,No,No,No,No,No,No,No,One year,Yes,Electronic check,19.95,253.8,No,0.2705,0,Low,2026-04-01
8234-GSZYK,Male,No,No,No,43,Yes,Yes,No,No,No,No,No,No,No,Two year,No,Bank transfer (automatic),26.45,1110.05,No,0.0327,0,Low,2026-04-01
6505-OZNPG,Female,No,No,No,6,No,No,DSL,Yes,Yes,Yes,Yes,Yes,Yes,Two year,Yes,Mailed check,63.4,348.8,No,0.2896,0,Low,2026-06-01
6164-HAQTX,Male,No,No,No,71,No,No,DSL,Yes,Yes,Yes,Yes,Yes,No,Two year,No,Bank transfer (automatic),53.95,3888.65,No,0.0206,0,Low,2025-11-01
0679-IDSTG,Female,Yes,Yes,Yes,1,Yes,No,Fiber optic,No,No,No,No,No,No,Month-to-month,Yes,Electronic check,69.25,69.25,Yes,0.8556,1,High,2026-03-01
7765-LWVVH,Female,No,Yes,Yes,72,Yes,Yes,Fiber optic,Yes,Yes,No,No,Yes,No,Two year,Yes,Electronic check,95.1,6843.15,No,0.139,0,Low,2026-06-01
1658-TJVOA,Female,Yes,No,No,6,Yes,No,Fiber optic,Yes,No,No,No,No,No,Month-to-month,Yes,Electronic check,74.1,450.9,No,0.8074,1,High,2026-07-01
0953-LGOVU,Male,No,Yes,Yes,12,No,No,DSL,No,Yes,No,Yes,No,No,Month-to-month,No,Mailed check,35.5,432.25,No,0.4054,0,Medium,2026-04-01
2115-BFTIW,Male,No,No,No,25,Yes,No,Fiber optic,No,No,No,No,No,No,Month-to-month,No,Mailed check,70.95,1767.35,Yes,0.5955,0,Medium,2026-04-01
4692-NNQRU,Female,No,Yes,No,21,Yes,No,Fiber optic,No,No,Yes,Yes,No,No,One year,No,Electronic check,79.2,1742.45,No,0.4304,0,Medium,2026-07-01
7742-MYPGI,Female,No,Yes,Yes,6,Yes,No,DSL,No,No,No,Yes,No,No,Month-to-month,Yes,Mailed check,48.8,297.35,No,0.4957,0,Medium,2026-04-01
0611-DFXKO,Male,No,Yes,No,20,Yes,No,Fiber optic,No,No,No,No,Yes,Yes,Month-to-month,Yes,Mailed check,89.0,1820.45,Yes,0.8124,1,High,2026-08-01
7780-OTDSO,Male,No,Yes,No,18,Yes,Yes,Fiber optic,Yes,No,No,No,Yes,Yes,Month-to-month,Yes,Electronic check,99.4,1742.95,Yes,0.8367,1,High,2025-10-01
9619-GSATL,Female,No,No,No,43,Yes,No,DSL,No,Yes,No,Yes,No,No,One year,No,Electronic check,55.45,2444.25,No,0.1165,0,Low,2026-01-01
5622-UEJFI,Female,No,Yes,Yes,35,Yes,Yes,No,No,No,No,No,No,No,Two year,Yes,Credit card (automatic),25.4,949.8,No,0.0518,0,Low,2025-10-01
9747-DDZOS,Female,No,No,No,1,Yes,No,Fiber optic,No,No,Yes,No,No,No,Month-to-month,No,Bank transfer (automatic),73.5,73.5,Yes,0.7372,0,High,2025-10-01
0674-DGMAQ,Male,Yes,Yes,No,32,Yes,Yes,Fiber optic,No,Yes,Yes,No,No,Yes,Month-to-month,Yes,Electronic check,93.5,2970.8,No,0.814,1,High,2026-02-01
6203-HBZPA,Male,No,No,No,52,No,No,DSL,Yes,Yes,Yes,Yes,Yes,Yes,Two year,No,Credit card (automatic),63.9,3334.95,No,0.0569,0,Low,2025-11-01
0484-FFVBJ,Male,No,No,No,32,Yes,No,DSL,No,No,No,No,Yes,Yes,One year,Yes,Bank transfer (automatic),64.85,2010.95,No,0.3614,0,Medium,2026-01-01
0301-FIDRB,Female,No,Yes,Yes,72,No,No,DSL,Yes,Yes,Yes,Yes,Yes,Yes,Two year,Yes,Bank transfer (automatic),63.8,4684.3,No,0.0341,0,Low,2026-02-01
4139-JPIAM,Male,No,No,No,51,No,No,DSL,Yes,No,No,Yes,No,Yes,Month-to-month,Yes,Credit card (automatic),44.45,2181.55,No,0.2243,0,Low,2026-04-01
2181-TIDSV,Male,No,Yes,Yes,68,Yes,No,No,No,No,No,No,No,No,Two year,Yes,Bank transfer (automatic),19.95,1303.25,No,0.01,0,Low,2026-08-01
2761-XECQW,Male,Yes,Yes,No,8,No,No,DSL,No,Yes,Yes,No,No,Yes,Month-to-month,Yes,Mailed check,43.35,371.4,No,0.7694,0,High,2026-07-01
1936-CZAKF,Male,No,Yes,No,49,No,No,DSL,No,Yes,No,No,Yes,Yes,Two year,No,Credit card (automatic),49.65,2409.9,No,0.1168,0,Low,2026-01-01
9453-PATOS,Female,No,Yes,No,72,Yes,No,DSL,Yes,Yes,Yes,Yes,Yes,Yes,Two year,No,Mailed check,85.1,6155.4,No,0.0278,0,Low,2025-12-01
0564-JJHGS,Male,No,No,No,9,Yes,Yes,Fiber optic,No,No,No,No,Yes,Yes,Month-to-month,Yes,Electronic check,95.5,829.1,Yes,0.908,1,High,2026-06-01
3348-CFRNX,Female,No,Yes,No,28,Yes,No,Fiber optic,Yes,No,No,No,Yes,Yes,Month-to-month,Yes,Mailed check,92.35,2602.9,Yes,0.6956,0,High,2025-10-01
4402-FTBXC,Male,No,No,No,54,Yes,No,Fiber optic,Yes,No,Yes,No,Yes,No,Month-to-month,No,Mailed check,89.8,4667.0,No,0.3474,0,Medium,2026-03-01
1428-GTBJJ,Male,No,No,No,11,Yes,No,Fiber optic,No,Yes,No,No,No,No,Month-to-month,Yes,Electronic check,74.55,824.75,Yes,0.7946,0,High,2026-02-01
2931-XIQBR,Female,No,Yes,Yes,50,Yes,No,Fiber optic,No,No,Yes,Yes,Yes,Yes,One year,No,Mailed check,103.05,5153.5,No,0.2654,0,Low,2025-11-01
0106-UGRDO,Female,No,Yes,No,69,Yes,Yes,Fiber optic,Yes,Yes,Yes,Yes,Yes,Yes,Two year,Yes,Electronic check,116.0,8182.85,No,0.2098,0,Low,2026-04-01
5542-TBBWB,Male,No,No,No,1,Yes,No,Fiber optic,No,No,No,No,No,No,Month-to-month,Yes,Electronic check,69.9,69.9,No,0.8623,1,High,2025-12-01
1930-QPBVZ,Male,No,Yes,Yes,68,Yes,No,Fiber optic,Yes,Yes,No,Yes,No,Yes,Two year,No,Bank transfer (automatic),95.1,6683.4,No,0.0517,0,Low,2025-11-01
2606-PKWJB,Male,No,No,Yes,40,No,No,DSL,Yes,Yes,No,Yes,No,No,One year,No,Mailed check,40.25,1564.05,No,0.0696,0,Low,2026-04-01
5322-ZSMZY,Male,No,Yes,Yes,31,Yes,Yes,No,No,No,No,No,No,No,Two year,No,Mailed check,25.75,755.6,No,0.0442,0,Low,2025-11-01
8059-UDZFY,Female,Yes,No,Yes,33,Yes,Yes,Fiber optic,No,Yes,Yes,No,Yes,Yes,Month-to-month,Yes,Bank transfer (automatic),105.35,3465.05,No,0.7483,0,High,2026-05-01
7740-BTPUX,Male,Yes,Yes,No,55,Yes,Yes,Fiber optic,No,Yes,Yes,Yes,Yes,Yes,Two year,Yes,Electronic check,113.6,6292.7,No,0.3851,0,Medium,2025-10-01
5220-AGAAX,Male,No,Yes,Yes,68,Yes,Yes,No,No,No,No,No,No,No,Two year,Yes,Bank transfer (automatic),24.0,1664.3,No,0.0136,0,Low,2026-02-01
0208-BPQEJ,Female,No,Yes,Yes,12,Yes,No,No,No,No,No,No,No,No,Month-to-month,No,Bank transfer (automatic),19.4,198.1,No,0.2249,0,Low,2026-06-01
9435-JMLSX,Male,No,Yes,No,71,Yes,No,DSL,Yes,Yes,Yes,Yes,Yes,Yes,Two year,Yes,Bank transfer (automatic),86.1,6045.9,No,0.0387,0,Low,2025-11-01
3352-ALMCK,Male,No,No,No,40,Yes,Yes,Fiber optic,No,Yes,Yes,No,Yes,Yes,Month-to-month,Yes,Mailed check,102.65,4108.15,No,0.7402,0,High,2026-06-01
5312-IRCFR,Female,No,Yes,Yes,64,Yes,Yes,Fiber optic,No,Yes,Yes,No,No,Yes,One year,Yes,Electronic check,92.85,5980.75,No,0.3747,0,Medium,2026-05-01
5294-IMHHT,Male,No,Yes,No,53,Yes,Yes,Fiber optic,No,Yes,No,Yes,No,Yes,One year,No,Bank transfer (automatic),97.75,5043.2,No,0.2536,0,Low,2026-07-01
8802-UNOJF,Male,Yes,No,No,12,Yes,No,Fiber optic,No,Yes,Yes,Yes,No,No,Month-to-month,Yes,Mailed check,83.8,1029.75,Yes,0.6928,0,High,2025-11-01
6313-GIDIT,Male,Yes,No,No,53,No,No,DSL,No,Yes,Yes,No,Yes,Yes,Month-to-month,Yes,Electronic check,54.45,2854.55,Yes,0.5317,0,Medium,2026-05-01
6176-YJWAS,Male,No,Yes,No,72,Yes,Yes,Fiber optic,Yes,Yes,Yes,No,Yes,No,Two year,Yes,Credit card (automatic),97.95,7114.25,No,0.1295,0,Low,2026-08-01
5310-NOOVA,Male,No,No,No,46,Yes,No,No,No,No,No,No,No,No,Two year,No,Electronic check,19.95,907.05,No,0.032,0,Low,2026-06-01
4526-EXKKN,Male,No,No,No,40,Yes,Yes,No,No,No,No,No,No,No,Two year,Yes,Mailed check,24.6,973.95,No,0.0562,0,Low,2025-11-01
5311-IHLEI,Male,No,No,No,12,No,No,DSL,Yes,Yes,No,Yes,Yes,No,Month-to-month,Yes,Bank transfer (automatic),50.95,605.75,No,0.4864,0,Medium,2026-06-01
3987-KQDDU,Male,No,No,No,9,Yes,No,Fiber optic,Yes,No,No,No,No,No,Month-to-month,No,Electronic check,75.6,661.55,No,0.6836,0,High,2025-10-01
3404-JNXAX,Female,No,Yes,Yes,51,Yes,Yes,Fiber optic,No,No,No,Yes,No,No,Month-to-month,Yes,Electronic check,80.75,4116.9,No,0.4907,0,Medium,2026-04-01
5131-PONJI,Male,No,Yes,Yes,49,Yes,No,Fiber optic,No,Yes,Yes,No,Yes,No,Month-to-month,Yes,Credit card (automatic),90.4,4494.65,No,0.4751,0,Medium,2026-02-01
2845-AFFTX,Male,Yes,Yes,No,41,Yes,Yes,Fiber optic,No,No,Yes,No,Yes,Yes,Month-to-month,Yes,Electronic check,99.8,4259.3,Yes,0.8441,1,High,2026-03-01
3489-VSFRD,Female,No,No,No,56,Yes,No,DSL,Yes,No,Yes,Yes,No,No,One year,Yes,Credit card (automatic),60.25,3282.75,No,0.0605,0,Low,2026-03-01
3345-JHUEO,Male,No,No,No,4,Yes,No,No,No,No,No,No,No,No,Month-to-month,Yes,Electronic check,20.2,55.7,No,0.5261,0,Medium,2025-09-01
5815-HGGHV,Male,No,Yes,No,20,Yes,No,DSL,Yes,No,No,Yes,No,Yes,One year,Yes,Mailed check,64.15,1274.45,No,0.2489,0,Low,2026-03-01
5260-UMPWX,Female,No,Yes,Yes,26,Yes,No,No,No,No,No,No,No,No,Month-to-month,Yes,Credit card (automatic),20.25,493.95,No,0.1893,0,Low,2026-08-01
2249-YPRNG,Female,No,Yes,Yes,20,Yes,Yes,Fiber optic,No,Yes,Yes,No,Yes,Yes,Month-to-month,Yes,Bank transfer (automatic),105.85,2239.65,Yes,0.7712,0,High,2026-02-01
7410-YTJIK,Female,No,No,No,7,Yes,Yes,Fiber optic,No,No,No,No,No,No,Month-to-month,No,Mailed check,75.45,480.75,Yes,0.7607,0,High,2025-12-01
4626-GYCZP,Male,No,No,No,7,Yes,Yes,Fiber optic,No,No,No,No,Yes,Yes,Month-to-month,Yes,Electronic check,93.85,635.6,Yes,0.9136,1,High,2026-08-01
5649-RXQTV,Male,No,No,No,51,Yes,No,Fiber optic,No,Yes,Yes,No,Yes,Yes,Month-to-month,Yes,Electronic check,99.0,5038.15,No,0.6921,0,High,2025-10-01
2674-MIAHT,Female,No,No,No,4,Yes,Yes,Fiber optic,No,Yes,No,No,No,No,Month-to-month,Yes,Mailed check,80.3,324.2,No,0.8109,1,High,2026-02-01
2576-HXMPA,Female,No,No,No,1,Yes,No,No,No,No,No,No,No,No,Month-to-month,No,Credit card (automatic),19.55,19.55,No,0.3758,0,Medium,2026-03-01
7587-AOVVU,Male,No,Yes,Yes,27,Yes,Yes,Fiber optic,Yes,Yes,No,Yes,Yes,No,Month-to-month,No,Electronic check,100.75,2793.55,No,0.4998,0,Medium,2026-02-01
5590-BYNII,Male,No,No,No,22,Yes,Yes,Fiber optic,Yes,No,No,No,Yes,Yes,Month-to-month,Yes,Electronic check,100.75,2095.0,Yes,0.8205,1,High,2026-08-01
6898-MDLZW,Male,No,No,No,12,Yes,No,DSL,No,Yes,No,Yes,No,No,Month-to-month,Yes,Mailed check,53.75,648.65,No,0.4636,0,Medium,2026-02-01
3237-AJGEH,Female,No,Yes,Yes,3,No,No,DSL,No,No,No,Yes,No,No,Month-to-month,Yes,Mailed check,31.0,95.05,Yes,0.6224,0,High,2026-08-01
4707-YNOQA,Female,No,Yes,Yes,34,Yes,Yes,No,No,No,No,No,No,No,One year,Yes,Credit card (automatic),25.6,917.15,No,0.0965,0,Low,2025-09-01
9357-UJRUN,Male,No,Yes,No,24,Yes,Yes,DSL,Yes,No,No,Yes,No,No,One year,Yes,Electronic check,58.35,1346.9,No,0.2687,0,Low,2026-05-01
1591-NFNLQ,Male,No,No,No,51,Yes,Yes,Fiber optic,No,No,Yes,No,No,No,Month-to-month,No,Credit card (automatic),80.0,4242.35,Yes,0.4616,0,Medium,2026-04-01
8648-PFRMP,Female,Yes,No,No,14,No,No,DSL,No,No,No,No,Yes,Yes,Month-to-month,Yes,Electronic check,46.35,672.7,No,0.8424,1,High,2025-11-01
7663-CUXZB,Male,No,Yes,No,59,Yes,Yes,Fiber optic,Yes,Yes,Yes,Yes,Yes,Yes,Two year,No,Electronic check,113.75,6561.25,No,0.175,0,Low,2025-11-01
0258-NOKBL,Male,No,No,No,3,Yes,No,Fiber optic,No,Yes,Yes,No,No,Yes,Month-to-month,No,Electronic check,90.4,268.45,No,0.8074,1,High,2026-05-01
1163-VIPRI,Female,No,Yes,Yes,65,Yes,Yes,Fiber optic,Yes,No,Yes,Yes,Yes,Yes,Two year,No,Electronic check,109.3,7337.55,No,0.1507,0,Low,2026-04-01
2815-CPTUL,Male,Yes,No,No,5,Yes,No,Fiber optic,No,No,No,No,No,No,Month-to-month,Yes,Mailed check,70.25,331.9,Yes,0.8301,1,High,2026-04-01
9348-ROUAI,Female,No,Yes,Yes,59,Yes,Yes,DSL,Yes,Yes,Yes,Yes,Yes,Yes,Two year,No,Credit card (automatic),90.3,5194.05,No,0.0386,0,Low,2025-09-01
9443-JUBUO,Male,No,Yes,Yes,72,No,No,DSL,Yes,Yes,Yes,Yes,Yes,Yes,Two year,Yes,Credit card (automatic),65.25,4478.85,No,0.0331,0,Low,2026-04-01
0596-BQCEQ,Female,No,Yes,Yes,62,Yes,No,Fiber optic,No,Yes,Yes,No,Yes,Yes,Month-to-month,Yes,Electronic check,100.15,6283.3,Yes,0.5744,0,Medium,2026-08-01
1481-ZUWZA,Male,No,No,No,28,Yes,Yes,Fiber optic,Yes,Yes,No,No,No,Yes,Month-to-month,Yes,Credit card (automatic),94.5,2659.4,Yes,0.6584,0,High,2025-09-01
3043-TYBNO,Male,No,No,No,3,Yes,No,DSL,No,No,No,Yes,No,Yes,Month-to-month,No,Mailed check,60.65,196.9,No,0.5577,0,Medium,2026-02-01
4830-FAXFM,Male,No,No,Yes,19,Yes,Yes,No,No,No,No,No,No,No,Month-to-month,Yes,Credit card (automatic),24.1,439.2,No,0.295,0,Low,2026-02-01
5906-BFOZT,Male,No,No,No,1,Yes,No,No,No,No,No,No,No,No,Month-to-month,Yes,Mailed check,19.5,19.5,No,0.4838,0,Medium,2026-07-01
2960-NKRSO,Male,No,No,No,24,Yes,No,Fiber optic,No,Yes,Yes,Yes,No,No,Month-to-month,Yes,Electronic check,85.95,2107.15,No,0.6411,0,High,2025-12-01
8996-ZROXE,Male,Yes,No,No,57,Yes,No,DSL,No,No,Yes,Yes,No,No,One year,Yes,Electronic check,53.5,3035.8,No,0.1402,0,Low,2026-02-01
5598-IKHQQ,Female,No,No,No,72,Yes,Yes,No,No,No,No,No,No,No,Two year,No,Credit card (automatic),25.45,1866.45,No,0.0101,0,Low,2026-05-01
0397-ZXWQF,Male,No,No,No,67,Yes,No,No,No,No,No,No,No,No,Two year,No,Bank transfer (automatic),20.5,1430.95,No,0.0094,0,Low,2025-09-01
5266-PFRQK,Male,No,Yes,Yes,52,Yes,No,No,No,No,No,No,No,No,One year,Yes,Credit card (automatic),20.85,1071.6,No,0.037,0,Low,2026-06-01
4674-HGNUA,Male,No,Yes,Yes,71,Yes,Yes,DSL,Yes,Yes,Yes,Yes,Yes,Yes,Two year,No,Credit card (automatic),89.9,6457.15,No,0.03,0,Low,2026-06-01
6765-MBQNU,Female,No,Yes,No,26,Yes,Yes,No,No,No,No,No,No,No,One year,No,Mailed check,26.0,684.05,No,0.1178,0,Low,2026-05-01
9786-IJYDL,Female,No,No,No,35,Yes,Yes,Fiber optic,Yes,Yes,Yes,Yes,Yes,Yes,Two year,Yes,Mailed check,113.2,3914.05,No,0.2786,0,Low,2026-04-01
1303-SRDOK,Female,No,Yes,Yes,55,Yes,No,Fiber optic,No,No,No,No,No,No,Two year,Yes,Credit card (automatic),69.05,3842.6,No,0.1389,0,Low,2026-05-01
3769-MHZNV,Female,No,Yes,Yes,33,Yes,No,No,No,No,No,No,No,No,Two year,No,Mailed check,20.1,670.35,No,0.0317,0,Low,2026-06-01
6295-OSINB,Male,No,Yes,No,72,Yes,Yes,Fiber optic,Yes,Yes,Yes,No,Yes,Yes,Two year,Yes,Electronic check,109.65,7880.25,No,0.245,0,Low,2026-07-01
3308-MHOOC,Male,No,No,Yes,1,Yes,No,No,No,No,No,No,No,No,Month-to-month,Yes,Mailed check,19.2,19.2,No,0.4279,0,Medium,2026-02-01
2309-OSFEU,Male,No,No,No,10,No,No,DSL,No,No,No,No,No,Yes,Month-to-month,Yes,Mailed check,33.9,298.45,Yes,0.7579,0,High,2026-02-01
2207-QPJED,Female,Yes,Yes,No,37,Yes,No,Fiber optic,No,No,Yes,Yes,Yes,No,Month-to-month,No,Electronic check,90.0,3371.75,No,0.6025,0,High,2026-04-01
4177-JPDFU,Male,No,No,No,12,No,No,DSL,No,Yes,No,Yes,No,No,Month-to-month,No,Mailed check,34.0,442.45,No,0.469,0,Medium,2025-11-01
2239-CFOUJ,Male,No,Yes,Yes,1,Yes,No,No,No,No,No,No,No,No,One year,No,Mailed check,20.4,20.4,No,0.1966,0,Low,2026-07-01
8046-DNVTL,Male,No,Yes,No,62,No,No,DSL,Yes,Yes,No,Yes,No,No,Two year,Yes,Credit card (automatic),38.6,2345.55,No,0.0286,0,Low,2026-06-01
2209-XADXF,Female,No,No,No,1,No,No,DSL,No,No,No,No,No,No,Month-to-month,No,Bank transfer (automatic),25.25,25.25,No,0.6832,0,High,2026-04-01
6620-JDYNW,Female,No,No,No,18,Yes,Yes,DSL,Yes,No,Yes,No,No,No,Month-to-month,Yes,Mailed check,60.6,1156.35,No,0.4841,0,Medium,2025-12-01
1891-FZYSA,Male,Yes,Yes,No,69,Yes,Yes,Fiber optic,No,Yes,No,No,Yes,No,Month-to-month,Yes,Electronic check,89.95,6143.15,Yes,0.5973,0,Medium,2026-01-01
4770-UEZOX,Male,No,No,No,2,Yes,No,Fiber optic,No,Yes,No,No,No,No,Month-to-month,Yes,Electronic check,74.75,144.8,No,0.8351,1,High,2026-02-01
1038-RQOST,Male,No,Yes,Yes,19,Yes,No,No,No,No,No,No,No,No,Month-to-month,No,Mailed check,20.6,414.95,No,0.1896,0,Low,2026-04-01
7613-LLQFO,Male,No,No,No,12,Yes,Yes,Fiber optic,No,No,No,No,Yes,No,Month-to-month,Yes,Electronic check,84.45,1059.55,Yes,0.8748,1,High,2026-06-01
4568-TTZRT,Male,No,No,No,9,Yes,No,No,No,No,No,No,No,No,Month-to-month,No,Mailed check,20.4,181.8,No,0.312,0,Medium,2026-05-01
9513-DXHDA,Male,No,No,No,27,Yes,No,DSL,Yes,No,Yes,Yes,Yes,Yes,One year,No,Electronic check,81.7,2212.55,No,0.2348,0,Low,2026-08-01
2640-PMGFL,Male,No,No,Yes,27,Yes,Yes,Fiber optic,No,No,No,Yes,No,No,Month-to-month,Yes,Electronic check,79.5,2180.55,Yes,0.6689,0,High,2026-08-01
3801-HMYNL,Male,No,Yes,Yes,1,Yes,No,Fiber optic,No,No,No,No,Yes,Yes,Month-to-month,No,Mailed check,89.15,89.15,Yes,0.797,1,High,2026-05-01
0516-QREYC,Female,Yes,No,No,24,Yes,No,No,No,No,No,No,No,No,Month-to-month,Yes,Mailed check,20.3,459.95,No,0.2925,0,Low,2026-01-01
9685-WKZGT,Male,Yes,No,No,14,Yes,Yes,Fiber optic,No,No,No,No,No,No,Month-to-month,Yes,Electronic check,74.95,1036.75,Yes,0.8649,1,High,2026-04-01
6022-UGGSO,Female,Yes,No,No,32,Yes,No,Fiber optic,No,Yes,No,No,No,No,Month-to-month,Yes,Electronic check,74.4,2276.95,Yes,0.7042,0,High,2026-02-01
8084-OIVBS,Female,No,No,No,11,Yes,No,No,No,No,No,No,No,No,One year,No,Mailed check,20.0,211.95,No,0.1664,0,Low,2026-04-01
8896-BQTTI,Male,No,No,No,1,Yes,Yes,No,No,No,No,No,No,No,Month-to-month,Yes,Mailed check,25.0,25.0,No,0.5383,0,Medium,2026-06-01
3865-QBWSJ,Male,Yes,No,Yes,38,Yes,Yes,Fiber optic,Yes,No,No,No,No,No,Month-to-month,Yes,Mailed check,80.45,3162.65,No,0.5546,0,Medium,2026-01-01
3352-RICWQ,Female,No,Yes,Yes,9,Yes,No,No,No,No,No,No,No,No,Two year,No,Mailed check,19.75,210.65,No,0.0842,0,Low,2026-03-01
2160-GPFXD,Male,No,Yes,Yes,54,Yes,Yes,DSL,Yes,Yes,No,Yes,No,No,Two year,Yes,Credit card (automatic),65.65,3566.7,No,0.034,0,Low,2025-09-01
2065-MMKGR,Female,No,No,No,29,Yes,Yes,DSL,No,No,No,No,Yes,Yes,One year,Yes,Credit card (automatic),71.0,2080.1,No,0.448,0,Medium,2026-05-01
5857-TYBCJ,Male,Yes,Yes,No,44,Yes,Yes,Fiber optic,No,No,Yes,No,Yes,No,Month-to-month,Yes,Electronic check,89.2,4040.2,No,0.7752,0,High,2026-02-01
1498-NHTLT,Male,No,Yes,Yes,59,Yes,No,DSL,Yes,Yes,Yes,Yes,Yes,Yes,Two year,Yes,Electronic check,86.75,5186.0,No,0.0627,0,Low,2026-02-01
4484-CGXFK,Female,No,No,No,3,Yes,No,DSL,No,No,No,No,No,Yes,Month-to-month,Yes,Electronic check,55.3,196.15,Yes,0.7823,0,High,2026-03-01
1402-PTHGN,Female,No,Yes,Yes,18,Yes,No,DSL,Yes,Yes,No,Yes,No,No,One year,Yes,Mailed check,61.5,1087.45,No,0.1448,0,Low,2025-11-01
4176-RELJR,Male,Yes,No,No,67,Yes,Yes,No,No,No,No,No,No,No,Two year,No,Credit card (automatic),25.1,1672.15,No,0.0152,0,Low,2026-04-01
6214-EDAKZ,Female,No,Yes,Yes,22,Yes,No,DSL,No,Yes,No,Yes,No,No,Month-to-month,No,Electronic check,55.15,1206.05,Yes,0.3035,0,Medium,2026-05-01
5199-FPUSP,Male,No,No,Yes,33,No,No,DSL,Yes,No,No,Yes,No,No,One year,No,Credit card (automatic),34.05,1113.95,No,0.0983,0,Low,2026-01-01
6377-KSLXC,Male,No,No,No,5,Yes,No,No,No,No,No,No,No,No,Month-to-month,No,Mailed check,19.95,107.05,No,0.3512,0,Medium,2025-10-01
1796-JANOW,Female,No,No,No,2,Yes,No,No,No,No,No,No,No,No,Month-to-month,No,Mailed check,19.95,38.15,No,0.3761,0,Medium,2026-01-01
0238-WHBIQ,Male,No,Yes,Yes,72,Yes,Yes,DSL,Yes,Yes,Yes,Yes,Yes,Yes,Two year,No,Credit card (automatic),89.7,6339.3,No,0.028,0,Low,2025-11-01
8735-NBLWT,Male,No,No,Yes,9,Yes,No,No,No,No,No,No,No,No,Month-to-month,No,Mailed check,20.4,184.1,No,0.2652,0,Low,2026-01-01
6651-RLGGM,Male,No,Yes,Yes,67,Yes,Yes,No,No,No,No,No,No,No,Two year,No,Mailed check,26.3,1688.9,No,0.0103,0,Low,2026-04-01
6127-ISGTU,Female,No,Yes,No,16,Yes,Yes,Fiber optic,No,No,No,No,Yes,No,Month-to-month,Yes,Electronic check,84.95,1378.25,Yes,0.8572,1,High,2025-10-01
1614-JBEBI,Female,No,No,No,8,Yes,No,No,No,No,No,No,No,No,Month-to-month,Yes,Mailed check,20.7,137.6,No,0.4011,0,Medium,2026-05-01
8740-XLHDR,Male,No,No,No,5,No,No,DSL,Yes,Yes,Yes,Yes,No,No,Month-to-month,Yes,Mailed check,43.25,219.0,Yes,0.5116,0,Medium,2025-11-01
1208-DNHLN,Male,No,Yes,Yes,23,Yes,Yes,DSL,No,No,No,No,No,No,One year,Yes,Credit card (automatic),48.35,1067.15,Yes,0.312,0,Medium,2026-07-01
1761-AEZZR,Male,No,No,No,1,Yes,No,Fiber optic,No,No,No,No,Yes,No,Month-to-month,Yes,Electronic check,79.55,79.55,Yes,0.8828,1,High,2026-05-01
3923-CSIHK,Female,Yes,Yes,No,50,Yes,No,Fiber optic,No,No,No,No,No,No,Month-to-month,Yes,Electronic check,71.05,3444.85,Yes,0.607,0,High,2025-12-01
5696-EXCYS,Male,No,No,No,17,Yes,No,No,No,No,No,No,No,No,Two year,No,Credit card (automatic),19.45,369.05,No,0.0748,0,Low,2026-03-01
5795-KTGUD,Female,No,Yes,No,68,Yes,Yes,Fiber optic,Yes,Yes,Yes,No,Yes,Yes,Two year,Yes,Bank transfer (automatic),110.8,7553.6,No,0.1957,0,Low,2025-10-01
7120-RFMVS,Male,No,No,No,1,Yes,Yes,Fiber optic,No,No,No,No,Yes,No,Month-to-month,No,Electronic check,84.5,84.5,Yes,0.8663,1,High,2025-10-01
7924-GJZFI,Female,Yes,Yes,No,25,Yes,No,Fiber optic,No,No,No,No,No,No,Month-to-month,Yes,Electronic check,69.3,1813.1,No,0.7803,0,High,2026-08-01
4702-HDRKD,Male,No,No,No,67,No,No,DSL,Yes,No,Yes,Yes,Yes,No,One year,Yes,Bank transfer (automatic),49.35,3321.35,No,0.0683,0,Low,2026-06-01
8512-WIWYV,Male,No,No,No,32,Yes,No,No,No,No,No,No,No,No,One year,No,Credit card (automatic),20.35,707.5,No,0.0741,0,Low,2025-10-01
5897-ZYEKH,Female,Yes,Yes,No,67,Yes,Yes,Fiber optic,Yes,Yes,No,No,Yes,Yes,One year,Yes,Electronic check,105.6,7112.15,No,0.4481,0,Medium,2025-12-01
5456-ITGIC,Male,Yes,Yes,No,72,No,No,DSL,Yes,Yes,Yes,Yes,Yes,Yes,Two year,Yes,Credit card (automatic),64.45,4641.1,No,0.052,0,Low,2025-11-01
7317-GGVPB,Male,No,Yes,No,71,Yes,Yes,Fiber optic,No,Yes,Yes,Yes,Yes,Yes,Two year,Yes,Credit card (automatic),108.6,7690.9,Yes,0.1966,0,Low,2026-01-01
1406-PUQVY,Male,No,No,Yes,1,Yes,No,DSL,No,Yes,No,No,No,No,Month-to-month,Yes,Electronic check,49.9,49.9,No,0.6648,0,High,2025-12-01
1322-AGOQM,Male,No,No,No,46,No,No,DSL,No,Yes,No,No,No,No,Month-to-month,No,Bank transfer (automatic),30.3,1380.1,Yes,0.2285,0,Low,2025-12-01
3677-IYRBF,Female,Yes,No,No,2,No,No,DSL,No,No,Yes,No,No,No,Month-to-month,Yes,Electronic check,30.4,78.65,Yes,0.8347,1,High,2026-03-01
5692-FPTAH,Female,No,No,No,1,Yes,No,DSL,No,No,No,No,No,No,Month-to-month,Yes,Mailed check,45.4,45.4,Yes,0.6817,0,High,2025-11-01
9114-AAFQH,Female,No,Yes,No,48,Yes,No,DSL,No,Yes,Yes,No,No,Yes,One year,Yes,Electronic check,65.65,3094.65,No,0.2378,0,Low,2026-07-01
8715-KKTFG,Female,No,Yes,No,61,Yes,Yes,Fiber optic,No,No,Yes,Yes,Yes,Yes,One year,Yes,Bank transfer (automatic),103.3,6518.35,No,0.3984,0,Medium,2026-05-01
1550-LOAHA,Female,No,Yes,No,32,Yes,No,Fiber optic,No,Yes,No,No,No,Yes,Month-to-month,No,Bank transfer (automatic),84.15,2585.95,Yes,0.563,0,Medium,2026-06-01
1728-BQDMA,Female,No,No,No,2,Yes,No,DSL,No,No,No,No,No,No,Month-to-month,No,Electronic check,44.45,82.7,No,0.6613,0,High,2025-11-01
0268-QKIWO,Female,No,No,No,3,Yes,No,No,No,No,No,No,No,No,Month-to-month,No,Electronic check,19.75,58.85,Yes,0.4413,0,Medium,2026-05-01
0876-WDUUZ,Female,No,No,No,5,Yes,No,Fiber optic,No,No,No,Yes,No,Yes,Month-to-month,Yes,Credit card (automatic),85.4,425.9,Yes,0.7741,0,High,2026-07-01
5117-ZSMHQ,Female,No,Yes,Yes,71,Yes,Yes,DSL,Yes,Yes,Yes,Yes,Yes,Yes,Two year,No,Bank transfer (automatic),89.9,6342.7,No,0.0284,0,Low,2025-11-01
5151-HQRDG,Male,No,Yes,No,37,Yes,Yes,DSL,Yes,No,No,No,No,No,Month-to-month,Yes,Mailed check,55.05,2030.75,No,0.3329,0,Medium,2026-06-01
0960-HUWBM,Male,No,Yes,Yes,65,Yes,Yes,Fiber optic,No,No,Yes,Yes,Yes,Yes,Two year,Yes,Bank transfer (automatic),104.1,6700.05,No,0.196,0,Low,2026-01-01
6465-GSRCL,Female,No,No,Yes,67,Yes,Yes,Fiber optic,No,Yes,No,Yes,Yes,Yes,One year,Yes,Bank transfer (automatic),106.6,7244.7,No,0.286,0,Low,2026-06-01
0617-FHSGK,Male,No,No,Yes,49,Yes,Yes,Fiber optic,No,No,No,No,No,No,Month-to-month,No,Credit card (automatic),75.2,3678.3,Yes,0.4103,0,Medium,2026-02-01
0263-FJTQO,Male,No,Yes,Yes,50,Yes,Yes,DSL,Yes,No,No,Yes,Yes,No,Two year,Yes,Credit card (automatic),70.5,3486.65,No,0.0566,0,Low,2026-06-01
7319-ZNRTR,Male,No,Yes,Yes,25,Yes,No,No,No,No,No,No,No,No,One year,No,Electronic check,19.6,411.15,No,0.1058,0,Low,2025-10-01
2858-MOFSQ,Female,No,No,Yes,17,Yes,Yes,DSL,No,No,Yes,No,No,No,One year,Yes,Mailed check,55.85,937.5,Yes,0.3593,0,Medium,2026-01-01
7503-EPSZW,Female,No,Yes,Yes,64,Yes,Yes,No,No,No,No,No,No,No,Two year,Yes,Mailed check,24.05,1559.15,No,0.0167,0,Low,2025-12-01
7089-XXAYG,Male,No,Yes,No,25,No,No,DSL,No,No,Yes,No,Yes,No,One year,Yes,Credit card (automatic),38.1,970.4,No,0.4186,0,Medium,2025-11-01
8118-LSUEL,Male,Yes,No,No,23,Yes,Yes,Fiber optic,No,Yes,Yes,No,Yes,Yes,Month-to-month,Yes,Electronic check,106.4,2483.5,Yes,0.8753,1,High,2025-12-01
8070-AAWZP,Male,Yes,Yes,No,24,No,No,DSL,No,No,Yes,Yes,No,No,Month-to-month,No,Mailed check,34.25,828.2,No,0.4273,0,Medium,2026-01-01
1666-JXLKU,Female,No,No,No,37,Yes,Yes,Fiber optic,No,No,Yes,No,Yes,Yes,Month-to-month,Yes,Electronic check,100.05,3810.55,No,0.8278,1,High,2025-10-01
7855-DIWPO,Female,No,No,No,21,Yes,No,Fiber optic,No,No,No,No,No,No,Month-to-month,Yes,Electronic check,68.65,1493.2,No,0.7696,0,High,2026-05-01
5133-POWUA,Male,No,No,No,1,Yes,No,DSL,No,No,No,No,No,No,Month-to-month,Yes,Mailed check,45.8,45.8,No,0.6848,0,High,2026-03-01
5652-MSDEY,Female,No,No,No,10,Yes,Yes,Fiber optic,No,No,No,No,No,No,Month-to-month,Yes,Mailed check,75.75,777.3,No,0.8104,1,High,2026-06-01
7005-CCBKV,Male,No,No,No,6,Yes,No,Fiber optic,No,Yes,No,No,No,Yes,Month-to-month,Yes,Electronic check,84.4,556.35,Yes,0.8578,1,High,2026-05-01
1810-BOHSY,Male,No,Yes,No,51,Yes,Yes,Fiber optic,Yes,Yes,No,No,No,Yes,One year,Yes,Credit card (automatic),96.4,4911.05,No,0.3377,0,Medium,2025-10-01
1784-BXEFA,Female,No,No,No,10,Yes,No,No,No,No,No,No,No,No,Month-to-month,Yes,Mailed check,20.55,187.35,No,0.3817,0,Medium,2025-09-01
7351-MHQVU,Female,No,No,No,6,No,No,DSL,Yes,Yes,No,Yes,No,Yes,Month-to-month,No,Credit card (automatic),50.95,307.6,No,0.4672,0,Medium,2026-02-01
9224-VTYID,Male,No,Yes,Yes,47,Yes,Yes,DSL,Yes,Yes,Yes,Yes,Yes,Yes,Two year,Yes,Mailed check,90.5,4318.35,No,0.0827,0,Low,2026-02-01
9500-IWPXQ,Female,No,Yes,Yes,61,Yes,Yes,DSL,Yes,Yes,Yes,Yes,No,Yes,One year,Yes,Electronic check,79.4,4820.55,No,0.1,0,Low,2025-11-01
5762-TJXGK,Female,No,No,No,52,No,No,DSL,Yes,Yes,Yes,No,Yes,Yes,Two year,Yes,Bank transfer (automatic),58.75,3038.55,No,0.1042,0,Low,2026-06-01
4504-YOULA,Female,No,Yes,Yes,35,Yes,Yes,DSL,Yes,Yes,No,No,No,No,Month-to-month,Yes,Credit card (automatic),59.45,2136.9,No,0.2593,0,Low,2026-03-01
5569-IDSEY,Male,No,Yes,No,71,Yes,Yes,Fiber optic,No,Yes,Yes,No,Yes,Yes,One year,Yes,Bank transfer (automatic),105.7,7472.15,No,0.3814,0,Medium,2026-05-01
4250-FDVOU,Female,No,No,No,6,Yes,No,DSL,Yes,Yes,No,No,No,No,Month-to-month,No,Electronic check,56.25,389.1,Yes,0.477,0,Medium,2025-10-01
7284-ZZLOH,Male,No,Yes,No,45,Yes,No,DSL,Yes,No,Yes,No,No,No,Two year,No,Credit card (automatic),53.3,2296.25,No,0.0454,0,Low,2026-06-01
5277-ZLOOR,Female,Yes,No,No,2,Yes,Yes,Fiber optic,No,No,No,No,Yes,No,Month-to-month,Yes,Electronic check,85.55,187.45,Yes,0.9157,1,High,2025-11-01
2141-RRYGO,Female,No,No,No,4,Yes,No,DSL,No,Yes,No,No,Yes,Yes,Month-to-month,Yes,Bank transfer (automatic),68.65,261.25,Yes,0.7086,0,High,2026-02-01
1777-JYQPJ,Male,No,No,No,2,No,No,DSL,No,No,No,No,No,No,Month-to-month,No,Mailed check,24.3,38.45,No,0.6931,0,High,2026-02-01
6376-GAHQE,Male,No,No,No,4,Yes,No,Fiber optic,No,No,No,No,Yes,No,Month-to-month,No,Electronic check,77.85,299.2,Yes,0.828,1,High,2026-06-01
3401-URHDA,Male,No,No,No,51,Yes,Yes,DSL,Yes,No,No,Yes,No,No,One year,No,Credit card (automatic),59.9,3043.6,No,0.0669,0,Low,2025-12-01
1599-EAHXY,Male,No,Yes,Yes,60,Yes,Yes,No,No,No,No,No,No,No,One year,No,Credit card (automatic),23.95,1506.4,No,0.0248,0,Low,2025-11-01
8631-XVRZL,Male,No,No,No,9,Yes,No,No,No,No,No,No,No,No,One year,Yes,Mailed check,20.15,163.7,No,0.243,0,Low,2026-01-01
5052-PNLOS,Male,No,No,No,3,Yes,Yes,Fiber optic,No,Yes,Yes,No,Yes,Yes,Month-to-month,Yes,Bank transfer (automatic),105.35,323.25,Yes,0.8641,1,High,2026-01-01
3853-LYGAM,Male,No,No,No,17,Yes,Yes,Fiber optic,No,No,Yes,Yes,No,Yes,Month-to-month,Yes,Bank transfer (automatic),95.65,1640.0,No,0.7521,0,High,2025-11-01
6979-ZNSFF,Female,No,No,No,8,Yes,Yes,Fiber optic,No,No,No,No,Yes,No,Month-to-month,Yes,Electronic check,87.05,762.1,Yes,0.8827,1,High,2025-11-01
5751-USDBL,Male,No,Yes,Yes,46,Yes,No,DSL,Yes,No,Yes,Yes,Yes,Yes,Two year,No,Mailed check,81.0,3846.35,No,0.0529,0,Low,2025-11-01
5680-LQOGP,Female,No,No,No,68,Yes,No,DSL,Yes,Yes,Yes,Yes,Yes,Yes,Two year,Yes,Credit card (automatic),82.45,5646.6,No,0.0425,0,Low,2026-02-01
2386-LAHRK,Male,No,No,No,1,Yes,No,DSL,No,No,No,No,Yes,No,Month-to-month,Yes,Mailed check,53.5,53.5,Yes,0.7275,0,High,2026-01-01
8189-DUKMV,Female,No,Yes,No,4,Yes,No,No,No,No,No,No,No,No,One year,No,Bank transfer (automatic),20.5,79.05,No,0.1997,0,Low,2026-01-01
6032-IGALN,Female,No,No,No,1,No,No,DSL,No,No,No,No,No,No,Month-to-month,Yes,Mailed check,25.1,25.1,Yes,0.7696,0,High,2026-05-01
9931-DCEZH,Male,No,No,Yes,28,Yes,No,DSL,No,Yes,No,Yes,No,No,One year,Yes,Credit card (automatic),54.4,1516.6,No,0.1532,0,Low,2025-11-01
1898-JSNDC,Female,No,No,No,39,Yes,No,DSL,No,Yes,No,No,Yes,No,One year,Yes,Credit card (automatic),58.6,2224.5,No,0.2151,0,Low,2026-07-01
0315-LVCRK,Male,No,No,No,11,Yes,No,Fiber optic,No,No,Yes,No,No,Yes,Month-to-month,No,Electronic check,84.8,888.75,No,0.7998,1,High,2026-06-01
3911-RSNHI,Female,No,Yes,No,71,No,No,DSL,No,Yes,Yes,Yes,Yes,Yes,Two year,Yes,Credit card (automatic),61.4,4310.35,No,0.0612,0,Low,2025-11-01
2410-CIYFZ,Male,No,No,Yes,2,Yes,No,No,No,No,No,No,No,No,Month-to-month,No,Mailed check,20.4,42.9,No,0.3273,0,Medium,2025-12-01
4248-HCETZ,Male,Yes,Yes,No,30,Yes,No,Fiber optic,No,Yes,Yes,No,No,No,Month-to-month,Yes,Mailed check,79.65,2365.15,Yes,0.6505,0,High,2025-11-01
5505-OVWQW,Female,No,No,No,17,Yes,No,No,No,No,No,No,No,No,One year,No,Mailed check,20.15,353.65,No,0.1342,0,Low,2025-12-01
7271-AJDTL,Female,No,Yes,No,55,Yes,Yes,Fiber optic,No,Yes,Yes,No,Yes,No,Month-to-month,Yes,Credit card (automatic),94.45,5073.1,No,0.5476,0,Medium,2026-01-01
1867-TJHTS,Female,No,No,No,58,Yes,Yes,Fiber optic,Yes,No,No,No,No,No,Month-to-month,Yes,Bank transfer (automatic),79.8,4526.85,No,0.3877,0,Medium,2025-10-01
0516-WJVXC,Female,No,No,No,5,Yes,No,DSL,Yes,No,No,Yes,No,No,Month-to-month,No,Electronic check,54.2,308.25,Yes,0.4418,0,Medium,2025-09-01
9174-FKWZE,Female,Yes,No,No,1,Yes,No,No,No,No,No,No,No,No,Month-to-month,Yes,Electronic check,19.45,19.45,Yes,0.6044,0,High,2026-02-01
6860-YRJZP,Male,Yes,No,No,9,Yes,Yes,Fiber optic,No,No,No,No,No,No,Month-to-month,Yes,Electronic check,74.05,678.45,No,0.8831,1,High,2026-05-01
4429-WYGFR,Male,No,No,No,26,Yes,No,DSL,No,No,No,Yes,No,No,Month-to-month,No,Bank transfer (automatic),49.15,1237.3,No,0.2827,0,Low,2025-12-01
2817-LVCPP,Female,No,No,No,50,Yes,No,No,No,No,No,No,No,No,Two year,No,Credit card (automatic),19.4,1023.95,No,0.019,0,Low,2026-07-01
5038-ETMLM,Female,No,Yes,No,72,Yes,Yes,Fiber optic,Yes,Yes,Yes,Yes,Yes,Yes,Two year,Yes,Bank transfer (automatic),113.65,8182.75,No,0.1402,0,Low,2026-01-01
5056-FIMPT,Female,No,No,Yes,43,Yes,No,Fiber optic,Yes,Yes,No,Yes,Yes,Yes,One year,Yes,Credit card (automatic),106.0,4532.3,No,0.2622,0,Low,2026-07-01
4521-WFJAI,Male,No,No,No,56,Yes,Yes,No,No,No,No,No,No,No,Two year,Yes,Bank transfer (automatic),25.95,1444.05,No,0.028,0,Low,2025-11-01
6569-KTMDU,Female,No,No,No,1,Yes,No,No,No,No,No,No,No,No,Month-to-month,No,Mailed check,19.1,19.1,No,0.3885,0,Medium,2026-03-01
8809-RIHDD,Male,No,Yes,Yes,72,Yes,Yes,Fiber optic,No,Yes,Yes,No,Yes,Yes,Two year,Yes,Electronic check,103.4,7372.65,Yes,0.2656,0,Low,2026-06-01
8809-XKHMD,Male,No,Yes,No,72,Yes,Yes,Fiber optic,Yes,Yes,No,Yes,No,Yes,Two year,Yes,Bank transfer (automatic),100.55,7325.1,No,0.1059,0,Low,2025-09-01
0396-YCHWO,Male,No,Yes,No,36,Yes,Yes,Fiber optic,No,No,No,No,Yes,Yes,Month-to-month,Yes,Electronic check,95.4,3474.2,No,0.8321,1,High,2026-08-01
0867-LDTTC,Male,No,No,No,5,Yes,No,DSL,No,No,Yes,Yes,Yes,Yes,Month-to-month,No,Bank transfer (automatic),75.15,392.65,No,0.5621,0,Medium,2026-01-01
4822-NGOCH,Female,No,No,No,13,Yes,Yes,Fiber optic,No,Yes,Yes,No,No,No,Month-to-month,Yes,Electronic check,84.45,1058.6,Yes,0.8117,1,High,2026-02-01
9391-DXGGG,Female,Yes,No,No,44,Yes,No,Fiber optic,No,Yes,Yes,No,No,Yes,One year,No,Credit card (automatic),89.15,3990.75,No,0.3656,0,Medium,2026-04-01
9844-FELAJ,Female,Yes,Yes,Yes,70,Yes,Yes,Fiber optic,No,Yes,Yes,Yes,Yes,Yes,One year,Yes,Electronic check,107.9,7475.85,No,0.3866,0,Medium,2026-04-01
2122-SZZZD,Male,No,No,No,44,Yes,No,No,No,No,No,No,No,No,One year,No,Credit card (automatic),19.5,835.5,No,0.045,0,Low,2025-09-01
5307-DZCVC,Female,Yes,Yes,No,32,Yes,Yes,Fiber optic,No,No,No,No,Yes,No,Month-to-month,Yes,Credit card (automatic),85.95,2628.6,Yes,0.7584,0,High,2026-07-01
3148-AOIQT,Female,No,Yes,No,69,Yes,Yes,No,No,No,No,No,No,No,Two year,Yes,Credit card (automatic),24.95,1718.35,No,0.0162,0,Low,2026-04-01
8679-JOEVF,Female,Yes,No,No,16,Yes,No,DSL,No,No,No,Yes,Yes,No,Month-to-month,No,Electronic check,59.4,1023.9,Yes,0.5543,0,Medium,2026-08-01
8395-ETZKQ,Male,Yes,Yes,Yes,68,Yes,No,No,No,No,No,No,No,No,One year,No,Bank transfer (automatic),19.5,1193.55,No,0.0153,0,Low,2026-02-01
6692-YQHXC,Male,No,No,No,16,Yes,No,Fiber optic,No,No,No,No,No,No,Month-to-month,Yes,Credit card (automatic),69.95,1205.5,No,0.7354,0,High,2026-04-01
3889-VWBID,Male,No,Yes,Yes,68,Yes,No,DSL,Yes,Yes,No,Yes,Yes,Yes,Two year,No,Bank transfer (automatic),82.85,5776.45,No,0.0241,0,Low,2026-02-01
5222-JCXZT,Male,No,No,No,4,Yes,No,No,No,No,No,No,No,No,Month-to-month,No,Mailed check,19.0,78.9,No,0.3631,0,Medium,2026-07-01
9754-CLVZW,Female,No,Yes,Yes,26,No,No,DSL,Yes,Yes,No,Yes,No,No,Month-to-month,No,Credit card (automatic),38.85,1025.15,No,0.1982,0,Low,2026-06-01
1432-FPAXX,Female,No,No,No,29,No,No,DSL,No,Yes,No,No,No,No,Month-to-month,Yes,Electronic check,30.6,856.35,Yes,0.5479,0,Medium,2026-07-01
2739-CCZMB,Male,No,No,Yes,5,Yes,No,No,No,No,No,No,No,No,Month-to-month,No,Credit card (automatic),20.35,122.0,No,0.2906,0,Low,2026-03-01
7080-TNUWP,Male,No,Yes,No,70,Yes,Yes,Fiber optic,No,Yes,Yes,No,Yes,No,One year,Yes,Bank transfer (automatic),95.0,6602.9,No,0.2908,0,Low,2026-06-01
0496-AHOOK,Male,No,Yes,No,24,Yes,No,DSL,Yes,No,No,Yes,Yes,Yes,One year,No,Bank transfer (automatic),74.4,1712.9,No,0.1894,0,Low,2026-01-01
8336-TAVKX,Female,Yes,Yes,No,72,Yes,Yes,DSL,Yes,Yes,Yes,Yes,No,Yes,Two year,No,Bank transfer (automatic),78.45,5682.25,No,0.0303,0,Low,2026-02-01
2468-SJFLM,Male,No,No,No,1,Yes,No,Fiber optic,No,No,No,Yes,No,No,Month-to-month,Yes,Mailed check,74.3,74.3,No,0.7603,0,High,2026-06-01
3181-VTHOE,Male,No,Yes,No,70,No,No,DSL,No,Yes,Yes,Yes,No,Yes,One year,Yes,Bank transfer (automatic),51.05,3635.15,No,0.0854,0,Low,2025-09-01
7168-HDQHG,Female,No,Yes,Yes,36,Yes,No,No,No,No,No,No,No,No,Month-to-month,No,Bank transfer (automatic),19.2,702.9,No,0.0949,0,Low,2026-05-01
4803-AXVYP,Female,Yes,No,No,38,Yes,Yes,Fiber optic,No,No,No,Yes,Yes,Yes,Month-to-month,Yes,Electronic check,99.55,3734.25,Yes,0.7998,1,High,2025-09-01
3884-HCSWG,Female,No,No,No,17,Yes,No,Fiber optic,No,No,No,No,No,No,Month-to-month,Yes,Electronic check,70.0,1144.5,Yes,0.7861,0,High,2026-03-01
4567-AKPIA,Female,No,Yes,Yes,41,Yes,Yes,Fiber optic,No,Yes,Yes,Yes,Yes,Yes,One year,Yes,Bank transfer (automatic),109.1,4454.25,No,0.4124,0,Medium,2026-02-01
5077-DXTCG,Female,No,No,No,1,Yes,No,DSL,No,No,No,No,No,No,Month-to-month,Yes,Electronic check,45.3,45.3,Yes,0.7452,0,High,2026-02-01
1142-WACZW,Male,No,No,No,2,No,No,DSL,No,No,No,Yes,No,No,Month-to-month,No,Bank transfer (automatic),29.85,75.6,Yes,0.5935,0,Medium,2026-02-01
7901-HXJVA,Male,No,No,No,14,Yes,No,Fiber optic,No,No,Yes,No,No,No,Month-to-month,No,Electronic check,76.45,1117.55,No,0.733,0,High,2026-02-01
5649-ANRML,Male,Yes,No,No,2,Yes,No,Fiber optic,No,Yes,Yes,Yes,No,Yes,Month-to-month,Yes,Credit card (automatic),95.1,180.25,Yes,0.7854,0,High,2026-01-01
4892-VLANZ,Male,No,No,No,1,Yes,No,No,No,No,No,No,No,No,Month-to-month,No,Mailed check,19.8,19.8,Yes,0.3911,0,Medium,2026-02-01
5924-IFQTT,Male,No,Yes,Yes,13,Yes,Yes,DSL,No,Yes,Yes,Yes,Yes,No,Month-to-month,Yes,Electronic check,72.8,930.05,No,0.5739,0,Medium,2026-03-01
7968-QUXNS,Male,No,No,No,6,Yes,No,No,No,No,No,No,No,No,Month-to-month,No,Mailed check,18.95,110.15,No,0.3432,0,Medium,2026-06-01
2919-HBCJO,Female,No,No,No,4,Yes,No,Fiber optic,No,Yes,No,No,No,No,Month-to-month,Yes,Bank transfer (automatic),76.65,333.6,Yes,0.7612,0,High,2026-03-01
4236-XPXAV,Female,No,Yes,Yes,5,Yes,No,Fiber optic,No,Yes,No,Yes,Yes,Yes,Month-to-month,Yes,Mailed check,99.15,465.05,Yes,0.7424,0,High,2026-04-01
8903-WMRNW,Female,No,Yes,No,15,Yes,No,Fiber optic,Yes,No,Yes,No,Yes,Yes,Month-to-month,No,Electronic check,101.75,1669.4,No,0.7431,0,High,2026-07-01
2452-SNHFZ,Female,No,No,No,47,Yes,No,Fiber optic,Yes,No,No,No,No,No,Month-to-month,No,Credit card (automatic),75.45,3545.1,No,0.3206,0,Medium,2026-08-01
3629-WEAAM,Female,No,No,No,8,Yes,No,DSL,No,No,Yes,Yes,No,Yes,Month-to-month,No,Mailed check,64.1,504.05,No,0.5021,0,Medium,2025-10-01
6029-CSMJE,Male,No,No,No,17,No,No,DSL,No,No,No,No,No,No,Month-to-month,Yes,Mailed check,25.65,440.2,No,0.6356,0,High,2026-05-01
7993-NQLJE,Male,No,Yes,Yes,15,Yes,No,Fiber optic,Yes,No,No,No,No,No,Month-to-month,No,Mailed check,75.1,1151.55,No,0.5131,0,Medium,2025-11-01
9909-DFRJA,Female,No,No,No,26,Yes,No,Fiber optic,Yes,No,Yes,Yes,No,Yes,One year,Yes,Bank transfer (automatic),95.85,2475.35,No,0.3713,0,Medium,2025-11-01
9099-FTUHS,Female,No,No,No,23,Yes,Yes,DSL,Yes,No,No,No,No,No,Month-to-month,No,Electronic check,54.4,1249.25,No,0.4318,0,Medium,2026-06-01
0581-BXBUB,Female,Yes,No,No,4,Yes,No,Fiber optic,No,Yes,No,No,No,No,Month-to-month,No,Electronic check,72.75,317.75,No,0.8009,1,High,2025-09-01
4962-CHQPW,Male,No,No,Yes,29,Yes,No,No,No,No,No,No,No,No,One year,No,Mailed check,19.85,535.05,No,0.0693,0,Low,2026-07-01
9467-ROOLM,Female,No,No,No,25,Yes,No,No,No,No,No,No,No,No,Month-to-month,No,Mailed check,19.05,461.3,No,0.1844,0,Low,2026-06-01
3030-YZADT,Male,No,No,No,9,Yes,No,DSL,No,No,No,No,No,No,Month-to-month,No,Mailed check,44.95,431.0,Yes,0.5299,0,Medium,2026-08-01
7410-KTVFV,Male,No,Yes,No,18,Yes,No,DSL,No,No,Yes,No,No,No,Month-to-month,Yes,Mailed check,49.55,878.35,Yes,0.5271,0,Medium,2026-05-01
5150-ITWWB,Male,Yes,No,No,3,Yes,Yes,Fiber optic,No,No,No,No,Yes,Yes,Month-to-month,Yes,Electronic check,94.85,335.75,No,0.9349,1,High,2026-07-01
2253-KPMNB,Female,No,Yes,Yes,69,No,No,DSL,Yes,Yes,Yes,Yes,No,No,Two year,No,Bank transfer (automatic),46.25,3121.4,No,0.0121,0,Low,2025-10-01
1345-ZUKID,Male,No,No,No,14,Yes,No,No,No,No,No,No,No,No,One year,No,Mailed check,19.35,324.8,No,0.1542,0,Low,2026-07-01
6429-SHBCB,Male,No,No,No,19,Yes,Yes,DSL,No,No,No,No,Yes,Yes,Month-to-month,No,Mailed check,69.6,1394.55,No,0.6309,0,High,2025-10-01
9281-OFDMF,Male,Yes,No,No,39,Yes,Yes,Fiber optic,No,Yes,No,No,No,Yes,Month-to-month,No,Electronic check,90.7,3413.25,No,0.7134,0,High,2025-12-01
2603-HVKCG,Male,No,No,No,31,Yes,No,Fiber optic,No,Yes,Yes,No,Yes,Yes,Month-to-month,Yes,Electronic check,101.4,3143.65,No,0.786,0,High,2025-10-01
1834-WULEG,Male,No,Yes,Yes,24,Yes,No,No,No,No,No,No,No,No,One year,No,Mailed check,20.25,439.75,No,0.0833,0,Low,2026-01-01
9097-ZUBYC,Male,No,Yes,No,14,Yes,No,DSL,No,No,No,Yes,No,No,Month-to-month,No,Bank transfer (automatic),48.8,664.4,No,0.3774,0,Medium,2026-05-01
5148-ORICT,Female,No,Yes,No,64,Yes,No,DSL,Yes,Yes,Yes,Yes,No,Yes,Two year,Yes,Mailed check,74.35,4759.55,No,0.036,0,Low,2025-12-01
4893-GYUJU,Female,No,No,No,50,Yes,No,No,No,No,No,No,No,No,One year,Yes,Mailed check,19.35,1033.0,No,0.0528,0,Low,2026-06-01
4578-PHJYZ,Male,No,Yes,Yes,52,Yes,No,DSL,No,Yes,Yes,Yes,Yes,No,One year,Yes,Electronic check,68.75,3482.85,No,0.1278,0,Low,2026-04-01
7272-QDCKA,Male,No,No,No,28,Yes,Yes,Fiber optic,No,Yes,No,No,Yes,Yes,One year,No,Electronic check,100.2,2688.45,No,0.6312,0,High,2026-04-01
8908-SLFCJ,Female,No,No,No,21,Yes,No,No,No,No,No,No,No,No,Two year,Yes,Credit card (automatic),20.85,435.25,No,0.0871,0,Low,2026-08-01
8393-DLHGA,Male,No,No,Yes,25,Yes,No,Fiber optic,No,Yes,No,No,Yes,Yes,Month-to-month,Yes,Electronic check,95.9,2448.75,Yes,0.7789,0,High,2026-02-01
9766-HGEDE,Female,No,Yes,No,17,Yes,No,No,No,No,No,No,No,No,One year,No,Mailed check,19.35,307.0,No,0.1327,0,Low,2026-01-01
6968-MHOMU,Male,No,Yes,No,58,No,No,DSL,No,No,No,No,Yes,Yes,One year,Yes,Credit card (automatic),45.0,2689.35,No,0.2316,0,Low,2026-08-01
7395-IGJOS,Male,Yes,Yes,No,17,Yes,No,Fiber optic,No,No,No,No,No,Yes,Month-to-month,No,Bank transfer (automatic),81.5,1329.2,Yes,0.7409,0,High,2026-03-01
5044-XDPYX,Female,No,Yes,No,51,Yes,Yes,No,No,No,No,No,No,No,Two year,No,Mailed check,25.5,1281.25,No,0.0245,0,Low,2026-04-01
1814-WFGVS,Male,No,Yes,Yes,72,No,No,DSL,Yes,No,Yes,Yes,Yes,No,Two year,No,Mailed check,48.9,3527.0,No,0.0183,0,Low,2025-12-01
2834-SPCJV,Male,No,Yes,No,52,Yes,No,Fiber optic,Yes,No,No,No,Yes,No,Month-to-month,No,Electronic check,84.1,4348.65,Yes,0.439,0,Medium,2025-11-01
3721-WKIIL,Female,No,No,No,27,Yes,No,No,No,No,No,No,No,No,Two year,Yes,Mailed check,19.6,561.15,No,0.073,0,Low,2025-11-01
6734-CKRSM,Female,No,No,No,3,Yes,No,No,No,No,No,No,No,No,Month-to-month,No,Mailed check,20.0,63.6,No,0.3663,0,Medium,2025-11-01
1265-ZFOSD,Female,No,Yes,No,64,Yes,Yes,DSL,Yes,Yes,Yes,Yes,No,Yes,Two year,Yes,Mailed check,81.3,5129.3,No,0.0472,0,Low,2025-11-01
6568-POCUI,Female,No,Yes,No,45,Yes,No,Fiber optic,No,No,No,Yes,Yes,Yes,Two year,Yes,Credit card (automatic),95.2,4285.8,No,0.2753,0,Low,2026-05-01
7890-VYYWG,Male,Yes,Yes,No,3,No,No,DSL,No,No,No,No,Yes,No,Month-to-month,Yes,Mailed check,36.45,93.7,Yes,0.8167,1,High,2025-09-01
5197-LQXXH,Female,No,Yes,No,71,Yes,Yes,DSL,No,Yes,Yes,Yes,Yes,Yes,Two year,Yes,Credit card (automatic),83.3,5894.5,No,0.0717,0,Low,2026-04-01
9907-SWKKF,Female,Yes,No,No,1,No,No,DSL,No,No,No,No,No,No,Month-to-month,No,Mailed check,25.05,25.05,Yes,0.7365,0,High,2026-08-01
3457-PQBYH,Female,No,Yes,Yes,58,Yes,No,No,No,No,No,No,No,No,Two year,No,Credit card (automatic),20.3,1160.75,No,0.0105,0,Low,2026-06-01
7682-AZNDK,Male,No,Yes,Yes,34,Yes,No,Fiber optic,No,Yes,Yes,No,Yes,No,Month-to-month,Yes,Electronic check,89.85,3091.75,No,0.6588,0,High,2026-01-01
0587-DMGBH,Female,No,No,No,8,Yes,No,DSL,Yes,No,No,No,No,No,Month-to-month,Yes,Electronic check,49.85,365.55,Yes,0.5944,0,Medium,2025-09-01
5384-ZTTWP,Female,No,Yes,Yes,15,Yes,No,No,No,No,No,No,No,No,Month-to-month,No,Mailed check,19.8,272.95,No,0.2132,0,Low,2026-07-01
3745-HRPHI,Male,No,Yes,Yes,66,No,No,DSL,No,No,Yes,Yes,Yes,Yes,Two year,No,Bank transfer (automatic),54.65,3632.0,No,0.0456,0,Low,2025-09-01
7636-OWBPG,Male,Yes,No,No,12,No,No,DSL,No,Yes,No,No,No,No,Month-to-month,Yes,Credit card (automatic),29.35,381.2,No,0.6808,0,High,2026-05-01
1231-YNDEK,Male,No,No,No,58,Yes,No,No,No,No,No,No,No,No,Two year,Yes,Bank transfer (automatic),19.15,1035.5,No,0.0192,0,Low,2026-05-01
1407-DIGZV,Female,No,Yes,Yes,3,Yes,No,No,No,No,No,No,No,No,Two year,No,Mailed check,19.1,52.0,No,0.1061,0,Low,2025-11-01
6397-JNZZG,Female,Yes,Yes,No,43,No,No,DSL,No,Yes,Yes,No,Yes,Yes,Month-to-month,No,Credit card (automatic),55.55,2342.2,Yes,0.4275,0,Medium,2026-05-01
0570-BFQHT,Female,No,No,No,9,Yes,No,Fiber optic,No,Yes,Yes,No,No,No,Month-to-month,No,Electronic check,80.55,653.9,No,0.721,0,High,2025-11-01
4393-OBCRR,Female,No,No,No,3,Yes,No,No,No,No,No,No,No,No,One year,No,Mailed check,20.25,71.2,No,0.2196,0,Low,2025-11-01
3523-QRQLL,Female,No,Yes,Yes,22,Yes,No,DSL,No,Yes,No,No,Yes,Yes,One year,Yes,Bank transfer (automatic),69.5,1498.2,Yes,0.3428,0,Medium,2026-06-01
8564-LDKFL,Male,No,Yes,No,40,Yes,Yes,Fiber optic,No,Yes,Yes,No,Yes,Yes,One year,Yes,Bank transfer (automatic),106.0,4178.65,No,0.5584,0,Medium,2026-08-01
3696-DFHHB,Female,No,No,No,68,Yes,Yes,No,No,No,No,No,No,No,Two year,No,Bank transfer (automatic),25.5,1821.8,No,0.0119,0,Low,2025-12-01
0895-DQHEW,Male,No,Yes,No,54,Yes,Yes,Fiber optic,No,Yes,Yes,No,Yes,Yes,Month-to-month,Yes,Electronic check,104.3,5278.15,Yes,0.7172,0,High,2026-08-01
4717-GHADL,Female,No,No,No,50,Yes,Yes,DSL,No,Yes,No,Yes,Yes,Yes,Two year,Yes,Mailed check,79.6,4024.2,No,0.1312,0,Low,2026-07-01
5501-TVMGM,Male,No,No,No,1,Yes,No,DSL,No,No,No,No,No,Yes,Month-to-month,Yes,Electronic check,55.25,55.25,No,0.796,0,High,2026-06-01
5879-HMFFH,Female,No,Yes,No,72,Yes,Yes,DSL,Yes,Yes,Yes,Yes,Yes,Yes,Two year,No,Bank transfer (automatic),88.05,6520.8,No,0.0359,0,Low,2025-10-01
6772-WFQRD,Male,No,No,Yes,40,Yes,No,No,No,No,No,No,No,No,One year,Yes,Bank transfer (automatic),20.4,854.9,No,0.0608,0,Low,2025-12-01
3810-DVDQQ,Female,No,Yes,Yes,72,Yes,Yes,Fiber optic,Yes,Yes,Yes,Yes,Yes,Yes,Two year,Yes,Bank transfer (automatic),117.6,8308.9,No,0.1132,0,Low,2026-05-01
6972-SNKKW,Female,No,No,No,6,Yes,No,No,No,No,No,No,No,No,Month-to-month,No,Mailed check,20.0,109.2,No,0.3364,0,Medium,2026-08-01
3694-GLTJM,Female,No,No,No,5,Yes,No,No,No,No,No,No,No,No,Month-to-month,Yes,Credit card (automatic),19.65,92.05,No,0.424,0,Medium,2026-06-01
8550-XSXUQ,Male,No,Yes,No,48,Yes,Yes,DSL,No,Yes,Yes,No,No,Yes,One year,Yes,Credit card (automatic),70.55,3420.5,No,0.23,0,Low,2026-02-01
8149-RSOUN,Female,No,No,No,1,Yes,Yes,Fiber optic,No,No,No,No,Yes,Yes,Month-to-month,Yes,Electronic check,93.85,93.85,Yes,0.9242,1,High,2025-11-01
9055-MOJJJ,Female,No,Yes,Yes,64,Yes,No,DSL,Yes,No,No,Yes,Yes,No,One year,No,Mailed check,65.8,4068.0,No,0.0362,0,Low,2026-08-01
4359-INNWN,Female,No,No,No,17,Yes,No,No,No,No,No,No,No,No,One year,No,Credit card (automatic),20.05,337.9,No,0.1283,0,Low,2025-12-01
0585-EGDDA,Male,No,Yes,No,40,Yes,No,Fiber optic,No,Yes,Yes,No,No,No,Month-to-month,Yes,Electronic check,80.0,3168.75,No,0.6084,0,High,2026-01-01
4032-RMHCI,Female,No,Yes,Yes,41,No,No,DSL,Yes,No,Yes,No,No,No,One year,No,Credit card (automatic),35.4,1412.4,No,0.0954,0,Low,2026-08-01
0549-CYCQN,Male,Yes,No,No,51,Yes,Yes,Fiber optic,No,Yes,No,No,No,No,One year,Yes,Bank transfer (automatic),79.6,3974.7,No,0.3779,0,Medium,2026-03-01
3481-JHUZH,Male,No,Yes,No,41,Yes,Yes,Fiber optic,No,Yes,No,No,No,No,Month-to-month,Yes,Electronic check,80.25,3439.0,No,0.6746,0,High,2025-12-01
7250-EQKIY,Female,No,Yes,Yes,1,Yes,No,DSL,No,No,Yes,No,No,No,Month-to-month,No,Mailed check,50.45,50.45,Yes,0.5231,0,Medium,2025-09-01
3594-IVHJZ,Female,No,No,No,2,Yes,No,No,No,No,No,No,No,No,Month-to-month,Yes,Mailed check,20.45,42.45,No,0.466,0,Medium,2026-02-01
6869-FGJJC,Male,No,No,No,68,Yes,No,Fiber optic,No,Yes,Yes,No,No,No,One year,No,Credit card (automatic),79.6,5461.45,No,0.1416,0,Low,2026-08-01
3896-ZVNET,Female,No,Yes,Yes,24,Yes,Yes,No,No,No,No,No,No,No,Two year,No,Mailed check,24.7,571.75,No,0.0578,0,Low,2026-02-01
8205-VSLRB,Male,No,Yes,No,70,Yes,Yes,DSL,Yes,No,Yes,Yes,No,Yes,Two year,No,Credit card (automatic),77.3,5498.2,No,0.0312,0,Low,2026-05-01
5960-MVTUK,Male,No,No,No,3,No,No,DSL,No,No,No,Yes,No,No,Month-to-month,Yes,Electronic check,29.75,96.85,No,0.7471,0,High,2025-12-01
6817-WTYHE,Male,No,No,No,2,Yes,No,DSL,No,No,No,No,No,No,Month-to-month,No,Bank transfer (automatic),44.9,111.05,No,0.5787,0,Medium,2026-06-01
3082-VQXNH,Male,No,Yes,No,3,No,No,DSL,No,Yes,No,No,No,No,Month-to-month,No,Credit card (automatic),29.8,94.4,No,0.6297,0,High,2026-06-01
4013-UBXWQ,Female,No,No,No,7,Yes,Yes,DSL,No,No,No,Yes,Yes,Yes,Month-to-month,Yes,Electronic check,74.65,521.1,Yes,0.7676,0,High,2026-04-01
4931-TRZWN,Female,No,No,No,13,Yes,No,DSL,Yes,No,No,No,Yes,Yes,Month-to-month,Yes,Electronic check,71.95,923.85,No,0.6668,0,High,2026-06-01
0750-EKNGL,Male,No,No,No,7,Yes,No,No,No,No,No,No,No,No,Month-to-month,No,Mailed check,20.75,141.1,No,0.3297,0,Medium,2026-03-01
7669-LCRSD,Male,No,Yes,Yes,12,Yes,No,DSL,No,No,No,No,Yes,No,Month-to-month,Yes,Mailed check,56.3,628.65,No,0.5795,0,Medium,2026-01-01
3567-PQTSO,Male,No,Yes,Yes,53,Yes,Yes,Fiber optic,No,Yes,Yes,No,Yes,Yes,One year,Yes,Electronic check,105.25,5576.3,No,0.5217,0,Medium,2026-05-01
5519-NPHVG,Female,No,No,No,12,Yes,Yes,Fiber optic,No,No,No,No,Yes,Yes,Month-to-month,Yes,Electronic check,94.2,1046.1,Yes,0.8996,1,High,2026-07-01
8043-PNYSD,Male,No,Yes,Yes,63,Yes,No,No,No,No,No,No,No,No,Two year,No,Mailed check,19.55,1245.6,No,0.0092,0,Low,2026-07-01
9938-EKRGF,Female,No,No,No,15,Yes,No,DSL,Yes,Yes,Yes,Yes,Yes,Yes,Month-to-month,No,Mailed check,84.45,1287.85,No,0.3562,0,Medium,2025-11-01
2703-AMTUL,Male,No,Yes,Yes,36,Yes,No,DSL,Yes,Yes,No,No,No,No,One year,No,Mailed check,53.65,1939.35,No,0.0846,0,Low,2026-05-01
0928-JMXNP,Male,Yes,Yes,No,4,No,No,DSL,No,No,Yes,No,No,No,Month-to-month,Yes,Electronic check,29.9,118.25,No,0.8244,1,High,2025-09-01
8173-RXAYP,Female,No,Yes,Yes,24,Yes,No,No,No,No,No,No,No,No,Two year,No,Mailed check,19.7,452.55,No,0.0457,0,Low,2026-03-01
4825-XJGDM,Female,No,No,No,61,No,No,DSL,Yes,Yes,Yes,Yes,No,No,One year,No,Credit card (automatic),43.7,2696.55,No,0.0389,0,Low,2026-03-01
5402-HTOTQ,Male,No,No,No,16,Yes,Yes,DSL,No,Yes,No,No,No,No,Month-to-month,No,Electronic check,55.3,875.35,No,0.5584,0,Medium,2026-01-01
6734-JDTTV,Male,No,Yes,Yes,65,Yes,No,No,No,No,No,No,No,No,Two year,Yes,Credit card (automatic),19.85,1267.05,No,0.0115,0,Low,2026-08-01
7850-THJMU,Female,No,Yes,Yes,26,Yes,No,No,No,No,No,No,No,No,Two year,No,Credit card (automatic),19.65,494.9,No,0.0402,0,Low,2026-07-01
3890-RTCMS,Male,No,No,No,16,Yes,No,DSL,No,No,No,Yes,No,No,Month-to-month,Yes,Mailed check,49.45,799.0,No,0.4687,0,Medium,2025-09-01
8849-GYOKR,Female,No,Yes,No,54,Yes,Yes,Fiber optic,Yes,Yes,No,No,Yes,Yes,One year,No,Bank transfer (automatic),106.55,5763.3,Yes,0.2991,0,Low,2025-11-01
3148-BLQJT,Male,No,No,No,1,Yes,No,No,No,No,No,No,No,No,Month-to-month,No,Mailed check,20.1,20.1,Yes,0.3903,0,Medium,2025-11-01
3717-FDJFU,Male,No,No,Yes,5,Yes,No,No,No,No,No,No,No,No,Two year,No,Mailed check,20.45,106.9,No,0.0998,0,Low,2026-07-01
3665-JATSN,Female,No,No,No,19,No,No,DSL,No,Yes,No,No,No,Yes,Month-to-month,Yes,Electronic check,39.7,710.05,No,0.7127,0,High,2026-03-01
7966-YOTQW,Male,No,No,No,10,Yes,Yes,DSL,Yes,No,No,No,No,No,Month-to-month,Yes,Credit card (automatic),54.5,568.2,No,0.5545,0,Medium,2026-05-01
0461-CVKMU,Female,No,Yes,Yes,23,Yes,No,Fiber optic,No,Yes,Yes,Yes,No,No,Month-to-month,No,Electronic check,83.8,1900.25,Yes,0.4929,0,Medium,2026-06-01
8806-EAGWC,Male,No,No,No,3,Yes,No,DSL,No,No,No,No,Yes,No,Month-to-month,No,Mailed check,55.15,159.15,Yes,0.6267,0,High,2026-06-01
8853-TZDGH,Female,No,No,No,72,Yes,Yes,Fiber optic,No,Yes,Yes,Yes,Yes,Yes,Two year,Yes,Bank transfer (automatic),111.6,8012.75,No,0.1921,0,Low,2025-10-01
7779-LGOVN,Male,Yes,Yes,No,10,Yes,Yes,Fiber optic,No,No,No,No,No,Yes,Month-to-month,Yes,Electronic check,86.65,856.65,Yes,0.9039,1,High,2025-10-01
4324-BZCKL,Female,No,Yes,Yes,10,Yes,No,DSL,No,Yes,Yes,No,No,No,Month-to-month,Yes,Mailed check,55.55,551.3,No,0.4926,0,Medium,2026-01-01
6924-TDGMT,Male,No,Yes,No,11,Yes,No,No,No,No,No,No,No,No,One year,Yes,Mailed check,20.55,184.95,No,0.2242,0,Low,2026-01-01
9710-ZUSHQ,Female,Yes,No,No,37,Yes,Yes,Fiber optic,Yes,Yes,No,No,Yes,Yes,Month-to-month,Yes,Bank transfer (automatic),106.75,4056.75,Yes,0.7037,0,High,2026-05-01
1536-YHDOE,Male,No,Yes,Yes,17,Yes,Yes,DSL,Yes,No,No,Yes,No,No,One year,Yes,Mailed check,62.1,1096.65,No,0.2127,0,Low,2025-10-01
8123-QBNAZ,Female,No,Yes,Yes,36,Yes,Yes,Fiber optic,Yes,No,Yes,No,Yes,Yes,Month-to-month,Yes,Credit card (automatic),104.5,3684.95,No,0.636,0,High,2026-01-01
3629-ZNKXA,Male,Yes,No,No,17,Yes,No,Fiber optic,No,Yes,Yes,No,Yes,Yes,Month-to-month,Yes,Electronic check,101.8,1752.45,No,0.8629,1,High,2025-11-01
4827-LTQRJ,Female,Yes,Yes,Yes,66,Yes,Yes,Fiber optic,Yes,Yes,No,Yes,Yes,Yes,One year,Yes,Credit card (automatic),110.6,7210.85,No,0.2489,0,Low,2025-11-01
7711-YIJWC,Male,No,Yes,Yes,61,Yes,No,DSL,Yes,Yes,Yes,Yes,Yes,Yes,One year,No,Bank transfer (automatic),84.9,5264.5,No,0.0534,0,Low,2025-11-01
5482-VXSXJ,Male,No,No,No,22,Yes,No,Fiber optic,No,Yes,No,No,Yes,Yes,Month-to-month,Yes,Mailed check,93.2,2157.3,No,0.7831,0,High,2025-11-01
7365-BVCJH,Male,No,No,No,1,No,No,DSL,No,No,No,No,No,No,Month-to-month,Yes,Electronic check,24.4,24.4,No,0.8239,1,High,2026-03-01
9620-ENEJV,Female,No,No,No,6,Yes,No,Fiber optic,No,No,No,No,No,No,Month-to-month,No,Credit card (automatic),70.55,433.95,No,0.7152,0,High,2026-01-01
4183-WCSEP,Male,No,No,No,31,Yes,No,Fiber optic,No,Yes,No,Yes,No,No,Month-to-month,Yes,Electronic check,78.45,2435.15,Yes,0.6002,0,High,2026-02-01
2378-YIZKA,Female,No,Yes,Yes,68,Yes,No,DSL,Yes,Yes,Yes,Yes,Yes,Yes,Two year,Yes,Credit card (automatic),85.0,5607.75,No,0.0325,0,Low,2026-02-01
5498-TXHLF,Female,No,Yes,Yes,34,Yes,Yes,Fiber optic,No,No,Yes,No,Yes,No,Month-to-month,No,Electronic check,87.45,2874.15,Yes,0.6567,0,High,2026-05-01
0689-DSXGL,Female,No,Yes,Yes,52,Yes,No,Fiber optic,No,Yes,Yes,Yes,No,No,Month-to-month,No,Bank transfer (automatic),85.8,4433.3,No,0.2277,0,Low,2026-07-01
6818-DJXAA,Female,No,No,Yes,10,Yes,No,Fiber optic,No,No,Yes,Yes,Yes,No,Month-to-month,Yes,Electronic check,91.1,964.35,No,0.7496,0,High,2026-03-01
9722-UJOJR,Male,No,Yes,Yes,29,Yes,No,Fiber optic,No,No,No,No,No,No,Month-to-month,Yes,Electronic check,70.75,1974.8,Yes,0.6665,0,High,2026-04-01
0464-WJTKO,Female,No,Yes,Yes,72,Yes,No,No,No,No,No,No,No,No,Two year,No,Bank transfer (automatic),20.1,1460.85,No,0.0058,0,Low,2026-05-01
8902-ZEOVF,Male,No,Yes,Yes,47,Yes,No,No,No,No,No,No,No,No,One year,No,Mailed check,20.05,951.55,No,0.0333,0,Low,2026-05-01
6778-EICRF,Male,No,Yes,Yes,24,Yes,Yes,DSL,Yes,No,No,No,Yes,Yes,One year,No,Mailed check,74.8,1821.2,No,0.2685,0,Low,2025-10-01
2662-NNTDK,Male,No,No,No,65,Yes,Yes,No,No,No,No,No,No,No,One year,No,Credit card (automatic),24.8,1600.95,No,0.0252,0,Low,2026-08-01
4132-KALRO,Female,No,No,No,4,Yes,Yes,Fiber optic,No,No,No,Yes,Yes,Yes,Month-to-month,Yes,Mailed check,100.85,399.25,No,0.8479,1,High,2025-10-01
3902-FOIGH,Male,Yes,Yes,No,12,Yes,Yes,Fiber optic,No,Yes,No,No,Yes,Yes,Month-to-month,Yes,Electronic check,101.35,1218.55,Yes,0.9027,1,High,2026-01-01
6772-KSATR,Male,No,No,No,1,Yes,Yes,Fiber optic,Yes,No,No,No,No,No,Month-to-month,Yes,Electronic check,81.7,81.7,Yes,0.8323,1,High,2026-04-01
7112-OPOTK,Male,No,No,No,33,Yes,No,Fiber optic,No,No,No,No,No,No,Month-to-month,No,Electronic check,68.25,2171.15,Yes,0.6085,0,High,2026-01-01
2874-YXVVA,Female,No,No,No,34,Yes,No,Fiber optic,No,Yes,Yes,Yes,Yes,Yes,Month-to-month,Yes,Electronic check,105.1,3634.8,No,0.7086,0,High,2025-11-01
1245-HARPS,Female,No,Yes,No,14,Yes,No,No,No,No,No,No,No,No,Two year,No,Mailed check,20.4,292.4,No,0.0845,0,Low,2026-08-01
4210-QFJMF,Female,No,No,No,4,Yes,No,Fiber optic,No,No,No,No,No,Yes,Month-to-month,Yes,Electronic check,79.15,317.25,Yes,0.8813,1,High,2025-09-01
4323-ELYYB,Male,No,Yes,Yes,13,Yes,No,No,No,No,No,No,No,No,One year,No,Mailed check,20.0,218.55,No,0.1272,0,Low,2025-11-01
4293-ETKAP,Female,No,Yes,Yes,65,Yes,Yes,DSL,No,Yes,No,Yes,Yes,Yes,Two year,Yes,Bank transfer (automatic),79.4,5071.9,No,0.0653,0,Low,2026-08-01
6064-PUPMC,Male,No,Yes,Yes,23,Yes,No,DSL,Yes,No,No,Yes,No,No,One year,No,Credit card (automatic),57.2,1423.35,No,0.1029,0,Low,2026-05-01
6504-VBLFL,Male,No,Yes,No,55,Yes,No,DSL,Yes,Yes,Yes,No,No,No,Two year,No,Electronic check,58.6,3068.6,No,0.0403,0,Low,2025-10-01
6322-PJJDJ,Male,No,Yes,No,49,Yes,No,Fiber optic,No,Yes,No,No,Yes,Yes,Two year,Yes,Electronic check,94.8,4690.65,No,0.38,0,Medium,2026-06-01
0330-BGYZE,Male,No,Yes,No,60,Yes,Yes,Fiber optic,No,Yes,Yes,No,Yes,Yes,One year,No,Bank transfer (automatic),102.5,6157.6,No,0.3545,0,Medium,2026-08-01
1085-LDWAM,Female,No,Yes,Yes,69,Yes,No,No,No,No,No,No,No,No,One year,Yes,Credit card (automatic),20.35,1442.65,No,0.0181,0,Low,2025-10-01
7586-ZATGZ,Male,No,No,No,40,Yes,Yes,Fiber optic,No,No,No,No,Yes,No,Month-to-month,Yes,Electronic check,84.9,3369.05,No,0.7572,0,High,2026-01-01
7197-VOJMM,Male,No,Yes,No,67,Yes,No,DSL,Yes,Yes,No,Yes,No,Yes,Two year,Yes,Credit card (automatic),69.2,4671.65,No,0.0316,0,Low,2026-02-01
3318-OSATS,Male,Yes,No,No,35,Yes,Yes,Fiber optic,No,No,No,No,Yes,Yes,Month-to-month,Yes,Electronic check,95.45,3474.05,Yes,0.8646,1,High,2025-10-01
5828-AVIPD,Male,No,Yes,Yes,19,Yes,Yes,Fiber optic,No,No,No,Yes,Yes,Yes,One year,Yes,Electronic check,100.95,1875.55,Yes,0.6708,0,High,2025-11-01
1843-TLSGD,Female,No,Yes,Yes,13,Yes,No,No,No,No,No,No,No,No,Two year,No,Mailed check,20.85,272.35,No,0.0709,0,Low,2025-11-01
9626-VFRGG,Female,No,No,Yes,41,Yes,Yes,Fiber optic,No,Yes,No,No,Yes,No,Month-to-month,Yes,Bank transfer (automatic),88.5,3645.05,No,0.5903,0,Medium,2025-11-01
7075-BNDVQ,Female,No,No,No,4,No,No,DSL,Yes,No,Yes,No,No,No,Month-to-month,No,Mailed check,35.0,135.75,No,0.5555,0,Medium,2026-01-01
9143-CANJF,Female,No,Yes,Yes,24,Yes,No,DSL,Yes,No,No,Yes,No,No,Month-to-month,No,Electronic check,55.15,1319.85,No,0.2398,0,Low,2026-02-01
7284-BUYEC,Female,No,No,No,5,No,No,DSL,No,Yes,No,No,Yes,Yes,Month-to-month,Yes,Credit card (automatic),50.95,229.4,No,0.7801,0,High,2025-11-01
2041-JIJCI,Female,No,No,No,5,Yes,Yes,DSL,No,Yes,No,No,No,Yes,Month-to-month,Yes,Electronic check,64.0,370.25,No,0.782,0,High,2025-12-01
1086-LXKFY,Female,No,Yes,Yes,1,Yes,No,Fiber optic,No,No,No,No,No,No,Month-to-month,Yes,Mailed check,69.1,69.1,Yes,0.7815,0,High,2025-11-01
4900-MSOMT,Female,No,Yes,Yes,72,Yes,Yes,DSL,Yes,Yes,Yes,Yes,Yes,No,Two year,No,Bank transfer (automatic),80.2,5714.2,No,0.0182,0,Low,2026-06-01
2229-VWQJH,Female,No,No,No,24,Yes,No,DSL,No,No,Yes,No,No,No,Month-to-month,Yes,Credit card (automatic),49.3,1233.25,No,0.4629,0,Medium,2025-11-01
9194-GFVOI,Female,No,Yes,No,42,Yes,Yes,DSL,Yes,No,Yes,Yes,Yes,Yes,Two year,No,Credit card (automatic),84.35,3571.6,No,0.0866,0,Low,2026-07-01
1336-EZFZY,Female,No,No,No,4,Yes,No,No,No,No,No,No,No,No,Month-to-month,No,Mailed check,20.05,83.3,No,0.3563,0,Medium,2026-03-01
4282-MSACW,Male,No,No,No,68,Yes,Yes,Fiber optic,Yes,Yes,Yes,Yes,Yes,Yes,One year,Yes,Credit card (automatic),117.2,8035.95,No,0.2643,0,Low,2026-06-01
1403-LKLIK,Female,No,Yes,Yes,33,Yes,No,No,No,No,No,No,No,No,One year,No,Mailed check,20.1,579.4,No,0.0569,0,Low,2026-04-01
2636-ALXXZ,Female,Yes,No,No,1,Yes,No,Fiber optic,No,No,No,No,No,No,Month-to-month,Yes,Electronic check,69.6,69.6,Yes,0.8824,1,High,2025-12-01
7774-OJSXI,Male,No,No,No,31,Yes,Yes,Fiber optic,No,Yes,Yes,No,Yes,Yes,One year,Yes,Electronic check,103.45,3066.45,Yes,0.6943,0,High,2026-04-01
7786-WBJYI,Female,No,No,No,4,Yes,Yes,Fiber optic,No,Yes,No,No,No,No,Month-to-month,No,Bank transfer (automatic),77.95,305.55,Yes,0.7392,0,High,2025-12-01
0136-IFMYD,Male,Yes,Yes,No,69,Yes,Yes,Fiber optic,No,Yes,Yes,Yes,Yes,Yes,Two year,Yes,Electronic check,109.95,7634.25,No,0.3131,0,Medium,2025-10-01
5144-TVGLP,Male,Yes,No,No,38,Yes,Yes,Fiber optic,No,No,No,No,Yes,Yes,Month-to-month,No,Electronic check,94.75,3653.0,No,0.7999,1,High,2025-12-01
9643-AVVWI,Female,No,Yes,Yes,3,Yes,No,Fiber optic,No,Yes,No,Yes,No,No,Month-to-month,Yes,Electronic check,80.0,241.3,No,0.7228,0,High,2025-12-01
0253-ZTEOB,Female,No,Yes,Yes,48,Yes,Yes,DSL,No,Yes,No,Yes,Yes,Yes,Two year,No,Electronic check,79.65,3870.3,No,0.1057,0,Low,2025-10-01
2706-QZIHY,Female,No,Yes,No,15,Yes,Yes,No,No,No,No,No,No,No,Two year,No,Mailed check,25.2,387.9,No,0.1013,0,Low,2025-09-01
6061-PQHMK,Female,No,No,No,25,Yes,No,No,No,No,No,No,No,No,One year,No,Credit card (automatic),19.9,527.5,No,0.0954,0,Low,2026-08-01
9885-CSMWE,Female,Yes,No,No,1,Yes,No,Fiber optic,No,No,No,No,Yes,No,Month-to-month,No,Electronic check,78.45,78.45,Yes,0.8623,1,High,2026-03-01
6137-MFAJN,Female,No,No,No,48,No,No,DSL,Yes,Yes,No,No,Yes,No,Month-to-month,Yes,Electronic check,44.8,2104.55,No,0.3376,0,Medium,2026-01-01
9122-UMROB,Male,No,No,No,1,Yes,No,No,No,No,No,No,No,No,Month-to-month,No,Mailed check,20.3,20.3,No,0.3898,0,Medium,2026-08-01
4232-JGKIY,Male,No,No,No,1,Yes,No,No,No,No,No,No,No,No,Month-to-month,No,Electronic check,19.2,19.2,No,0.4687,0,Medium,2025-11-01
2402-TAIRZ,Female,No,No,No,37,Yes,No,Fiber optic,No,Yes,Yes,No,No,No,One year,No,Electronic check,80.05,3019.1,No,0.3652,0,Medium,2026-01-01
9659-ZTWSM,Male,Yes,Yes,No,66,Yes,Yes,Fiber optic,No,Yes,Yes,Yes,Yes,Yes,One year,Yes,Bank transfer (automatic),107.35,7051.95,No,0.3808,0,Medium,2026-07-01
9139-TWBAS,Female,No,Yes,No,26,No,No,DSL,Yes,Yes,Yes,No,Yes,No,One year,No,Bank transfer (automatic),47.85,1190.5,No,0.2059,0,Low,2026-04-01
6685-GBWJZ,Male,No,Yes,No,63,Yes,No,DSL,Yes,Yes,No,Yes,Yes,No,One year,No,Credit card (automatic),70.8,4448.8,No,0.0418,0,Low,2026-01-01
5016-ETTFF,Male,No,No,No,10,No,No,DSL,No,No,Yes,No,No,No,Month-to-month,No,Mailed check,29.5,255.25,Yes,0.6055,0,High,2025-12-01
3866-MDTUB,Female,No,No,No,2,Yes,No,DSL,Yes,No,No,No,Yes,Yes,Month-to-month,Yes,Electronic check,70.75,146.9,Yes,0.7411,0,High,2025-09-01
2195-VVRJF,Male,Yes,Yes,No,18,Yes,No,DSL,Yes,No,No,No,No,Yes,Month-to-month,Yes,Credit card (automatic),59.1,1011.05,No,0.5435,0,Medium,2025-10-01
3913-RDSJZ,Female,No,Yes,No,64,Yes,Yes,No,No,No,No,No,No,No,Two year,No,Mailed check,25.55,1714.95,No,0.0147,0,Low,2025-10-01
8058-JMEQO,Female,Yes,No,No,9,Yes,Yes,Fiber optic,No,No,No,No,No,Yes,Month-to-month,Yes,Electronic check,84.45,762.5,Yes,0.9076,1,High,2026-06-01
4203-QGNZA,Female,No,No,Yes,28,Yes,No,No,No,No,No,No,No,No,Month-to-month,No,Mailed check,20.25,535.35,No,0.1353,0,Low,2026-04-01
5043-TRZWM,Female,No,No,No,1,Yes,No,Fiber optic,No,No,Yes,No,No,No,Month-to-month,No,Electronic check,75.55,75.55,No,0.7991,1,High,2026-02-01
0697-ZMSWS,Male,No,No,No,4,Yes,Yes,Fiber optic,No,No,No,No,No,Yes,Month-to-month,Yes,Electronic check,85.65,338.9,Yes,0.9033,1,High,2026-06-01
7657-DYEPJ,Male,Yes,No,No,38,Yes,No,DSL,No,Yes,Yes,Yes,Yes,No,One year,Yes,Credit card (automatic),70.15,2497.35,Yes,0.1946,0,Low,2025-10-01
9494-BDNNC,Male,No,Yes,No,66,Yes,Yes,Fiber optic,No,Yes,Yes,No,No,Yes,One year,No,Electronic check,95.3,6273.4,No,0.333,0,Medium,2025-11-01
1640-PLFMP,Female,No,No,No,1,Yes,No,Fiber optic,No,No,No,No,No,No,Month-to-month,Yes,Electronic check,70.25,70.25,No,0.8596,1,High,2026-01-01
5366-OBVMR,Female,No,Yes,No,18,Yes,No,DSL,No,No,No,Yes,No,No,Month-to-month,Yes,Mailed check,50.3,908.75,No,0.4418,0,Medium,2026-08-01
8276-MQBYC,Male,Yes,No,No,51,Yes,Yes,Fiber optic,No,No,Yes,No,Yes,Yes,Month-to-month,Yes,Electronic check,97.8,4913.3,Yes,0.8018,1,High,2026-04-01
7644-OMVMY,Male,No,Yes,Yes,0,Yes,No,No,No,No,No,No,No,No,Two year,No,Mailed check,19.85,0.0,No,0.1201,0,Low,2026-07-01
7593-XFKDI,Male,No,No,No,1,Yes,No,DSL,No,No,No,No,No,No,Month-to-month,No,Mailed check,46.3,46.3,Yes,0.5976,0,Medium,2025-11-01
4573-JKNAE,Male,No,No,Yes,12,Yes,No,No,No,No,No,No,No,No,Two year,No,Bank transfer (automatic),19.35,212.3,No,0.0721,0,Low,2026-07-01
0337-CNPZE,Female,No,No,No,41,Yes,Yes,Fiber optic,No,Yes,Yes,No,Yes,Yes,Month-to-month,Yes,Electronic check,106.3,4443.45,Yes,0.7903,0,High,2025-09-01
9817-APLHW,Male,No,No,No,12,Yes,Yes,No,No,No,No,No,No,No,Month-to-month,No,Electronic check,25.0,316.2,No,0.4099,0,Medium,2025-11-01
8380-MQINP,Female,No,Yes,Yes,55,Yes,No,No,No,No,No,No,No,No,Two year,No,Mailed check,20.3,1079.05,No,0.0125,0,Low,2026-03-01
0840-DFEZH,Female,No,No,No,7,Yes,Yes,Fiber optic,No,No,No,No,No,No,Month-to-month,Yes,Electronic check,75.35,564.65,No,0.8655,1,High,2025-09-01
1513-XNPPH,Female,No,No,No,12,Yes,No,Fiber optic,No,No,Yes,Yes,No,Yes,Month-to-month,Yes,Electronic check,89.4,1095.65,Yes,0.797,1,High,2026-07-01
8690-ZVLCL,Female,No,Yes,Yes,68,Yes,Yes,DSL,Yes,Yes,Yes,Yes,Yes,Yes,Two year,No,Credit card (automatic),88.0,6161.9,No,0.0324,0,Low,2026-07-01
6015-VVHHE,Female,Yes,No,No,5,Yes,Yes,Fiber optic,No,No,No,No,Yes,No,Month-to-month,Yes,Credit card (automatic),83.15,446.05,Yes,0.8775,1,High,2026-03-01
1125-SNVCK,Female,Yes,No,No,49,Yes,No,DSL,No,No,No,No,No,No,Month-to-month,No,Mailed check,43.8,2106.05,No,0.2311,0,Low,2025-12-01
0384-LPITE,Male,No,No,No,40,No,No,DSL,Yes,Yes,Yes,No,Yes,Yes,One year,No,Credit card (automatic),62.05,2511.55,No,0.1897,0,Low,2025-10-01
4616-EWBNJ,Female,No,No,No,16,Yes,No,No,No,No,No,No,No,No,One year,No,Bank transfer (automatic),20.1,318.6,No,0.1317,0,Low,2026-04-01
6347-DCUIK,Male,No,No,No,10,Yes,Yes,Fiber optic,No,No,No,No,No,No,Month-to-month,Yes,Mailed check,74.15,811.8,Yes,0.8172,1,High,2026-03-01
1335-HQMKX,Female,No,Yes,No,72,Yes,Yes,Fiber optic,No,Yes,Yes,No,Yes,Yes,One year,Yes,Electronic check,101.35,7323.15,No,0.4594,0,Medium,2026-06-01
2545-EBUPK,Female,Yes,No,No,2,Yes,Yes,Fiber optic,No,No,No,No,No,Yes,Month-to-month,Yes,Electronic check,84.05,186.05,No,0.9234,1,High,2026-04-01
6923-AQONU,Male,No,Yes,Yes,23,Yes,No,No,No,No,No,No,No,No,Two year,No,Mailed check,20.9,454.0,No,0.048,0,Low,2025-10-01
2172-EJXVF,Female,Yes,No,No,71,Yes,Yes,Fiber optic,No,Yes,Yes,No,Yes,Yes,One year,Yes,Electronic check,105.9,7521.95,No,0.5213,0,Medium,2025-10-01
0897-FEGMU,Female,No,Yes,No,11,Yes,Yes,Fiber optic,No,No,Yes,No,Yes,Yes,Month-to-month,Yes,Electronic check,99.5,1056.95,Yes,0.8978,1,High,2026-06-01
7663-RGWBC,Male,No,No,No,1,Yes,No,DSL,No,No,No,No,No,No,Month-to-month,Yes,Mailed check,44.15,44.15,Yes,0.6886,0,High,2025-10-01
1120-BMWUB,Female,No,No,No,16,Yes,No,DSL,No,Yes,No,Yes,No,No,Month-to-month,Yes,Mailed check,53.9,834.15,Yes,0.4223,0,Medium,2026-08-01
9124-LHCJQ,Female,No,No,No,1,Yes,Yes,Fiber optic,No,No,No,No,No,Yes,Month-to-month,Yes,Mailed check,85.45,85.45,Yes,0.88,1,High,2025-10-01
4536-PLEQY,Male,No,Yes,No,12,Yes,No,Fiber optic,No,Yes,No,No,No,Yes,Month-to-month,Yes,Credit card (automatic),85.05,999.8,No,0.7749,0,High,2026-05-01
7029-IJEJK,Female,No,No,No,54,No,No,DSL,Yes,No,No,Yes,No,Yes,One year,No,Bank transfer (automatic),44.1,2369.7,No,0.0787,0,Low,2026-08-01
8871-JLMHM,Female,No,Yes,No,68,Yes,Yes,Fiber optic,No,Yes,Yes,Yes,No,No,Two year,No,Credit card (automatic),90.2,6297.65,No,0.0804,0,Low,2026-02-01
2235-ZGKPT,Female,No,Yes,Yes,4,Yes,Yes,DSL,No,No,No,No,No,No,Month-to-month,No,Mailed check,50.85,239.55,Yes,0.5662,0,Medium,2025-09-01
3891-PUQOD,Female,No,No,Yes,1,Yes,No,DSL,No,No,Yes,No,No,Yes,Month-to-month,No,Electronic check,59.2,59.2,Yes,0.6674,0,High,2026-07-01
5447-VYTKW,Male,No,No,No,27,Yes,No,DSL,Yes,No,No,Yes,No,No,Month-to-month,No,Mailed check,53.45,1461.45,No,0.2147,0,Low,2025-11-01
3623-FQBOX,Male,No,No,No,21,Yes,No,No,No,No,No,No,No,No,Month-to-month,Yes,Mailed check,19.95,416.4,No,0.2839,0,Low,2026-03-01
0689-NKYLF,Male,No,No,No,13,Yes,No,Fiber optic,No,No,Yes,No,Yes,No,Month-to-month,Yes,Electronic check,83.2,1060.6,Yes,0.8367,1,High,2026-08-01
8659-HDIYE,Female,Yes,No,No,64,Yes,Yes,DSL,No,Yes,Yes,Yes,No,Yes,Month-to-month,No,Credit card (automatic),74.65,4869.35,No,0.1866,0,Low,2026-05-01
3658-KIBGF,Female,No,No,No,1,Yes,No,DSL,Yes,Yes,No,No,No,No,Month-to-month,Yes,Electronic check,54.9,54.9,Yes,0.6127,0,High,2025-09-01
3474-BAFSJ,Male,No,Yes,No,57,No,No,DSL,No,Yes,Yes,Yes,Yes,Yes,Two year,Yes,Bank transfer (automatic),57.5,3265.95,No,0.095,0,Low,2026-06-01
5519-YLDGW,Female,No,Yes,No,21,Yes,Yes,Fiber optic,Yes,No,Yes,No,Yes,Yes,Month-to-month,Yes,Electronic check,103.9,2254.2,Yes,0.8234,1,High,2025-10-01
3865-ZFZIB,Male,No,No,No,19,Yes,No,No,No,No,No,No,No,No,Two year,No,Mailed check,19.65,358.15,No,0.0714,0,Low,2026-05-01
1855-AGAWH,Male,No,Yes,No,31,Yes,No,Fiber optic,No,No,Yes,No,Yes,Yes,One year,Yes,Electronic check,93.8,2939.8,No,0.6765,0,High,2026-04-01
7109-CQYUZ,Male,No,No,No,52,Yes,Yes,DSL,Yes,Yes,Yes,Yes,Yes,Yes,Two year,Yes,Mailed check,89.25,4652.4,No,0.09,0,Low,2025-12-01
1370-GGAWX,Female,No,No,No,46,Yes,Yes,Fiber optic,No,Yes,Yes,No,No,Yes,One year,Yes,Electronic check,94.15,4408.45,No,0.5521,0,Medium,2026-02-01
4680-KUTAJ,Female,Yes,No,No,11,Yes,Yes,DSL,Yes,No,No,No,No,No,Month-to-month,Yes,Electronic check,55.6,580.8,No,0.668,0,High,2025-10-01
5307-UVGNB,Female,No,Yes,Yes,53,No,No,DSL,Yes,Yes,Yes,No,No,Yes,Month-to-month,Yes,Bank transfer (automatic),48.7,2495.2,No,0.1997,0,Low,2026-08-01
4946-EDSEW,Female,No,Yes,Yes,11,Yes,No,No,No,No,No,No,No,No,Month-to-month,Yes,Mailed check,19.25,180.3,Yes,0.3194,0,Medium,2025-11-01
2883-ILGWO,Male,Yes,No,No,57,Yes,Yes,Fiber optic,No,Yes,No,Yes,Yes,Yes,Month-to-month,Yes,Bank transfer (automatic),104.9,5913.95,No,0.6079,0,High,2025-12-01
2516-VQRRV,Female,Yes,No,No,2,Yes,Yes,Fiber optic,No,No,No,No,No,No,Month-to-month,Yes,Mailed check,75.45,158.4,Yes,0.8688,1,High,2026-03-01
7580-UGXNC,Female,Yes,No,No,2,Yes,No,DSL,Yes,Yes,No,No,No,No,Month-to-month,No,Mailed check,54.85,104.2,Yes,0.4835,0,Medium,2026-05-01
3642-BYHDO,Female,No,Yes,Yes,71,Yes,No,No,No,No,No,No,No,No,Two year,No,Bank transfer (automatic),19.9,1389.35,No,0.006,0,Low,2026-03-01
9629-NHXFW,Female,No,Yes,Yes,1,Yes,No,No,No,No,No,No,No,No,Month-to-month,Yes,Mailed check,19.4,19.4,No,0.4201,0,Medium,2026-03-01
2696-RZVZW,Male,No,Yes,No,68,Yes,Yes,No,No,No,No,No,No,No,Two year,No,Credit card (automatic),25.05,1629.2,No,0.0117,0,Low,2026-03-01
5766-FTRTS,Male,No,Yes,No,72,Yes,No,DSL,Yes,Yes,Yes,Yes,Yes,Yes,Two year,No,Mailed check,84.45,6033.1,No,0.0277,0,Low,2026-07-01
0396-HUJBP,Female,No,No,No,2,Yes,No,No,No,No,No,No,No,No,Month-to-month,No,Mailed check,19.3,44.4,No,0.3781,0,Medium,2026-01-01
5178-LMXOP,Male,Yes,Yes,No,1,Yes,Yes,Fiber optic,No,No,No,No,Yes,Yes,Month-to-month,Yes,Electronic check,95.1,95.1,Yes,0.9365,1,High,2026-06-01
8879-ZKJOF,Female,No,No,No,41,Yes,No,DSL,Yes,No,Yes,Yes,Yes,Yes,One year,Yes,Bank transfer (automatic),79.85,3320.75,No,0.1697,0,Low,2026-06-01
6285-FTQBF,Male,No,Yes,Yes,72,Yes,Yes,No,No,No,No,No,No,No,Two year,No,Credit card (automatic),25.55,1867.7,No,0.0081,0,Low,2026-08-01
8185-UPYBR,Male,No,Yes,No,6,Yes,Yes,Fiber optic,No,No,No,No,No,No,Month-to-month,Yes,Electronic check,75.5,438.0,Yes,0.8684,1,High,2026-07-01
4585-HETAI,Female,No,Yes,Yes,4,Yes,No,Fiber optic,No,No,Yes,No,No,No,Month-to-month,Yes,Electronic check,73.75,325.45,Yes,0.81,1,High,2026-06-01
7526-BEZQB,Male,No,No,No,12,Yes,Yes,Fiber optic,No,No,No,No,Yes,Yes,Month-to-month,Yes,Electronic check,96.05,1148.1,Yes,0.9014,1,High,2025-11-01
1474-JUWSM,Female,No,Yes,No,58,Yes,Yes,DSL,Yes,No,No,Yes,No,Yes,One year,Yes,Electronic check,68.4,3972.25,No,0.1458,0,Low,2026-06-01
3530-CRZSB,Female,No,No,No,7,Yes,No,No,No,No,No,No,No,No,Month-to-month,No,Mailed check,20.65,155.9,No,0.3266,0,Medium,2026-05-01
8498-XXGWA,Female,No,Yes,No,65,Yes,No,DSL,Yes,No,Yes,No,No,No,Month-to-month,Yes,Mailed check,55.15,3673.15,No,0.1252,0,Low,2025-12-01
9617-INGJY,Male,No,No,No,1,Yes,No,Fiber optic,No,No,No,No,No,No,Month-to-month,Yes,Mailed check,70.6,70.6,No,0.82,1,High,2026-05-01
0621-TSSMU,Male,No,Yes,No,56,Yes,No,No,No,No,No,No,No,No,One year,No,Credit card (automatic),19.95,1126.75,No,0.0274,0,Low,2025-12-01
7234-KMNRQ,Male,No,No,No,4,Yes,No,No,No,No,No,No,No,No,Month-to-month,No,Mailed check,19.0,73.45,No,0.3628,0,Medium,2026-03-01
7636-PEPNS,Female,No,Yes,Yes,58,Yes,No,DSL,No,No,No,No,No,No,One year,Yes,Mailed check,44.1,2413.05,No,0.0878,0,Low,2026-06-01
4683-WYDOU,Male,No,Yes,No,62,Yes,Yes,Fiber optic,No,No,Yes,Yes,Yes,Yes,Two year,Yes,Bank transfer (automatic),107.6,6912.7,No,0.2627,0,Low,2025-11-01
9052-DHNKM,Male,No,No,No,26,Yes,Yes,DSL,Yes,Yes,No,No,No,No,One year,No,Electronic check,61.55,1581.95,No,0.2229,0,Low,2026-01-01
6794-HKIAJ,Male,No,No,No,62,Yes,Yes,Fiber optic,Yes,Yes,Yes,No,No,No,Month-to-month,No,Bank transfer (automatic),90.7,5586.45,No,0.2666,0,Low,2026-06-01
5578-NKCXI,Female,No,Yes,Yes,58,Yes,No,Fiber optic,Yes,Yes,No,No,Yes,Yes,One year,No,Credit card (automatic),99.25,5846.65,No,0.1923,0,Low,2026-02-01
1642-HMARX,Female,No,Yes,No,68,Yes,Yes,DSL,Yes,Yes,Yes,Yes,Yes,Yes,Two year,Yes,Electronic check,91.7,6424.7,No,0.0819,0,Low,2026-08-01
3096-WPXBT,Female,No,Yes,Yes,61,Yes,Yes,Fiber optic,Yes,Yes,Yes,No,No,Yes,One year,Yes,Credit card (automatic),100.7,6018.65,No,0.2331,0,Low,2025-09-01
8434-PNQZX,Female,No,No,No,42,Yes,Yes,DSL,No,No,Yes,Yes,Yes,Yes,Two year,Yes,Credit card (automatic),78.45,3373.4,No,0.1726,0,Low,2026-05-01
5950-AAAGJ,Male,No,No,No,18,Yes,Yes,Fiber optic,No,No,No,No,Yes,No,Month-to-month,No,Bank transfer (automatic),84.3,1537.9,No,0.7358,0,High,2026-06-01
4299-OPXEJ,Female,No,No,No,56,Yes,No,No,No,No,No,No,No,No,Two year,Yes,Bank transfer (automatic),19.55,1080.55,No,0.0207,0,Low,2026-08-01
4951-UKAAQ,Female,No,No,No,4,Yes,Yes,Fiber optic,No,Yes,No,No,No,Yes,Month-to-month,Yes,Electronic check,88.95,355.2,Yes,0.8865,1,High,2025-10-01
9618-LFJRU,Female,No,No,No,4,Yes,No,No,No,No,No,No,No,No,Month-to-month,No,Credit card (automatic),20.45,82.85,No,0.3441,0,Medium,2026-08-01
6693-DJWTY,Female,No,No,Yes,35,Yes,No,DSL,Yes,Yes,No,No,No,No,One year,No,Credit card (automatic),55.6,2016.45,No,0.0836,0,Low,2026-01-01
0744-GKNGE,Female,No,Yes,Yes,64,Yes,Yes,Fiber optic,Yes,No,No,Yes,No,No,Month-to-month,Yes,Bank transfer (automatic),86.8,5327.25,No,0.2315,0,Low,2026-01-01
6447-EGDIV,Female,No,No,No,31,Yes,No,No,No,No,No,No,No,No,One year,No,Mailed check,20.95,683.25,No,0.0787,0,Low,2026-01-01
1167-OYZJF,Female,Yes,Yes,No,67,Yes,No,No,No,No,No,No,No,No,Two year,Yes,Bank transfer (automatic),20.05,1263.05,No,0.0155,0,Low,2026-04-01
2108-YKQTY,Female,No,No,No,4,Yes,No,DSL,No,Yes,No,No,No,No,Month-to-month,No,Credit card (automatic),50.7,151.3,Yes,0.5083,0,Medium,2026-04-01
4806-DXQCE,Female,Yes,Yes,No,70,Yes,Yes,Fiber optic,Yes,Yes,Yes,Yes,Yes,Yes,Two year,Yes,Electronic check,113.65,7714.65,No,0.2215,0,Low,2026-02-01
4918-QLLIW,Male,No,No,No,3,Yes,No,DSL,No,No,No,No,Yes,No,Month-to-month,No,Credit card (automatic),53.4,188.7,Yes,0.6214,0,High,2025-09-01
7056-IMHCC,Male,Yes,Yes,No,53,Yes,Yes,Fiber optic,No,Yes,No,No,Yes,Yes,Month-to-month,Yes,Electronic check,101.9,5549.4,Yes,0.7792,0,High,2026-08-01
4854-SSLTN,Male,No,Yes,Yes,2,Yes,No,DSL,Yes,Yes,No,Yes,No,No,Two year,No,Mailed check,59.5,130.5,No,0.0996,0,Low,2025-11-01
5294-DMSFH,Female,No,Yes,Yes,29,Yes,No,Fiber optic,No,No,No,No,Yes,Yes,Month-to-month,Yes,Credit card (automatic),87.8,2621.75,No,0.7188,0,High,2025-10-01
4837-PZTIC,Female,No,No,No,47,No,No,DSL,Yes,No,Yes,Yes,No,No,Two year,No,Mailed check,41.9,1875.25,No,0.0405,0,Low,2026-04-01
1625-JAIIY,Female,No,Yes,Yes,68,Yes,Yes,Fiber optic,No,No,No,No,Yes,No,One year,Yes,Electronic check,83.0,5685.8,Yes,0.3501,0,Medium,2026-01-01
0603-OLQDC,Male,No,No,Yes,12,Yes,No,DSL,Yes,No,No,No,Yes,Yes,Month-to-month,Yes,Mailed check,69.85,837.5,No,0.5557,0,Medium,2026-04-01
3272-VUHPV,Female,No,Yes,Yes,8,Yes,No,DSL,No,Yes,No,Yes,No,No,Month-to-month,No,Bank transfer (automatic),56.3,401.5,No,0.324,0,Medium,2026-07-01
4176-FXYBO,Male,No,Yes,No,54,Yes,Yes,Fiber optic,Yes,Yes,Yes,No,Yes,Yes,Month-to-month,No,Electronic check,109.55,6118.95,No,0.5757,0,Medium,2025-10-01
1063-DHQJF,Male,No,Yes,Yes,69,Yes,No,Fiber optic,No,Yes,No,Yes,Yes,No,Two year,Yes,Mailed check,92.15,6480.9,No,0.0962,0,Low,2025-12-01
8663-UPDGF,Female,No,No,No,26,Yes,Yes,DSL,Yes,Yes,No,No,Yes,No,Month-to-month,Yes,Bank transfer (automatic),69.5,1800.05,No,0.4268,0,Medium,2026-03-01
6719-FGEDO,Female,No,Yes,No,72,Yes,Yes,Fiber optic,Yes,Yes,Yes,Yes,No,No,Two year,Yes,Bank transfer (automatic),97.0,7104.2,No,0.0731,0,Low,2026-06-01
1837-YQUCE,Female,No,No,No,70,No,No,DSL,Yes,No,Yes,Yes,Yes,Yes,Two year,Yes,Bank transfer (automatic),58.35,4214.25,No,0.0509,0,Low,2026-04-01
2947-DOMLJ,Male,No,No,Yes,1,Yes,No,DSL,Yes,No,No,No,No,No,Month-to-month,No,Mailed check,50.6,50.6,Yes,0.4348,0,Medium,2026-01-01
4112-LUEIZ,Male,No,No,No,10,Yes,No,Fiber optic,No,No,No,No,Yes,Yes,Month-to-month,Yes,Electronic check,89.5,863.1,Yes,0.8848,1,High,2026-04-01
0369-ZGOVK,Female,No,Yes,Yes,28,Yes,No,Fiber optic,No,No,No,No,No,No,One year,Yes,Bank transfer (automatic),70.4,1992.2,No,0.4105,0,Medium,2026-08-01
4510-HIMLV,Male,No,No,No,1,Yes,No,Fiber optic,No,No,No,No,No,No,Month-to-month,Yes,Electronic check,69.8,69.8,Yes,0.8625,1,High,2026-02-01
9919-KNPOO,Female,No,Yes,No,21,Yes,Yes,Fiber optic,No,No,No,No,Yes,Yes,Month-to-month,Yes,Electronic check,94.3,1948.35,No,0.8764,1,High,2026-07-01
8749-JMNKX,Male,Yes,Yes,No,51,Yes,Yes,Fiber optic,Yes,No,Yes,No,Yes,No,Month-to-month,Yes,Bank transfer (automatic),93.8,4750.95,Yes,0.5653,0,Medium,2026-06-01
7872-BAAZR,Female,No,Yes,Yes,53,Yes,No,No,No,No,No,No,No,No,One year,No,Bank transfer (automatic),19.55,1007.9,No,0.0239,0,Low,2025-12-01
9391-LMANN,Male,No,No,Yes,53,Yes,No,Fiber optic,Yes,Yes,Yes,No,No,Yes,One year,No,Electronic check,95.95,5036.9,No,0.2235,0,Low,2025-11-01
2430-USGXP,Male,No,Yes,No,24,Yes,Yes,Fiber optic,No,No,Yes,No,Yes,Yes,Month-to-month,Yes,Electronic check,101.05,2391.8,Yes,0.8654,1,High,2026-06-01
8174-TBVCF,Female,No,Yes,No,70,Yes,Yes,DSL,Yes,Yes,Yes,Yes,Yes,Yes,Two year,Yes,Credit card (automatic),94.8,6859.05,No,0.057,0,Low,2025-11-01
1698-XFZCI,Male,No,No,No,61,Yes,Yes,Fiber optic,Yes,Yes,Yes,No,Yes,Yes,One year,Yes,Electronic check,107.75,6521.9,No,0.4384,0,Medium,2026-01-01
1877-HKBQX,Female,No,No,No,11,Yes,No,DSL,Yes,No,No,Yes,No,No,One year,Yes,Mailed check,54.6,617.85,No,0.2485,0,Low,2025-11-01
4450-DLLMH,Male,No,No,No,2,Yes,No,Fiber optic,No,No,No,No,No,No,Month-to-month,Yes,Credit card (automatic),71.3,157.75,No,0.8072,1,High,2026-04-01
0428-AXXLJ,Male,No,No,No,25,Yes,No,No,No,No,No,No,No,No,One year,Yes,Bank transfer (automatic),19.5,516.3,No,0.134,0,Low,2025-12-01
2746-DIJLO,Female,No,No,No,41,Yes,Yes,DSL,No,Yes,No,No,No,No,One year,Yes,Credit card (automatic),56.3,2364.0,No,0.2069,0,Low,2026-04-01
5955-ERIHD,Male,No,Yes,No,18,Yes,Yes,Fiber optic,No,No,No,No,Yes,Yes,Month-to-month,Yes,Electronic check,94.7,1687.95,Yes,0.8865,1,High,2026-08-01
0917-EZOLA,Male,Yes,Yes,No,72,Yes,Yes,Fiber optic,No,Yes,Yes,No,Yes,Yes,Two year,Yes,Bank transfer (automatic),104.15,7689.95,Yes,0.289,0,Low,2026-06-01
3508-VLHCZ,Female,No,Yes,Yes,71,Yes,Yes,DSL,Yes,Yes,Yes,Yes,Yes,Yes,Two year,Yes,Credit card (automatic),90.55,6239.05,No,0.0401,0,Low,2026-08-01
4086-ATNFV,Female,No,Yes,Yes,34,Yes,No,DSL,Yes,Yes,Yes,No,No,No,One year,Yes,Mailed check,60.8,2042.05,No,0.1206,0,Low,2025-09-01
0468-YRPXN,Male,No,No,No,29,Yes,No,Fiber optic,No,No,Yes,Yes,Yes,Yes,Month-to-month,Yes,Credit card (automatic),98.8,2807.1,No,0.6889,0,High,2026-02-01
5996-NRVXR,Male,Yes,Yes,No,40,Yes,No,Fiber optic,Yes,Yes,Yes,Yes,Yes,No,One year,Yes,Credit card (automatic),98.15,4116.8,No,0.3008,0,Medium,2025-11-01
3739-YBWAB,Male,No,Yes,No,36,No,No,DSL,Yes,No,Yes,No,No,No,One year,No,Mailed check,35.35,1317.95,No,0.1497,0,Low,2026-08-01
7047-FWEYA,Female,No,Yes,No,46,Yes,Yes,Fiber optic,No,Yes,No,Yes,Yes,Yes,One year,Yes,Electronic check,103.15,4594.65,No,0.5269,0,Medium,2026-05-01
2000-MPKCA,Female,No,No,No,58,Yes,Yes,Fiber optic,Yes,Yes,Yes,No,Yes,Yes,One year,Yes,Electronic check,107.75,6332.75,No,0.4583,0,Medium,2025-12-01
9762-YAQAA,Male,No,No,No,39,Yes,Yes,Fiber optic,No,Yes,No,No,No,No,One year,No,Credit card (automatic),81.4,3213.75,No,0.3358,0,Medium,2026-03-01
5949-EBSQK,Male,No,Yes,Yes,4,Yes,No,DSL,No,No,No,Yes,No,Yes,Month-to-month,No,Credit card (automatic),61.45,229.55,Yes,0.4736,0,Medium,2026-04-01
5473-KHBPS,Female,No,Yes,Yes,52,Yes,Yes,Fiber optic,No,Yes,Yes,No,Yes,No,One year,Yes,Credit card (automatic),95.7,4976.15,No,0.3427,0,Medium,2026-02-01
0100-DUVFC,Male,Yes,Yes,No,70,Yes,Yes,Fiber optic,No,Yes,Yes,No,Yes,Yes,One year,Yes,Electronic check,104.8,7308.95,No,0.5261,0,Medium,2026-02-01
5397-TUPSH,Male,Yes,Yes,No,65,Yes,No,Fiber optic,No,No,No,No,No,No,One year,Yes,Bank transfer (automatic),70.95,4555.2,No,0.2509,0,Low,2025-09-01
8950-MTZNV,Male,No,No,No,1,Yes,No,DSL,No,No,No,No,No,No,Month-to-month,Yes,Mailed check,44.95,44.95,No,0.6868,0,High,2026-02-01
0326-VDYXE,Female,No,Yes,No,70,Yes,Yes,Fiber optic,No,No,Yes,No,Yes,Yes,One year,Yes,Electronic check,97.65,6982.5,No,0.506,0,Medium,2026-01-01
6773-LQTVT,Female,Yes,Yes,Yes,29,No,No,DSL,No,Yes,Yes,No,No,No,Month-to-month,Yes,Mailed check,35.65,1025.15,No,0.4552,0,Medium,2026-06-01
7274-RTAPZ,Male,No,No,No,1,Yes,No,Fiber optic,No,No,No,No,Yes,Yes,Month-to-month,Yes,Electronic check,90.55,90.55,Yes,0.907,1,High,2026-07-01
0436-TWFFZ,Female,No,No,No,67,Yes,Yes,DSL,Yes,No,Yes,Yes,Yes,Yes,Two year,Yes,Mailed check,85.25,5714.2,No,0.0673,0,Low,2026-06-01
8566-YPRGL,Female,No,No,No,1,Yes,No,No,No,No,No,No,No,No,Month-to-month,Yes,Mailed check,19.5,19.5,No,0.4792,0,Medium,2025-09-01
0311-UNPFF,Female,No,No,No,26,Yes,No,Fiber optic,No,No,No,No,Yes,Yes,Month-to-month,Yes,Bank transfer (automatic),88.8,2274.35,Yes,0.7718,0,High,2026-07-01
6609-MXJHJ,Female,No,Yes,Yes,30,Yes,Yes,No,No,No,No,No,No,No,Two year,Yes,Mailed check,25.1,789.55,No,0.0657,0,Low,2026-01-01
2669-OIDSD,Female,No,Yes,No,48,Yes,No,Fiber optic,No,No,Yes,Yes,Yes,Yes,Month-to-month,Yes,Credit card (automatic),100.05,4834.0,No,0.5772,0,Medium,2026-01-01
8400-WZICQ,Female,No,Yes,Yes,55,Yes,No,DSL,Yes,Yes,No,No,No,No,Month-to-month,No,Electronic check,55.7,3131.8,No,0.1169,0,Low,2026-08-01
3834-XUIFC,Male,No,No,No,7,Yes,Yes,Fiber optic,No,No,No,No,No,Yes,Month-to-month,Yes,Mailed check,85.2,602.55,Yes,0.8637,1,High,2026-07-01
9576-SYUHJ,Male,No,No,No,37,Yes,Yes,Fiber optic,Yes,No,No,No,Yes,No,Month-to-month,Yes,Electronic check,91.15,3369.25,No,0.6959,0,High,2025-09-01
0410-IPFTY,Female,No,Yes,No,31,Yes,No,Fiber optic,No,Yes,No,No,No,Yes,Month-to-month,Yes,Bank transfer (automatic),83.85,2674.15,No,0.6679,0,High,2026-01-01
2831-EBWRN,Male,No,No,No,4,Yes,No,DSL,No,No,No,No,No,No,Month-to-month,Yes,Electronic check,45.9,199.75,No,0.7268,0,High,2026-05-01
9430-NKQLY,Male,No,Yes,Yes,72,Yes,Yes,No,No,No,No,No,No,No,Two year,Yes,Credit card (automatic),25.1,1790.8,No,0.0116,0,Low,2026-03-01
8414-MYSHR,Male,Yes,No,No,5,Yes,No,Fiber optic,No,No,No,No,Yes,Yes,Month-to-month,Yes,Electronic check,91.4,449.75,Yes,0.9134,1,High,2025-12-01
0247-SLUJI,Male,No,Yes,Yes,1,Yes,No,No,No,No,No,No,No,No,Month-to-month,No,Mailed check,19.7,19.7,No,0.3359,0,Medium,2026-03-01
9402-ORRAH,Female,Yes,No,No,15,Yes,No,Fiber optic,No,No,No,No,Yes,Yes,Month-to-month,Yes,Electronic check,91.5,1400.3,No,0.8888,1,High,2026-07-01
6483-OATDN,Male,No,Yes,Yes,8,Yes,No,DSL,Yes,No,No,No,No,No,Month-to-month,Yes,Credit card (automatic),51.3,411.6,No,0.449,0,Medium,2025-11-01
1293-HHSHJ,Female,No,No,No,35,Yes,No,No,No,No,No,No,No,No,One year,No,Mailed check,21.1,741.0,No,0.0667,0,Low,2026-05-01
4840-ORQXB,Female,Yes,No,No,56,Yes,Yes,Fiber optic,No,Yes,Yes,No,Yes,Yes,Month-to-month,No,Electronic check,104.75,5841.35,No,0.6839,0,High,2026-05-01
7599-FKVXZ,Male,No,Yes,No,42,Yes,Yes,Fiber optic,No,No,Yes,Yes,Yes,Yes,Month-to-month,Yes,Bank transfer (automatic),106.15,4512.7,Yes,0.6767,0,High,2026-07-01
3982-DQLUS,Male,Yes,Yes,Yes,65,Yes,Yes,Fiber optic,Yes,Yes,No,No,No,No,Month-to-month,Yes,Electronic check,85.75,5688.45,No,0.4077,0,Medium,2025-12-01
8610-ZIKJJ,Female,No,Yes,Yes,2,Yes,No,No,No,No,No,No,No,No,One year,No,Mailed check,20.3,31.9,No,0.1869,0,Low,2025-11-01
3756-VNWDH,Male,Yes,Yes,No,65,Yes,Yes,Fiber optic,Yes,No,No,No,Yes,Yes,One year,Yes,Electronic check,100.75,6674.65,No,0.497,0,Medium,2026-03-01
7801-KICAO,Female,No,No,No,18,Yes,Yes,Fiber optic,No,No,No,No,No,No,Month-to-month,Yes,Electronic check,74.15,1345.75,No,0.8222,1,High,2026-03-01
7673-LPRNY,Female,No,No,No,23,Yes,Yes,DSL,Yes,No,Yes,No,Yes,Yes,One year,Yes,Electronic check,78.55,1843.05,No,0.4788,0,Medium,2026-01-01
8229-TNIQA,Female,No,No,No,4,Yes,No,DSL,No,No,No,No,No,No,Month-to-month,Yes,Mailed check,45.3,196.95,Yes,0.6581,0,High,2026-06-01
6060-QBMGV,Male,No,Yes,No,70,Yes,No,No,No,No,No,No,No,No,Two year,No,Credit card (automatic),19.85,1433.8,No,0.0082,0,Low,2026-06-01
7339-POGZN,Female,No,No,No,4,Yes,Yes,DSL,No,No,No,No,No,No,Month-to-month,No,Electronic check,50.7,214.55,No,0.6927,0,High,2025-11-01
2828-SLQPF,Male,No,No,No,19,Yes,No,DSL,No,No,No,No,No,No,Month-to-month,Yes,Bank transfer (automatic),45.0,865.85,No,0.5146,0,Medium,2026-06-01
4465-VDKIQ,Female,No,No,No,18,Yes,No,Fiber optic,No,Yes,Yes,No,No,No,Month-to-month,No,Electronic check,77.8,1358.6,No,0.6713,0,High,2025-11-01
2921-XWDJH,Female,Yes,Yes,No,38,Yes,No,Fiber optic,Yes,No,No,No,No,Yes,Month-to-month,Yes,Electronic check,83.45,3147.15,No,0.6884,0,High,2026-01-01
6221-AVQYL,Male,No,No,No,2,Yes,Yes,Fiber optic,No,No,No,No,No,No,Month-to-month,Yes,Credit card (automatic),73.25,131.05,Yes,0.8433,1,High,2025-09-01
2558-BUOZZ,Male,No,No,No,47,Yes,Yes,Fiber optic,Yes,Yes,No,No,Yes,No,One year,No,Bank transfer (automatic),94.8,4535.85,No,0.266,0,Low,2026-01-01
9257-AZMTZ,Female,No,Yes,Yes,52,Yes,No,No,No,No,No,No,No,No,Two year,No,Bank transfer (automatic),20.1,1078.75,No,0.0136,0,Low,2026-08-01
0003-MKNFE,Male,No,No,No,9,Yes,Yes,DSL,No,No,No,No,No,Yes,Month-to-month,No,Mailed check,59.9,542.4,No,0.6535,0,High,2026-02-01
0975-UYDTX,Female,No,Yes,No,26,Yes,Yes,DSL,Yes,Yes,Yes,Yes,Yes,Yes,One year,Yes,Credit card (automatic),90.1,2312.55,No,0.2556,0,Low,2026-05-01
7743-EXURX,Male,No,Yes,Yes,8,Yes,No,DSL,No,No,Yes,No,No,No,Month-to-month,Yes,Electronic check,51.05,415.05,Yes,0.6321,0,High,2025-10-01
4682-BLBUC,Male,No,Yes,No,44,Yes,No,DSL,No,Yes,Yes,Yes,Yes,No,One year,Yes,Electronic check,70.95,3250.45,No,0.1993,0,Low,2026-04-01
0975-VOOVL,Female,No,No,No,3,No,No,DSL,No,Yes,No,No,No,No,Month-to-month,No,Mailed check,29.2,98.5,No,0.641,0,High,2026-01-01
5968-VXZLG,Male,No,No,No,2,Yes,No,DSL,No,No,No,No,No,No,Month-to-month,Yes,Bank transfer (automatic),46.6,87.9,No,0.661,0,High,2026-05-01
5569-KGJHX,Female,No,Yes,Yes,9,Yes,Yes,Fiber optic,No,No,No,No,Yes,No,Month-to-month,Yes,Bank transfer (automatic),85.35,754.65,Yes,0.7985,1,High,2026-08-01
4988-IQIGL,Male,Yes,No,No,1,Yes,Yes,Fiber optic,No,No,No,No,No,No,Month-to-month,Yes,Electronic check,75.35,75.35,Yes,0.9046,1,High,2026-03-01
5201-FRKKS,Male,No,No,No,25,Yes,No,Fiber optic,Yes,No,No,No,No,No,Month-to-month,No,Bank transfer (automatic),74.3,1952.25,No,0.4871,0,Medium,2025-10-01
9799-CAYJJ,Female,Yes,Yes,No,2,Yes,No,Fiber optic,No,No,No,No,No,No,Month-to-month,Yes,Electronic check,69.3,153.8,No,0.8786,1,High,2026-02-01
7730-IUTDZ,Male,No,No,No,43,Yes,No,Fiber optic,Yes,No,No,No,No,No,Month-to-month,Yes,Electronic check,75.2,3198.6,Yes,0.5288,0,Medium,2025-10-01
0426-TIRNE,Female,No,No,No,1,Yes,No,No,No,No,No,No,No,No,Month-to-month,No,Mailed check,20.9,20.9,Yes,0.3838,0,Medium,2026-02-01
5443-SCMKX,Female,No,Yes,No,58,Yes,Yes,Fiber optic,No,Yes,Yes,No,No,Yes,One year,Yes,Electronic check,94.3,5610.15,No,0.4752,0,Medium,2025-09-01
8295-KMENE,Female,No,Yes,Yes,59,Yes,Yes,DSL,Yes,No,Yes,Yes,Yes,No,Two year,Yes,Mailed check,76.45,4519.5,No,0.0456,0,Low,2026-04-01
6738-ISCBM,Male,No,No,No,44,No,No,DSL,Yes,No,Yes,No,Yes,Yes,One year,Yes,Electronic check,54.0,2440.25,No,0.3307,0,Medium,2025-12-01
9821-BESNZ,Male,No,No,No,66,Yes,Yes,Fiber optic,No,Yes,No,Yes,Yes,Yes,One year,Yes,Electronic check,104.25,6860.6,No,0.4234,0,Medium,2025-11-01
3678-MNGZX,Male,No,Yes,Yes,68,Yes,No,No,No,No,No,No,No,No,Two year,No,Bank transfer (automatic),19.95,1377.7,No,0.007,0,Low,2025-09-01
1335-NTIUC,Male,No,No,No,9,No,No,DSL,No,No,No,No,No,No,Month-to-month,Yes,Electronic check,24.95,190.25,No,0.7678,0,High,2026-07-01
2916-BQZLN,Male,No,No,No,19,Yes,Yes,Fiber optic,Yes,No,Yes,No,No,No,Month-to-month,Yes,Electronic check,84.75,1651.95,No,0.7451,0,High,2026-07-01
4558-CGYCZ,Male,No,No,No,4,Yes,No,No,No,No,No,No,No,No,Month-to-month,No,Mailed check,19.75,78.3,No,0.3611,0,Medium,2026-06-01
2368-GAKKQ,Female,No,No,No,70,Yes,Yes,Fiber optic,Yes,Yes,Yes,Yes,Yes,Yes,Two year,Yes,Bank transfer (automatic),113.65,7939.25,No,0.1464,0,Low,2025-09-01
8710-YGLWG,Male,No,No,No,1,Yes,No,DSL,No,No,No,No,No,No,Month-to-month,Yes,Mailed check,44.9,44.9,No,0.6869,0,High,2026-01-01
3199-XGZCY,Female,No,No,No,8,Yes,Yes,Fiber optic,No,No,No,No,No,No,Month-to-month,Yes,Electronic check,75.25,576.7,No,0.8604,1,High,2026-08-01
3785-KTYSH,Male,No,No,No,53,Yes,Yes,No,No,No,No,No,No,No,Two year,No,Mailed check,24.6,1279.0,No,0.0232,0,Low,2026-03-01
6814-ZPWFQ,Male,Yes,No,No,51,Yes,Yes,No,No,No,No,No,No,No,One year,No,Bank transfer (automatic),25.0,1260.7,No,0.0527,0,Low,2025-10-01
4063-EIKNQ,Male,No,Yes,Yes,11,Yes,No,No,No,No,No,No,No,No,Month-to-month,No,Bank transfer (automatic),20.95,267.35,No,0.2363,0,Low,2025-10-01
6993-YCOBK,Male,No,Yes,Yes,60,Yes,Yes,Fiber optic,Yes,No,Yes,Yes,Yes,Yes,Two year,Yes,Electronic check,110.6,6586.85,No,0.217,0,Low,2025-12-01
5206-HPJKM,Male,No,No,No,17,Yes,No,DSL,Yes,Yes,No,No,No,No,Month-to-month,Yes,Credit card (automatic),55.5,934.15,No,0.3902,0,Medium,2026-08-01
7587-RZNME,Male,No,No,No,3,Yes,No,DSL,No,No,No,No,No,No,Month-to-month,Yes,Electronic check,43.3,123.65,Yes,0.7383,0,High,2025-11-01
0748-RDGGM,Male,No,Yes,No,70,Yes,No,Fiber optic,Yes,Yes,Yes,Yes,Yes,Yes,One year,Yes,Bank transfer (automatic),109.5,7534.65,Yes,0.1906,0,Low,2026-07-01
8393-JMVMB,Male,No,No,No,1,Yes,No,No,No,No,No,No,No,No,Month-to-month,No,Mailed check,19.45,19.45,No,0.392,0,Medium,2026-05-01
5019-GQVCR,Male,Yes,No,No,43,Yes,Yes,Fiber optic,No,No,No,No,Yes,No,Month-to-month,Yes,Electronic check,84.85,3645.6,No,0.7781,0,High,2026-08-01
6036-TTFYU,Female,No,Yes,No,16,Yes,No,No,No,No,No,No,No,No,Month-to-month,No,Mailed check,19.6,314.45,No,0.2475,0,Low,2026-06-01
2550-AEVRU,Female,No,Yes,Yes,57,Yes,No,DSL,Yes,Yes,No,No,No,No,One year,No,Electronic check,53.45,3053.0,No,0.0558,0,Low,2025-12-01
0969-RGKCU,Male,No,Yes,Yes,37,Yes,No,No,No,No,No,No,No,No,One year,No,Credit card (automatic),19.8,677.05,No,0.0473,0,Low,2026-06-01
0378-CJKPV,Female,No,Yes,No,72,Yes,Yes,Fiber optic,Yes,Yes,Yes,Yes,Yes,Yes,Two year,No,Credit card (automatic),112.1,7965.95,No,0.0991,0,Low,2025-11-01
4706-AXVKM,Female,Yes,No,No,11,Yes,Yes,Fiber optic,No,No,No,No,No,Yes,Month-to-month,Yes,Credit card (automatic),84.8,906.85,Yes,0.8652,1,High,2025-12-01
5889-JTMUL,Female,Yes,Yes,No,50,Yes,Yes,Fiber optic,No,Yes,Yes,No,Yes,No,Month-to-month,Yes,Electronic check,95.05,4888.7,Yes,0.7179,0,High,2025-11-01
9026-RNUJS,Male,Yes,No,No,5,Yes,No,DSL,No,No,Yes,No,No,No,Month-to-month,No,Electronic check,50.35,237.25,Yes,0.6708,0,High,2025-10-01
3746-EUBYR,Male,No,Yes,No,1,Yes,Yes,Fiber optic,No,No,No,No,No,No,Month-to-month,Yes,Bank transfer (automatic),74.6,74.6,Yes,0.8428,1,High,2025-10-01
2332-EFBJY,Male,No,No,No,16,Yes,No,No,No,No,No,No,No,No,Month-to-month,Yes,Mailed check,19.7,342.4,Yes,0.3312,0,Medium,2025-11-01
2880-FPNAE,Male,Yes,Yes,No,2,Yes,No,Fiber optic,No,No,Yes,No,No,No,Month-to-month,Yes,Electronic check,74.2,140.1,No,0.8745,1,High,2025-10-01
1703-MGIAB,Female,No,No,No,17,Yes,Yes,DSL,No,No,Yes,Yes,Yes,No,Month-to-month,Yes,Mailed check,69.0,1108.0,No,0.5572,0,Medium,2026-01-01
4311-QTTAI,Female,No,No,No,16,Yes,No,No,No,No,No,No,No,No,One year,No,Credit card (automatic),19.35,295.55,No,0.1335,0,Low,2025-09-01
9474-PHLYD,Female,No,No,No,15,Yes,No,DSL,No,No,Yes,No,No,Yes,Month-to-month,Yes,Electronic check,59.45,892.65,Yes,0.6951,0,High,2025-09-01
4318-RAJVY,Female,No,No,No,10,Yes,No,No,No,No,No,No,No,No,One year,Yes,Mailed check,19.8,198.25,No,0.2332,0,Low,2026-08-01
2165-VOEGB,Female,No,No,Yes,46,Yes,No,Fiber optic,Yes,Yes,No,Yes,Yes,Yes,One year,Yes,Bank transfer (automatic),105.2,4822.85,Yes,0.2472,0,Low,2025-10-01
3612-YUNGG,Male,No,Yes,Yes,64,Yes,Yes,Fiber optic,No,Yes,Yes,Yes,Yes,Yes,Two year,Yes,Credit card (automatic),109.2,6741.15,No,0.1784,0,Low,2025-09-01
2254-DLXRI,Female,No,No,No,1,Yes,Yes,Fiber optic,No,Yes,No,No,No,No,Month-to-month,Yes,Mailed check,79.15,79.15,No,0.8256,1,High,2025-09-01
5062-CJJKH,Male,No,Yes,Yes,25,Yes,No,DSL,No,Yes,Yes,No,No,No,One year,No,Mailed check,53.65,1355.45,No,0.1665,0,Low,2025-10-01
9028-LIHRP,Male,No,Yes,Yes,71,Yes,No,Fiber optic,Yes,Yes,Yes,Yes,Yes,No,Two year,No,Credit card (automatic),100.2,7209.0,No,0.0446,0,Low,2026-03-01
2219-MVUSO,Male,No,No,No,8,Yes,No,DSL,No,No,No,No,No,No,Month-to-month,Yes,Mailed check,45.15,438.4,Yes,0.632,0,High,2026-06-01
1053-MXTTK,Female,No,Yes,Yes,72,Yes,No,Fiber optic,Yes,Yes,Yes,Yes,Yes,Yes,Two year,Yes,Bank transfer (automatic),108.65,7726.35,No,0.0857,0,Low,2026-05-01
1530-ZTDOZ,Female,No,Yes,No,49,No,No,DSL,Yes,No,No,No,Yes,No,Month-to-month,No,Bank transfer (automatic),40.65,2070.75,No,0.2122,0,Low,2026-03-01
1301-LOPVR,Male,No,Yes,Yes,29,No,No,DSL,Yes,Yes,Yes,Yes,No,Yes,One year,Yes,Credit card (automatic),55.35,1636.95,No,0.1777,0,Low,2025-10-01
0853-TWRVK,Male,No,Yes,No,72,Yes,Yes,Fiber optic,Yes,Yes,Yes,Yes,No,Yes,Two year,No,Bank transfer (automatic),105.6,7581.5,No,0.0755,0,Low,2026-06-01
8914-RBTSB,Male,No,Yes,No,31,Yes,Yes,Fiber optic,No,Yes,Yes,No,Yes,No,Month-to-month,No,Electronic check,93.8,3019.5,Yes,0.7052,0,High,2025-09-01
6212-ATMLK,Female,No,No,No,50,Yes,Yes,Fiber optic,No,No,No,No,Yes,Yes,Month-to-month,Yes,Electronic check,95.7,4729.75,No,0.7705,0,High,2026-04-01
8200-LGKSR,Male,No,Yes,No,71,Yes,Yes,DSL,Yes,No,Yes,Yes,Yes,Yes,Two year,No,Electronic check,83.2,6126.1,No,0.0596,0,Low,2026-01-01
1568-BEKZM,Male,Yes,Yes,No,70,Yes,Yes,DSL,Yes,Yes,Yes,Yes,Yes,Yes,Two year,No,Credit card (automatic),90.05,6333.4,No,0.046,0,Low,2026-07-01
0670-ANMUU,Male,No,No,No,71,Yes,Yes,Fiber optic,Yes,No,No,Yes,No,Yes,One year,No,Credit card (automatic),97.65,6687.85,No,0.1432,0,Low,2025-12-01
6897-RWMUB,Male,No,Yes,Yes,61,Yes,No,DSL,Yes,Yes,Yes,Yes,No,No,Two year,Yes,Bank transfer (automatic),68.05,4158.25,No,0.0206,0,Low,2026-04-01
0963-ZBDRN,Male,No,No,No,32,Yes,No,Fiber optic,No,No,No,Yes,Yes,Yes,Month-to-month,Yes,Electronic check,96.2,3183.4,Yes,0.7551,0,High,2026-02-01
7594-RQHXR,Female,No,No,Yes,1,Yes,No,Fiber optic,No,No,No,No,No,Yes,Month-to-month,Yes,Electronic check,79.6,79.6,Yes,0.8652,1,High,2026-03-01
6999-CHVCF,Male,No,No,No,68,Yes,Yes,Fiber optic,Yes,Yes,Yes,No,No,Yes,Two year,Yes,Bank transfer (automatic),102.1,7149.35,No,0.1587,0,Low,2026-08-01
6134-KWTBV,Male,No,No,No,62,Yes,Yes,No,No,No,No,No,No,No,Two year,No,Bank transfer (automatic),23.4,1429.65,No,0.0151,0,Low,2026-05-01
1077-HUUJM,Female,No,No,Yes,7,Yes,No,Fiber optic,No,No,No,No,No,No,Month-to-month,Yes,Electronic check,71.05,472.65,No,0.7993,1,High,2026-01-01
6331-EWIEB,Male,No,No,No,20,Yes,Yes,Fiber optic,No,No,No,No,Yes,No,Month-to-month,Yes,Electronic check,85.25,1734.5,Yes,0.8468,1,High,2026-02-01
0895-LNKRC,Male,No,Yes,Yes,6,Yes,No,No,No,No,No,No,No,No,One year,No,Mailed check,19.45,113.5,No,0.1662,0,Low,2026-05-01
2045-BMBTJ,Female,Yes,No,No,33,No,No,DSL,Yes,Yes,Yes,No,Yes,Yes,Month-to-month,Yes,Bank transfer (automatic),59.45,1884.65,No,0.5062,0,Medium,2026-01-01
8417-GSODA,Male,No,Yes,Yes,28,Yes,Yes,Fiber optic,No,No,No,No,Yes,Yes,One year,No,Bank transfer (automatic),92.2,2568.15,No,0.5289,0,Medium,2025-11-01
5171-EPLKN,Male,No,No,No,27,Yes,No,No,No,No,No,No,No,No,Two year,No,Credit card (automatic),19.85,470.0,No,0.0488,0,Low,2026-02-01
4452-QIIEB,Male,No,No,No,7,Yes,No,DSL,No,No,No,No,No,No,Month-to-month,No,Mailed check,43.9,278.4,No,0.5477,0,Medium,2025-09-01
5998-VVEJY,Male,No,No,No,26,Yes,Yes,Fiber optic,No,No,No,Yes,No,No,Month-to-month,Yes,Electronic check,80.5,2088.8,Yes,0.7206,0,High,2025-11-01
1624-NALOJ,Male,Yes,No,No,5,Yes,Yes,Fiber optic,No,Yes,No,No,No,Yes,Month-to-month,Yes,Electronic check,89.8,502.6,Yes,0.9043,1,High,2026-02-01
6741-EGCBI,Male,Yes,No,No,30,Yes,Yes,Fiber optic,Yes,No,No,No,No,Yes,Month-to-month,Yes,Credit card (automatic),90.5,2595.85,No,0.7142,0,High,2026-06-01
7820-ZYGNY,Male,No,No,No,63,Yes,Yes,Fiber optic,No,Yes,No,No,No,Yes,One year,No,Credit card (automatic),90.45,5825.5,No,0.279,0,Low,2026-06-01
4317-VTEOA,Male,No,No,No,1,Yes,No,DSL,No,Yes,No,No,No,No,Month-to-month,Yes,Electronic check,50.75,50.75,Yes,0.7119,0,High,2025-12-01
9677-AVKED,Female,No,No,Yes,53,Yes,Yes,DSL,No,Yes,Yes,Yes,Yes,Yes,One year,Yes,Electronic check,84.6,4449.75,No,0.2179,0,Low,2026-02-01
1670-SVOWZ,Female,No,Yes,Yes,14,Yes,No,Fiber optic,No,Yes,No,Yes,No,Yes,Month-to-month,Yes,Credit card (automatic),89.65,1208.35,Yes,0.6383,0,High,2025-10-01
2227-JRSJX,Female,No,No,No,21,Yes,No,Fiber optic,No,Yes,No,Yes,Yes,Yes,Month-to-month,Yes,Bank transfer (automatic),99.15,1956.4,No,0.6938,0,High,2026-06-01
9847-HNVGP,Male,No,No,No,17,Yes,No,No,No,No,No,No,No,No,One year,No,Mailed check,19.95,310.6,No,0.1355,0,Low,2025-11-01
6696-YDAYZ,Male,No,Yes,Yes,16,Yes,No,No,No,No,No,No,No,No,Two year,No,Mailed check,20.5,290.55,No,0.0636,0,Low,2026-06-01
8980-WQFWL,Female,No,No,No,35,Yes,No,DSL,No,No,Yes,No,No,Yes,Month-to-month,Yes,Electronic check,62.1,2096.1,No,0.5302,0,Medium,2026-07-01
1730-ZMAME,Female,Yes,No,No,32,Yes,No,Fiber optic,No,No,No,No,No,Yes,Month-to-month,Yes,Electronic check,79.5,2665.0,No,0.8028,1,High,2026-05-01
6506-EYCNH,Female,No,Yes,Yes,28,Yes,No,No,No,No,No,No,No,No,Month-to-month,Yes,Bank transfer (automatic),19.55,543.8,No,0.1762,0,Low,2025-12-01
4634-JLRJT,Female,No,No,No,1,Yes,No,No,No,No,No,No,No,No,Month-to-month,Yes,Mailed check,20.35,20.35,No,0.4768,0,Medium,2026-08-01
9501-UKKNL,Male,No,No,No,59,No,No,DSL,No,No,No,Yes,Yes,Yes,Month-to-month,Yes,Electronic check,51.7,3005.8,No,0.3817,0,Medium,2026-05-01
2560-QTSBS,Female,No,Yes,Yes,72,Yes,Yes,No,No,No,No,No,No,No,One year,Yes,Bank transfer (automatic),23.3,1623.15,No,0.0206,0,Low,2026-04-01
7541-YLXCL,Male,No,No,No,36,Yes,No,DSL,No,Yes,No,Yes,No,Yes,One year,Yes,Mailed check,65.4,2498.4,Yes,0.2087,0,Low,2026-07-01
4795-WRNVT,Female,No,No,No,40,Yes,No,DSL,Yes,Yes,No,No,Yes,No,Month-to-month,No,Mailed check,65.1,2586.0,No,0.2105,0,Low,2026-07-01
6080-TCMYC,Male,No,Yes,Yes,40,Yes,Yes,Fiber optic,No,No,Yes,No,No,No,Month-to-month,Yes,Electronic check,81.2,3292.3,No,0.653,0,High,2025-09-01
0260-ZDLGK,Female,No,No,Yes,9,Yes,No,DSL,No,No,Yes,Yes,Yes,Yes,Month-to-month,Yes,Mailed check,72.9,651.4,Yes,0.5823,0,Medium,2026-07-01
7860-UXCRM,Male,No,Yes,Yes,63,Yes,No,DSL,Yes,Yes,Yes,Yes,Yes,No,Two year,No,Credit card (automatic),74.5,4674.55,No,0.0183,0,Low,2026-06-01
6357-JJPQT,Female,No,No,No,3,Yes,No,Fiber optic,No,No,No,No,Yes,No,Month-to-month,Yes,Electronic check,80.5,232.35,No,0.8733,1,High,2025-11-01
2292-XQWSV,Male,No,Yes,Yes,40,No,No,DSL,No,Yes,Yes,Yes,Yes,Yes,One year,No,Mailed check,60.3,2448.5,No,0.1712,0,Low,2025-12-01
9552-TGUZV,Male,No,Yes,No,8,Yes,No,Fiber optic,Yes,No,No,No,No,No,Month-to-month,Yes,Mailed check,75.0,658.1,No,0.7061,0,High,2026-06-01
5913-INRQV,Male,Yes,Yes,No,34,Yes,No,Fiber optic,Yes,No,No,Yes,Yes,No,One year,No,Mailed check,90.15,3128.8,No,0.2906,0,Low,2025-11-01
8722-NGNBH,Male,No,No,No,5,No,No,DSL,Yes,No,Yes,Yes,No,No,Month-to-month,No,Mailed check,40.0,223.45,Yes,0.4593,0,Medium,2026-02-01
6210-KBBPI,Male,Yes,No,No,9,Yes,Yes,Fiber optic,No,Yes,No,No,Yes,Yes,Month-to-month,Yes,Credit card (automatic),99.45,919.4,Yes,0.8781,1,High,2026-05-01
9643-YBLUR,Male,No,Yes,No,9,Yes,Yes,DSL,No,Yes,Yes,No,No,Yes,Month-to-month,Yes,Credit card (automatic),69.05,653.95,No,0.6782,0,High,2026-04-01
8734-FNWVH,Male,No,Yes,Yes,31,Yes,Yes,DSL,No,No,No,No,No,Yes,Month-to-month,No,Bank transfer (automatic),59.7,1825.5,No,0.3979,0,Medium,2026-07-01
9447-YPTBX,Female,No,Yes,No,50,Yes,No,No,No,No,No,No,No,No,One year,Yes,Bank transfer (automatic),19.85,943.1,No,0.0481,0,Low,2025-10-01
0133-BMFZO,Female,No,No,No,2,Yes,No,Fiber optic,Yes,Yes,No,Yes,No,No,Month-to-month,Yes,Electronic check,86.25,181.65,Yes,0.6858,0,High,2025-12-01
6128-CZOMY,Female,No,No,No,1,Yes,No,DSL,No,No,No,No,No,No,Month-to-month,Yes,Electronic check,45.65,45.65,Yes,0.7445,0,High,2026-08-01
9540-JYROE,Male,No,No,No,8,Yes,No,Fiber optic,No,No,No,No,No,No,Month-to-month,Yes,Mailed check,70.1,551.35,Yes,0.7858,0,High,2026-03-01
9026-LHEVG,Female,No,No,No,9,No,No,DSL,No,Yes,No,No,No,Yes,Month-to-month,No,Electronic check,40.75,359.4,No,0.7141,0,High,2025-11-01
2260-USTRB,Female,Yes,No,No,2,Yes,No,Fiber optic,No,No,No,No,No,No,Month-to-month,Yes,Bank transfer (automatic),70.2,115.95,Yes,0.8321,1,High,2025-12-01
3656-TKRVZ,Female,No,No,No,3,Yes,No,DSL,Yes,Yes,No,No,No,No,Month-to-month,No,Electronic check,55.35,165.2,Yes,0.5023,0,Medium,2026-01-01
7011-CVEUC,Male,No,Yes,No,25,Yes,No,Fiber optic,No,No,No,Yes,Yes,Yes,Month-to-month,Yes,Credit card (automatic),95.7,2338.35,No,0.7112,0,High,2026-03-01
6185-TASNN,Male,Yes,No,No,1,Yes,No,DSL,No,No,No,No,No,No,Month-to-month,No,Electronic check,46.3,46.3,No,0.7114,0,High,2025-12-01
7925-PNRGI,Female,No,Yes,Yes,45,Yes,Yes,DSL,Yes,Yes,Yes,Yes,Yes,No,Month-to-month,No,Mailed check,81.3,3541.1,No,0.1412,0,Low,2026-04-01
8623-TMRBY,Male,Yes,Yes,Yes,51,Yes,Yes,Fiber optic,No,Yes,Yes,No,No,No,Month-to-month,Yes,Electronic check,84.2,4146.05,Yes,0.5842,0,Medium,2026-02-01
1552-CZCLL,Female,No,Yes,Yes,55,Yes,No,No,No,No,No,No,No,No,Month-to-month,No,Credit card (automatic),20.0,1087.25,No,0.0447,0,Low,2026-04-01
3038-PQIUY,Female,No,No,No,38,Yes,Yes,DSL,Yes,Yes,Yes,No,No,No,Month-to-month,Yes,Bank transfer (automatic),66.15,2522.4,No,0.2787,0,Low,2025-10-01
1501-SGHBW,Male,No,No,No,2,Yes,No,DSL,No,No,No,No,No,No,Month-to-month,No,Mailed check,45.85,81.0,Yes,0.5893,0,Medium,2026-04-01
9313-CDOGY,Male,No,Yes,Yes,38,Yes,No,No,No,No,No,No,No,No,Month-to-month,No,Electronic check,19.6,717.3,No,0.1235,0,Low,2026-08-01
8148-BPLZQ,Male,No,No,No,34,Yes,No,DSL,No,Yes,No,No,No,No,Month-to-month,Yes,Electronic check,49.8,1734.2,No,0.4344,0,Medium,2025-10-01
2623-DRYAM,Female,No,Yes,No,70,Yes,Yes,Fiber optic,No,No,Yes,No,Yes,Yes,One year,Yes,Electronic check,101.75,7069.3,No,0.4994,0,Medium,2025-12-01
9987-LUTYD,Female,No,No,No,13,Yes,No,DSL,Yes,No,No,Yes,No,No,One year,No,Mailed check,55.15,742.9,No,0.1746,0,Low,2026-05-01
3208-YPIOE,Male,No,No,No,39,Yes,Yes,Fiber optic,No,No,No,No,No,No,Month-to-month,No,Electronic check,75.25,3017.65,Yes,0.6338,0,High,2026-04-01
4488-KQFDT,Female,No,No,No,61,Yes,Yes,Fiber optic,No,Yes,Yes,No,Yes,Yes,One year,Yes,Electronic check,103.95,6423.0,No,0.5339,0,Medium,2026-05-01
2612-RANWT,Female,No,No,No,12,Yes,Yes,Fiber optic,No,No,Yes,No,Yes,Yes,Month-to-month,Yes,Bank transfer (automatic),100.15,1164.3,Yes,0.8559,1,High,2026-03-01
5693-PIPCS,Male,No,No,No,41,Yes,No,Fiber optic,No,Yes,No,Yes,Yes,Yes,Two year,Yes,Credit card (automatic),99.65,4220.35,No,0.2805,0,Low,2026-05-01
0491-KAPQG,Male,No,No,No,21,Yes,Yes,Fiber optic,No,No,No,No,No,No,Month-to-month,Yes,Electronic check,73.7,1558.7,No,0.8118,1,High,2026-04-01
1925-LFCZZ,Male,Yes,No,No,55,No,No,DSL,No,No,Yes,No,Yes,Yes,One year,Yes,Bank transfer (automatic),50.05,2743.45,No,0.2878,0,Low,2025-09-01
8039-EQPIM,Male,No,Yes,No,69,No,No,DSL,Yes,No,Yes,Yes,Yes,Yes,Two year,No,Bank transfer (automatic),60.25,4055.5,No,0.0355,0,Low,2026-06-01
6900-PXRMS,Male,Yes,Yes,Yes,26,Yes,Yes,Fiber optic,No,Yes,Yes,No,Yes,Yes,Month-to-month,No,Electronic check,105.75,2710.25,Yes,0.7774,0,High,2026-02-01
8707-RMEZH,Female,Yes,Yes,No,69,Yes,No,Fiber optic,Yes,Yes,No,No,No,Yes,One year,No,Credit card (automatic),87.3,6055.55,No,0.1625,0,Low,2025-09-01
3346-BRMIS,Female,Yes,Yes,No,18,No,No,DSL,No,No,Yes,No,Yes,Yes,Month-to-month,Yes,Electronic check,48.35,810.7,Yes,0.8154,1,High,2026-01-01
3209-ZPKFI,Male,No,Yes,Yes,47,Yes,Yes,DSL,No,Yes,No,No,No,No,Month-to-month,No,Electronic check,54.25,2538.2,No,0.253,0,Low,2026-02-01
6479-VDGRK,Female,No,Yes,Yes,72,Yes,No,DSL,Yes,Yes,Yes,Yes,Yes,Yes,Two year,No,Bank transfer (automatic),85.3,6129.2,No,0.0208,0,Low,2025-10-01
9373-WSLOY,Male,Yes,Yes,No,33,No,No,DSL,No,Yes,Yes,Yes,Yes,No,Month-to-month,Yes,Electronic check,50.0,1750.85,No,0.5404,0,Medium,2026-08-01
2933-FILNV,Female,No,Yes,Yes,2,No,No,DSL,No,No,No,No,No,No,Month-to-month,Yes,Mailed check,24.4,36.55,Yes,0.7169,0,High,2025-11-01
3569-JFODW,Female,No,Yes,Yes,72,Yes,Yes,DSL,Yes,Yes,Yes,Yes,Yes,Yes,Two year,No,Credit card (automatic),90.95,6652.45,No,0.0291,0,Low,2025-12-01
9819-FBNSV,Male,Yes,Yes,No,37,Yes,No,Fiber optic,No,No,No,No,No,No,Month-to-month,Yes,Bank transfer (automatic),72.25,2575.45,No,0.6193,0,High,2026-02-01
9544-PYPSJ,Female,Yes,Yes,Yes,62,Yes,Yes,Fiber optic,No,Yes,Yes,No,No,Yes,Month-to-month,Yes,Credit card (automatic),96.1,6019.35,No,0.5275,0,Medium,2026-06-01
1591-XWLGB,Female,No,Yes,No,71,Yes,No,No,No,No,No,No,No,No,Two year,No,Credit card (automatic),19.85,1379.6,No,0.0076,0,Low,2026-05-01
0396-UKGAI,Male,No,No,Yes,23,Yes,No,DSL,No,Yes,No,Yes,No,No,Month-to-month,Yes,Bank transfer (automatic),55.3,1284.2,No,0.3037,0,Medium,2026-06-01
3243-ZHOHY,Female,No,No,No,16,Yes,No,No,No,No,No,No,No,No,One year,No,Mailed check,20.1,296.15,No,0.1383,0,Low,2025-11-01
5186-EJEGL,Male,No,No,No,9,Yes,No,DSL,Yes,No,Yes,Yes,Yes,No,Month-to-month,Yes,Mailed check,69.5,653.25,No,0.4646,0,Medium,2026-07-01
7527-QNRUS,Male,No,Yes,Yes,17,Yes,Yes,No,No,No,No,No,No,No,Two year,Yes,Mailed check,25.15,412.6,No,0.1084,0,Low,2026-06-01
9986-BONCE,Female,No,No,No,4,Yes,No,No,No,No,No,No,No,No,Month-to-month,No,Bank transfer (automatic),20.95,85.5,Yes,0.3403,0,Medium,2026-02-01
2722-JMONI,Female,Yes,Yes,No,1,Yes,No,DSL,Yes,No,No,No,No,No,Month-to-month,Yes,Electronic check,49.55,49.55,Yes,0.6963,0,High,2026-03-01
2203-GHNWN,Female,No,Yes,No,24,Yes,Yes,Fiber optic,No,No,Yes,No,No,No,Month-to-month,Yes,Mailed check,79.65,1928.7,No,0.7306,0,High,2025-09-01
3878-AVSOQ,Female,Yes,No,No,1,Yes,No,Fiber optic,No,No,No,No,No,No,Month-to-month,Yes,Electronic check,71.25,71.25,No,0.8805,1,High,2026-06-01
3258-SYSWS,Male,Yes,No,No,72,Yes,Yes,Fiber optic,Yes,Yes,Yes,Yes,Yes,Yes,Two year,No,Bank transfer (automatic),113.8,7845.8,No,0.1151,0,Low,2026-08-01
5296-PSYVW,Female,No,Yes,No,72,Yes,Yes,No,No,No,No,No,No,No,Two year,No,Electronic check,24.55,1750.7,No,0.0141,0,Low,2026-02-01
6319-QSUSR,Female,No,No,Yes,11,Yes,No,No,No,No,No,No,No,No,Month-to-month,No,Credit card (automatic),19.7,216.2,No,0.2375,0,Low,2026-03-01
4083-EUGRJ,Male,No,No,No,9,Yes,No,No,No,No,No,No,No,No,Month-to-month,No,Mailed check,20.25,178.5,Yes,0.3122,0,Medium,2026-02-01
7579-OOPEC,Female,Yes,Yes,No,2,Yes,No,DSL,No,Yes,No,No,No,No,Month-to-month,No,Credit card (automatic),50.15,115.1,Yes,0.5771,0,Medium,2025-09-01
0512-FLFDW,Female,Yes,Yes,No,60,Yes,Yes,Fiber optic,No,No,Yes,No,Yes,Yes,One year,Yes,Credit card (automatic),100.5,6029.0,No,0.5215,0,Medium,2026-04-01
1771-OADNZ,Male,Yes,Yes,No,29,Yes,Yes,Fiber optic,No,Yes,Yes,No,No,Yes,Month-to-month,Yes,Electronic check,95.9,2745.2,Yes,0.8235,1,High,2026-05-01
0487-CRLZF,Female,No,No,No,49,Yes,No,DSL,No,No,Yes,Yes,Yes,Yes,Two year,Yes,Bank transfer (automatic),74.45,3721.9,No,0.1125,0,Low,2026-08-01
2107-FBPTK,Female,Yes,No,No,30,Yes,Yes,Fiber optic,No,Yes,Yes,No,Yes,Yes,Month-to-month,Yes,Electronic check,104.1,3121.1,No,0.8543,1,High,2026-08-01
9451-WLYRI,Female,No,Yes,No,53,Yes,No,No,No,No,No,No,No,No,One year,No,Credit card (automatic),19.05,990.45,No,0.0302,0,Low,2026-02-01
8219-VYBVI,Male,No,No,Yes,39,Yes,Yes,No,No,No,No,No,No,No,Two year,No,Mailed check,25.0,1004.35,No,0.0331,0,Low,2026-08-01
1991-VOPLL,Female,No,No,No,9,Yes,No,No,No,No,No,No,No,No,Month-to-month,No,Mailed check,19.05,157.65,No,0.3101,0,Medium,2026-03-01
9738-QLWTP,Male,No,No,No,39,Yes,No,Fiber optic,No,No,Yes,Yes,No,No,One year,No,Electronic check,81.9,3219.75,No,0.3105,0,Medium,2026-04-01
1016-DJTSV,Male,Yes,No,No,8,Yes,No,Fiber optic,No,No,No,No,No,No,Month-to-month,Yes,Electronic check,69.7,572.85,No,0.8601,1,High,2026-04-01
9419-IPPBE,Female,No,Yes,Yes,51,Yes,Yes,Fiber optic,No,No,Yes,No,No,Yes,One year,Yes,Electronic check,90.15,4554.85,No,0.4846,0,Medium,2026-08-01
0174-QRVVY,Male,No,Yes,Yes,71,Yes,Yes,No,No,No,No,No,No,No,Two year,No,Credit card (automatic),25.35,1847.55,No,0.0085,0,Low,2026-05-01
5699-BNCAS,Male,Yes,No,No,71,Yes,Yes,No,No,No,No,No,No,No,Two year,Yes,Mailed check,24.65,1766.75,No,0.0196,0,Low,2025-10-01
2900-PHPLN,Female,Yes,Yes,No,70,Yes,No,No,No,No,No,No,No,No,Two year,Yes,Credit card (automatic),19.55,1462.05,No,0.0143,0,Low,2025-09-01
0612-RTZZA,Female,Yes,No,No,1,No,No,DSL,No,No,No,No,No,No,Month-to-month,No,Electronic check,25.25,25.25,Yes,0.7919,0,High,2026-01-01
8106-GWQOK,Male,No,Yes,No,38,No,No,DSL,Yes,Yes,No,Yes,Yes,Yes,Two year,Yes,Bank transfer (automatic),60.0,2193.2,No,0.1182,0,Low,2026-03-01
8751-EDEKA,Female,No,Yes,No,28,Yes,No,Fiber optic,No,Yes,Yes,No,No,Yes,Month-to-month,No,Credit card (automatic),89.9,2433.5,No,0.5883,0,Medium,2026-05-01
6878-GGDWG,Female,No,Yes,No,32,Yes,No,No,No,No,No,No,No,No,Month-to-month,No,Bank transfer (automatic),19.4,641.15,No,0.1355,0,Low,2026-02-01
4039-PIMHX,Male,Yes,Yes,No,49,Yes,No,DSL,No,Yes,No,No,No,No,Two year,No,Mailed check,49.8,2398.4,No,0.0645,0,Low,2026-03-01
8450-LUGUK,Female,No,Yes,Yes,37,Yes,Yes,No,No,No,No,No,No,No,Two year,Yes,Bank transfer (automatic),24.1,861.85,No,0.0466,0,Low,2026-08-01
3604-WLABM,Female,No,No,No,10,Yes,No,DSL,No,No,Yes,Yes,No,No,Month-to-month,No,Electronic check,54.25,583.0,No,0.4935,0,Medium,2026-01-01
0795-GMVQO,Male,No,Yes,No,67,Yes,Yes,Fiber optic,Yes,Yes,Yes,No,Yes,Yes,One year,No,Credit card (automatic),109.9,7332.4,No,0.2465,0,Low,2026-02-01
2259-OUUSZ,Male,No,No,No,7,No,No,DSL,No,No,Yes,Yes,No,No,One year,Yes,Credit card (automatic),35.5,249.55,No,0.447,0,Medium,2026-03-01
1142-IHLOO,Female,No,No,No,51,Yes,No,Fiber optic,No,No,No,No,Yes,Yes,One year,No,Credit card (automatic),87.55,4475.9,No,0.3697,0,Medium,2026-02-01
6410-LEFEN,Female,No,No,No,9,Yes,No,DSL,No,No,No,No,No,No,Month-to-month,No,Electronic check,45.15,416.45,Yes,0.6001,0,High,2026-08-01
4633-MKHYU,Female,No,No,No,9,Yes,No,Fiber optic,No,No,No,No,Yes,Yes,Month-to-month,Yes,Mailed check,88.4,788.6,No,0.8522,1,High,2026-08-01
6257-RJOHI,Male,No,No,No,4,Yes,No,DSL,No,No,No,Yes,No,No,Month-to-month,Yes,Mailed check,50.8,202.3,No,0.5725,0,Medium,2026-03-01
1545-JFUML,Male,No,Yes,No,71,Yes,Yes,Fiber optic,Yes,Yes,Yes,No,Yes,No,Two year,Yes,Electronic check,99.0,6994.6,No,0.177,0,Low,2026-02-01
3194-ORPIK,Female,No,Yes,Yes,50,Yes,Yes,Fiber optic,No,No,No,No,Yes,No,Month-to-month,Yes,Bank transfer (automatic),84.4,4116.15,Yes,0.5521,0,Medium,2026-04-01
7826-VVKWT,Female,Yes,Yes,Yes,24,Yes,No,Fiber optic,No,No,Yes,No,Yes,Yes,Two year,Yes,Electronic check,96.55,2263.45,No,0.5502,0,Medium,2025-11-01
1353-GHZOS,Male,No,Yes,No,22,Yes,No,DSL,Yes,No,No,No,Yes,No,One year,Yes,Bank transfer (automatic),59.75,1374.35,No,0.2779,0,Low,2026-02-01
2587-EKXTS,Male,No,No,No,44,Yes,Yes,Fiber optic,Yes,Yes,Yes,No,Yes,Yes,Month-to-month,Yes,Electronic check,111.5,4915.15,No,0.7047,0,High,2025-11-01
5442-BXVND,Female,No,Yes,Yes,33,Yes,Yes,No,No,No,No,No,No,No,Month-to-month,No,Bank transfer (automatic),24.25,838.5,No,0.1346,0,Low,2025-10-01
8816-VXNZD,Female,No,No,No,1,Yes,Yes,Fiber optic,No,No,No,No,No,No,Month-to-month,Yes,Electronic check,75.1,75.1,Yes,0.8847,1,High,2025-10-01
9378-FXTIZ,Female,No,Yes,No,54,Yes,Yes,DSL,No,No,No,No,Yes,Yes,One year,Yes,Credit card (automatic),70.15,3715.65,Yes,0.2646,0,Low,2026-04-01
1723-HKXJQ,Male,No,No,No,42,Yes,Yes,Fiber optic,No,Yes,No,No,Yes,Yes,Month-to-month,Yes,Electronic check,101.75,4273.45,Yes,0.7874,0,High,2025-09-01
7825-GKXMW,Female,No,No,No,1,Yes,No,DSL,No,No,No,No,No,No,Month-to-month,No,Electronic check,45.8,45.8,Yes,0.6666,0,High,2026-04-01
9753-OYLBX,Female,No,No,No,1,Yes,No,No,No,No,No,No,No,No,Month-to-month,No,Mailed check,20.5,20.5,No,0.3849,0,Medium,2026-02-01
2364-UFROM,Male,No,No,No,30,Yes,No,DSL,Yes,Yes,No,Yes,Yes,No,One year,No,Electronic check,70.4,2044.75,No,0.1491,0,Low,2026-01-01
6656-JWRQX,Female,No,No,No,1,No,No,DSL,No,No,No,Yes,No,No,Month-to-month,No,Mailed check,30.55,30.55,No,0.6107,0,High,2026-06-01
6473-ULUHT,Male,No,Yes,Yes,16,Yes,Yes,DSL,Yes,Yes,No,Yes,Yes,Yes,Month-to-month,No,Electronic check,84.9,1398.25,No,0.4372,0,Medium,2026-03-01
1240-KNSEZ,Male,No,No,No,1,Yes,No,No,No,No,No,No,No,No,Month-to-month,Yes,Mailed check,20.1,20.1,Yes,0.4822,0,Medium,2026-05-01
0836-SEYLU,Male,No,Yes,No,9,No,No,DSL,No,No,No,Yes,Yes,No,Month-to-month,No,Mailed check,40.65,328.95,Yes,0.5805,0,Medium,2026-05-01
4433-JCGCG,Male,Yes,Yes,No,46,Yes,Yes,Fiber optic,No,No,Yes,No,Yes,Yes,Month-to-month,Yes,Electronic check,101.0,4680.05,Yes,0.8226,1,High,2025-09-01
3716-BDVDB,Male,No,No,No,1,Yes,No,Fiber optic,No,No,No,No,No,No,Month-to-month,Yes,Electronic check,69.1,69.1,Yes,0.8634,1,High,2025-11-01
7688-AWMDX,Male,No,Yes,No,71,Yes,No,DSL,Yes,No,No,Yes,No,No,Two year,No,Bank transfer (automatic),54.5,3778.2,No,0.0136,0,Low,2026-03-01
2842-BCQGE,Male,No,No,No,43,Yes,Yes,Fiber optic,No,No,No,No,No,No,Month-to-month,Yes,Credit card (automatic),75.35,3161.4,No,0.6001,0,High,2026-08-01
7244-QWYHG,Male,No,Yes,No,50,No,No,DSL,Yes,No,No,Yes,Yes,No,One year,Yes,Bank transfer (automatic),44.45,2188.45,No,0.1169,0,Low,2025-10-01
5899-MQZZL,Female,No,No,No,13,Yes,Yes,Fiber optic,No,No,No,No,No,No,Month-to-month,Yes,Mailed check,75.0,999.45,Yes,0.7973,1,High,2025-10-01
6849-OYAMU,Male,No,Yes,Yes,19,Yes,No,Fiber optic,No,Yes,No,Yes,Yes,Yes,One year,No,Bank transfer (automatic),100.0,1888.65,Yes,0.3949,0,Medium,2026-08-01
5312-UXESG,Female,No,No,No,41,Yes,Yes,Fiber optic,No,No,Yes,No,Yes,Yes,Month-to-month,No,Bank transfer (automatic),98.05,3990.6,No,0.6677,0,High,2026-08-01
9488-HGMJH,Female,Yes,No,No,1,Yes,No,Fiber optic,No,No,No,No,No,No,Month-to-month,Yes,Electronic check,71.15,71.15,Yes,0.8806,1,High,2025-11-01
6038-GCYEC,Female,No,No,No,24,No,No,DSL,No,Yes,Yes,No,Yes,Yes,Month-to-month,Yes,Credit card (automatic),54.15,1240.25,Yes,0.6369,0,High,2026-01-01
2150-WLKUW,Female,No,Yes,No,40,Yes,Yes,DSL,No,Yes,No,No,Yes,No,One year,No,Bank transfer (automatic),63.9,2635.0,No,0.1934,0,Low,2026-04-01
7159-FVYPK,Female,No,Yes,Yes,3,Yes,Yes,DSL,No,Yes,Yes,No,Yes,No,Month-to-month,Yes,Bank transfer (automatic),69.15,235.0,No,0.6423,0,High,2025-11-01
7032-LMBHI,Female,No,No,No,37,Yes,Yes,DSL,Yes,No,No,No,Yes,No,One year,No,Bank transfer (automatic),64.65,2347.85,No,0.1676,0,Low,2025-12-01
1150-WFARN,Female,No,Yes,Yes,67,Yes,Yes,Fiber optic,Yes,No,Yes,Yes,Yes,Yes,Two year,Yes,Credit card (automatic),108.75,7156.2,Yes,0.1367,0,Low,2026-01-01
6088-BXMRG,Female,No,Yes,Yes,32,Yes,Yes,Fiber optic,No,Yes,No,No,Yes,Yes,Month-to-month,Yes,Electronic check,98.85,3089.6,No,0.7839,0,High,2026-04-01
3144-AUDBS,Female,No,Yes,No,6,Yes,No,DSL,No,No,No,Yes,No,No,Month-to-month,Yes,Electronic check,49.15,270.8,Yes,0.6254,0,High,2025-12-01
4821-SJHJV,Female,No,Yes,Yes,32,Yes,Yes,Fiber optic,Yes,No,No,No,Yes,No,Month-to-month,No,Electronic check,89.6,2901.8,No,0.5848,0,Medium,2026-01-01
7346-MEDWM,Female,No,No,No,59,Yes,Yes,Fiber optic,No,Yes,Yes,No,No,No,Month-to-month,Yes,Electronic check,83.25,4949.1,No,0.5446,0,Medium,2025-12-01
1137-DGOWI,Female,No,Yes,No,30,Yes,No,DSL,No,Yes,Yes,Yes,No,Yes,One year,No,Bank transfer (automatic),70.25,2198.9,No,0.1631,0,Low,2026-06-01
5616-PRTNT,Male,No,No,Yes,20,Yes,No,No,No,No,No,No,No,No,Month-to-month,Yes,Electronic check,19.4,374.5,Yes,0.3101,0,Medium,2025-10-01
3812-LRZIR,Female,No,Yes,Yes,27,Yes,Yes,No,No,No,No,No,No,No,Two year,No,Electronic check,24.5,761.95,No,0.0707,0,Low,2025-11-01
4818-QIUFN,Female,Yes,No,No,20,Yes,Yes,Fiber optic,Yes,No,No,No,No,No,Month-to-month,Yes,Electronic check,79.15,1520.9,Yes,0.7747,0,High,2025-11-01
9483-GCPWE,Male,No,No,Yes,9,Yes,No,No,No,No,No,No,No,No,One year,No,Mailed check,20.1,190.25,No,0.1502,0,Low,2026-07-01
4227-OJHAL,Female,No,Yes,Yes,68,Yes,Yes,DSL,Yes,Yes,Yes,No,Yes,No,One year,Yes,Credit card (automatic),73.0,5163.0,No,0.0755,0,Low,2026-08-01
9220-CXRSC,Female,No,Yes,Yes,69,Yes,Yes,DSL,Yes,No,No,Yes,No,No,Two year,No,Credit card (automatic),61.4,4059.85,No,0.0153,0,Low,2026-03-01
4993-JCRGJ,Male,No,No,No,26,Yes,Yes,Fiber optic,No,No,Yes,Yes,No,No,Month-to-month,Yes,Mailed check,84.3,2281.6,No,0.6545,0,High,2025-10-01
9537-JALFH,Male,No,Yes,Yes,69,Yes,No,No,No,No,No,No,No,No,Two year,No,Bank transfer (automatic),19.9,1356.7,No,0.0067,0,Low,2026-06-01
6698-OXETB,Male,No,No,No,11,Yes,No,No,No,No,No,No,No,No,Two year,No,Mailed check,20.4,231.45,No,0.0975,0,Low,2026-02-01
2103-ZRXFN,Male,No,No,No,1,Yes,Yes,DSL,No,No,No,No,No,No,Month-to-month,No,Mailed check,50.75,50.75,No,0.6514,0,High,2026-07-01
3724-BSCVH,Male,No,Yes,Yes,10,Yes,No,No,No,No,No,No,No,No,One year,No,Mailed check,20.45,242.4,No,0.1439,0,Low,2026-01-01
4877-TSOFF,Female,No,Yes,Yes,55,Yes,Yes,DSL,Yes,Yes,No,Yes,No,Yes,One year,Yes,Bank transfer (automatic),75.75,4264.25,No,0.0854,0,Low,2026-08-01
9209-NWPGU,Male,No,No,No,44,Yes,No,DSL,Yes,No,No,Yes,Yes,No,One year,No,Electronic check,65.4,2774.55,No,0.1136,0,Low,2026-06-01
6961-VCPMC,Male,Yes,Yes,No,46,Yes,No,Fiber optic,No,No,No,No,No,Yes,Month-to-month,Yes,Electronic check,80.4,3605.2,Yes,0.7216,0,High,2025-11-01
7306-YDSOI,Male,No,Yes,Yes,69,Yes,No,DSL,Yes,Yes,Yes,No,No,No,Two year,Yes,Bank transfer (automatic),59.75,4069.9,No,0.0209,0,Low,2026-05-01
5288-AHOUP,Male,Yes,No,No,11,Yes,No,Fiber optic,No,No,No,No,No,Yes,Month-to-month,Yes,Electronic check,78.5,874.2,No,0.8831,1,High,2025-12-01
6688-UZPWD,Female,No,Yes,No,11,Yes,Yes,Fiber optic,No,Yes,No,No,Yes,Yes,Month-to-month,Yes,Electronic check,102.0,1145.35,Yes,0.8845,1,High,2026-01-01
0655-YDGFJ,Male,No,No,No,29,Yes,No,DSL,No,No,Yes,No,No,No,Month-to-month,No,Bank transfer (automatic),48.95,1323.7,No,0.3255,0,Medium,2025-12-01
8468-EHYJA,Female,No,Yes,No,57,Yes,Yes,Fiber optic,Yes,No,No,No,Yes,Yes,Month-to-month,Yes,Electronic check,99.65,5497.05,No,0.6495,0,High,2026-05-01
6823-SIDFQ,Male,No,No,No,28,Yes,No,No,No,No,No,No,No,No,One year,No,Credit card (automatic),18.25,534.7,No,0.0869,0,Low,2025-12-01
1097-FSPVW,Female,No,No,No,42,Yes,No,DSL,Yes,No,Yes,No,No,No,Month-to-month,No,Credit card (automatic),54.55,2455.05,No,0.1767,0,Low,2026-04-01
2839-RFSQE,Female,No,No,No,2,Yes,No,No,No,No,No,No,No,No,Month-to-month,No,Mailed check,20.65,38.7,Yes,0.3743,0,Medium,2026-03-01
8328-SKJNO,Male,No,No,Yes,23,No,No,DSL,Yes,Yes,No,Yes,No,No,One year,No,Bank transfer (automatic),40.65,947.4,No,0.1197,0,Low,2026-06-01
7010-ZMVBF,Female,No,Yes,Yes,18,Yes,No,No,No,No,No,No,No,No,Month-to-month,No,Mailed check,20.45,357.0,No,0.1922,0,Low,2026-08-01
5201-CBWYG,Male,No,Yes,Yes,62,Yes,Yes,No,No,No,No,No,No,No,One year,No,Bank transfer (automatic),24.8,1476.25,No,0.022,0,Low,2025-09-01
0968-GSIKN,Female,No,No,No,1,Yes,No,Fiber optic,No,No,No,No,No,No,Month-to-month,Yes,Mailed check,70.8,70.8,Yes,0.8169,1,High,2026-08-01
1965-DDBWU,Male,No,No,No,16,Yes,Yes,Fiber optic,No,No,No,Yes,No,Yes,Month-to-month,Yes,Credit card (automatic),89.05,1448.6,Yes,0.7683,0,High,2025-10-01
9057-SIHCH,Female,No,No,No,3,Yes,Yes,Fiber optic,No,No,No,No,Yes,Yes,Month-to-month,Yes,Electronic check,96.6,291.9,Yes,0.9184,1,High,2026-03-01
6352-GIGGQ,Male,No,No,No,67,Yes,Yes,DSL,Yes,Yes,Yes,Yes,Yes,Yes,One year,Yes,Bank transfer (automatic),88.8,5903.15,No,0.103,0,Low,2026-01-01
3635-QQRQD,Male,No,No,No,62,Yes,No,No,No,No,No,No,No,No,Two year,Yes,Credit card (automatic),20.05,1201.65,No,0.0165,0,Low,2026-04-01
6771-XWBDM,Female,No,Yes,No,57,Yes,Yes,Fiber optic,No,Yes,Yes,No,Yes,Yes,Month-to-month,Yes,Credit card (automatic),104.5,5921.35,Yes,0.635,0,High,2026-05-01
2897-DOVND,Male,No,No,No,2,Yes,No,Fiber optic,No,No,No,No,No,No,Month-to-month,Yes,Electronic check,69.8,146.65,No,0.8589,1,High,2026-07-01
3082-YVEKW,Female,No,Yes,Yes,23,Yes,Yes,DSL,Yes,No,Yes,Yes,Yes,No,Two year,Yes,Bank transfer (automatic),77.15,1759.4,No,0.1159,0,Low,2026-01-01
0191-EQUUH,Female,No,No,Yes,25,No,No,DSL,Yes,No,No,Yes,No,No,Two year,No,Bank transfer (automatic),35.05,844.45,No,0.0709,0,Low,2026-08-01
7134-HBPBS,Female,Yes,No,No,72,Yes,Yes,Fiber optic,No,Yes,Yes,Yes,Yes,Yes,Two year,Yes,Bank transfer (automatic),108.1,7774.05,No,0.2219,0,Low,2025-12-01
3489-HHPFY,Female,No,Yes,No,2,Yes,Yes,Fiber optic,No,No,No,No,Yes,No,Month-to-month,Yes,Electronic check,84.05,134.05,No,0.8987,1,High,2025-11-01
2926-JEJJC,Female,No,No,No,8,Yes,No,No,No,No,No,No,No,No,One year,Yes,Bank transfer (automatic),20.2,140.95,No,0.2361,0,Low,2026-01-01
8601-QACRS,Female,No,No,No,5,Yes,Yes,DSL,No,No,No,No,No,No,Month-to-month,Yes,Mailed check,50.6,249.95,Yes,0.6982,0,High,2026-03-01
4950-BDEUX,Male,No,No,No,35,No,No,DSL,No,No,Yes,No,Yes,Yes,Month-to-month,No,Electronic check,49.2,1701.65,No,0.5825,0,Medium,2026-05-01
5789-LDFXO,Male,No,No,No,24,Yes,Yes,No,No,No,No,No,No,No,One year,No,Electronic check,24.6,592.65,No,0.1703,0,Low,2026-06-01
0508-OOLTO,Female,No,Yes,Yes,2,Yes,No,Fiber optic,No,No,No,No,No,No,Month-to-month,Yes,Electronic check,71.65,135.75,No,0.8212,1,High,2025-11-01
2984-TBYKU,Male,No,Yes,Yes,72,Yes,Yes,Fiber optic,Yes,Yes,Yes,Yes,No,Yes,Two year,Yes,Credit card (automatic),104.9,7732.65,No,0.0906,0,Low,2025-12-01
9822-WMWVG,Female,No,No,No,41,Yes,Yes,Fiber optic,Yes,Yes,Yes,Yes,Yes,No,Month-to-month,Yes,Electronic check,106.5,4282.4,No,0.5514,0,Medium,2026-08-01
2391-SOORI,Male,No,No,Yes,4,Yes,No,DSL,Yes,No,No,No,No,No,Month-to-month,No,Electronic check,49.35,219.65,Yes,0.4897,0,Medium,2026-02-01
9040-KZVWO,Male,No,No,No,26,Yes,No,Fiber optic,No,Yes,No,No,No,No,One year,No,Bank transfer (automatic),75.5,2018.1,No,0.3631,0,Medium,2025-11-01
2645-QTLMB,Male,No,No,No,7,Yes,No,Fiber optic,No,Yes,No,No,Yes,Yes,Month-to-month,Yes,Electronic check,94.25,669.0,Yes,0.876,1,High,2026-08-01
4806-HIPDW,Female,No,Yes,No,1,Yes,No,Fiber optic,No,No,No,No,No,No,Month-to-month,Yes,Electronic check,68.95,68.95,Yes,0.86,1,High,2026-02-01
1548-ARAGG,Female,No,Yes,Yes,4,Yes,Yes,DSL,No,Yes,No,Yes,No,No,Month-to-month,Yes,Mailed check,58.5,224.85,No,0.5258,0,Medium,2026-08-01
6339-RZCBJ,Male,No,No,No,48,Yes,No,DSL,No,Yes,Yes,Yes,Yes,Yes,Two year,No,Credit card (automatic),78.9,3771.5,No,0.0739,0,Low,2026-08-01
4424-TKOPW,Male,Yes,No,No,2,Yes,Yes,Fiber optic,No,No,No,No,Yes,Yes,Month-to-month,Yes,Electronic check,93.85,196.75,Yes,0.9365,1,High,2026-07-01
4415-WNGVR,Female,Yes,Yes,No,12,Yes,No,DSL,Yes,No,Yes,Yes,Yes,Yes,One year,Yes,Electronic check,79.2,943.85,No,0.4527,0,Medium,2026-03-01
2522-AHJXR,Male,No,Yes,No,60,Yes,Yes,Fiber optic,Yes,No,Yes,Yes,Yes,Yes,Month-to-month,Yes,Bank transfer (automatic),109.45,6572.85,No,0.4836,0,Medium,2026-06-01
0412-UCCNP,Male,No,No,No,55,Yes,No,DSL,Yes,No,Yes,Yes,No,No,Two year,Yes,Electronic check,59.2,3175.85,No,0.0492,0,Low,2026-08-01
1816-FLZDK,Male,No,No,No,1,No,No,DSL,No,No,No,Yes,No,No,Month-to-month,No,Mailed check,29.15,29.15,No,0.6187,0,High,2025-12-01
7096-UCLNH,Male,No,No,No,1,Yes,No,No,No,No,No,No,No,No,Month-to-month,No,Mailed check,20.05,20.05,No,0.3904,0,Medium,2025-09-01
8443-ZRDBZ,Male,No,No,No,4,Yes,Yes,Fiber optic,No,No,No,No,No,No,Month-to-month,Yes,Electronic check,76.05,318.9,Yes,0.8764,1,High,2025-12-01
9136-ALYBR,Male,No,No,No,1,No,No,DSL,No,No,No,No,No,No,Month-to-month,Yes,Mailed check,24.45,24.45,Yes,0.7741,0,High,2026-04-01
4615-PIVVU,Female,No,No,No,42,Yes,No,DSL,No,No,Yes,Yes,No,Yes,Two year,No,Credit card (automatic),66.5,2762.75,No,0.0748,0,Low,2026-03-01
8885-QSQBX,Female,No,No,No,1,Yes,No,DSL,Yes,No,No,No,No,No,Month-to-month,No,Bank transfer (automatic),49.55,49.55,No,0.4746,0,Medium,2025-09-01
7479-NITWS,Male,No,No,No,7,Yes,Yes,Fiber optic,No,No,Yes,No,Yes,No,Month-to-month,Yes,Credit card (automatic),89.35,631.85,Yes,0.8417,1,High,2026-03-01
8617-ENBDS,Male,No,No,No,3,Yes,No,Fiber optic,No,No,Yes,No,No,No,Month-to-month,Yes,Credit card (automatic),73.6,232.5,No,0.7985,1,High,2025-11-01
9385-NXKDA,Female,No,Yes,No,72,Yes,Yes,DSL,Yes,Yes,Yes,No,Yes,Yes,Two year,Yes,Credit card (automatic),82.65,5919.35,No,0.0656,0,Low,2026-03-01
0430-IHCDJ,Male,No,No,No,15,Yes,Yes,DSL,No,No,No,No,No,No,Month-to-month,Yes,Electronic check,49.0,749.25,No,0.6956,0,High,2026-03-01
2959-MJHIC,Male,No,Yes,No,4,Yes,No,Fiber optic,No,No,No,No,Yes,No,Month-to-month,Yes,Electronic check,80.35,307.4,Yes,0.8709,1,High,2026-04-01
6674-KVJHG,Female,No,No,No,11,Yes,Yes,No,No,No,No,No,No,No,One year,No,Electronic check,25.2,245.15,No,0.2548,0,Low,2026-01-01
1814-DKOLC,Female,No,No,No,5,Yes,Yes,No,No,No,No,No,No,No,Month-to-month,No,Mailed check,25.45,134.75,No,0.3991,0,Medium,2026-01-01
4201-JMNGR,Female,Yes,No,No,1,Yes,No,DSL,Yes,No,Yes,No,No,No,Month-to-month,Yes,Electronic check,55.8,55.8,Yes,0.6842,0,High,2026-05-01
9351-HXDMR,Male,No,Yes,No,72,Yes,Yes,Fiber optic,Yes,No,Yes,Yes,Yes,Yes,Two year,Yes,Credit card (automatic),110.9,8240.85,No,0.1664,0,Low,2026-05-01
3537-HPKQT,Female,No,Yes,No,55,Yes,Yes,Fiber optic,No,Yes,No,No,No,No,Month-to-month,Yes,Credit card (automatic),77.75,4266.4,No,0.4761,0,Medium,2026-06-01
2129-ALKBS,Female,No,Yes,Yes,40,Yes,Yes,No,No,No,No,No,No,No,Month-to-month,Yes,Electronic check,26.2,1077.5,No,0.1958,0,Low,2026-01-01
5821-MMEIL,Female,No,Yes,No,57,Yes,No,No,No,No,No,No,No,No,Two year,No,Bank transfer (automatic),19.9,1115.6,No,0.0136,0,Low,2026-02-01
5960-WPXQM,Male,No,No,No,1,Yes,No,Fiber optic,No,No,No,No,Yes,No,Month-to-month,Yes,Electronic check,79.05,79.05,Yes,0.8834,1,High,2025-12-01
0684-AOSIH,Male,No,Yes,No,1,Yes,No,Fiber optic,Yes,No,No,No,Yes,Yes,Month-to-month,Yes,Electronic check,95.0,95.0,Yes,0.8625,1,High,2026-03-01
8260-NGFNY,Female,No,No,No,1,No,No,DSL,No,No,No,No,No,No,Month-to-month,No,Mailed check,25.2,25.2,Yes,0.6964,0,High,2025-10-01
1309-XGFSN,Male,Yes,Yes,Yes,52,Yes,Yes,DSL,No,Yes,Yes,No,Yes,Yes,One year,Yes,Electronic check,80.85,4079.55,No,0.3215,0,Medium,2026-02-01
1866-RZZQS,Male,Yes,No,No,41,Yes,Yes,Fiber optic,No,No,Yes,No,Yes,Yes,Month-to-month,Yes,Electronic check,98.4,4187.75,Yes,0.8455,1,High,2025-11-01
6968-URWQU,Male,No,Yes,No,43,Yes,No,DSL,No,No,No,No,Yes,No,One year,Yes,Mailed check,56.35,2391.15,No,0.2251,0,Low,2026-03-01
4742-TXUEX,Female,No,Yes,Yes,47,Yes,No,No,No,No,No,No,No,No,Two year,No,Bank transfer (automatic),19.3,890.5,No,0.0166,0,Low,2026-07-01
9631-XEYKE,Male,No,No,No,3,Yes,Yes,DSL,No,No,No,No,No,No,Month-to-month,No,Bank transfer (automatic),50.4,137.25,No,0.6208,0,High,2026-08-01
8631-NBHFZ,Male,Yes,Yes,Yes,66,Yes,Yes,DSL,Yes,Yes,Yes,Yes,Yes,No,Two year,No,Credit card (automatic),79.4,5154.6,Yes,0.0267,0,Low,2026-02-01
1335-MXCSE,Male,No,Yes,Yes,55,Yes,No,DSL,No,No,Yes,Yes,No,No,Two year,Yes,Credit card (automatic),55.25,3119.9,No,0.0412,0,Low,2025-09-01
8873-TMKGR,Male,No,No,No,29,Yes,No,No,No,No,No,No,No,No,One year,No,Mailed check,19.1,529.5,No,0.0862,0,Low,2025-11-01
8800-JOOCF,Female,No,No,Yes,12,Yes,Yes,Fiber optic,No,No,No,No,Yes,No,Month-to-month,Yes,Electronic check,84.05,966.55,No,0.8429,1,High,2025-10-01
1469-LBJQJ,Female,No,Yes,No,66,Yes,Yes,Fiber optic,No,Yes,Yes,No,Yes,Yes,Month-to-month,Yes,Electronic check,105.2,6936.85,No,0.6702,0,High,2026-06-01
4958-XCBDQ,Male,Yes,No,No,35,Yes,Yes,Fiber optic,No,No,Yes,No,Yes,Yes,Month-to-month,Yes,Electronic check,101.4,3496.3,Yes,0.8573,1,High,2026-08-01
8337-UPOAQ,Male,Yes,Yes,No,10,Yes,Yes,Fiber optic,No,No,Yes,No,No,Yes,Month-to-month,Yes,Electronic check,89.8,914.3,Yes,0.9021,1,High,2026-03-01
0064-YIJGF,Male,No,Yes,Yes,27,Yes,Yes,Fiber optic,No,No,No,No,No,No,Month-to-month,Yes,Bank transfer (automatic),75.75,1929.0,No,0.6519,0,High,2025-11-01
2386-OWURY,Female,No,No,No,58,Yes,No,Fiber optic,No,No,No,Yes,Yes,Yes,Month-to-month,Yes,Electronic check,95.3,5817.7,No,0.6185,0,High,2025-09-01
1725-IQNIY,Male,No,Yes,No,54,Yes,No,Fiber optic,Yes,Yes,Yes,Yes,Yes,Yes,Two year,No,Bank transfer (automatic),109.75,6110.2,Yes,0.117,0,Low,2026-08-01
0310-VQXAM,Male,No,No,No,9,Yes,No,No,No,No,No,No,No,No,Month-to-month,No,Mailed check,19.85,178.8,No,0.3132,0,Medium,2025-12-01
6598-RFFVI,Male,No,No,No,2,Yes,No,No,No,No,No,No,No,No,One year,No,Credit card (automatic),19.3,28.3,Yes,0.2227,0,Low,2025-10-01
3453-RTHJQ,Male,No,No,No,6,Yes,No,Fiber optic,No,No,No,No,No,No,Month-to-month,Yes,Electronic check,69.1,435.0,No,0.8442,1,High,2025-11-01
6712-OAWRH,Female,Yes,No,No,26,Yes,No,Fiber optic,No,No,No,No,Yes,Yes,Month-to-month,Yes,Electronic check,91.25,2351.8,Yes,0.8552,1,High,2025-12-01
6278-FEPBZ,Female,No,No,No,9,Yes,No,No,No,No,No,No,No,No,Month-to-month,No,Mailed check,20.25,186.15,No,0.3086,0,Medium,2026-04-01
4280-DLSHD,Male,No,Yes,No,8,Yes,No,DSL,No,Yes,Yes,No,No,No,Month-to-month,Yes,Mailed check,54.75,445.85,No,0.5738,0,Medium,2026-07-01
1508-DFXCU,Male,No,No,No,12,Yes,No,Fiber optic,No,No,No,No,Yes,No,Month-to-month,Yes,Electronic check,81.45,912.0,No,0.8411,1,High,2025-12-01
8614-VGMMV,Female,No,No,No,15,Yes,Yes,DSL,No,No,No,No,No,No,Month-to-month,Yes,Electronic check,49.1,679.55,Yes,0.688,0,High,2026-05-01
7868-BGSZA,Male,No,Yes,No,43,Yes,Yes,DSL,Yes,No,Yes,No,Yes,Yes,One year,Yes,Electronic check,80.2,3581.6,No,0.3434,0,Medium,2025-09-01
2800-QQUSO,Male,No,No,No,42,Yes,Yes,Fiber optic,No,No,No,Yes,Yes,Yes,Month-to-month,Yes,Electronic check,100.3,4222.95,No,0.7541,0,High,2025-09-01
2930-UOTMB,Female,No,No,No,31,Yes,Yes,DSL,Yes,No,Yes,Yes,No,No,Month-to-month,No,Credit card (automatic),65.25,1994.3,Yes,0.2166,0,Low,2025-09-01
7973-DZRKH,Female,No,No,Yes,66,Yes,Yes,Fiber optic,Yes,No,Yes,Yes,No,No,Two year,Yes,Credit card (automatic),90.95,5930.05,No,0.0737,0,Low,2026-08-01
5914-DVBWJ,Female,Yes,No,No,18,Yes,Yes,Fiber optic,No,Yes,No,Yes,No,No,Month-to-month,Yes,Electronic check,85.45,1505.85,Yes,0.7665,0,High,2026-03-01
7698-YFGEZ,Male,No,No,No,1,Yes,No,No,No,No,No,No,No,No,Month-to-month,No,Mailed check,20.0,20.0,No,0.3906,0,Medium,2026-06-01
2533-QVMSK,Male,No,Yes,No,61,Yes,Yes,Fiber optic,No,Yes,No,Yes,Yes,No,Two year,Yes,Electronic check,94.1,5638.3,Yes,0.2216,0,Low,2025-09-01
9773-PEQBZ,Male,No,No,No,10,Yes,Yes,Fiber optic,No,Yes,No,No,No,No,Month-to-month,No,Electronic check,79.85,797.25,No,0.7753,0,High,2025-09-01
8644-XLFBW,Male,Yes,No,No,1,Yes,No,Fiber optic,No,No,No,No,No,No,Month-to-month,Yes,Electronic check,71.65,71.65,Yes,0.882,1,High,2026-07-01
0650-BWOZN,Female,Yes,No,No,18,Yes,No,Fiber optic,No,Yes,No,No,No,No,Month-to-month,Yes,Electronic check,73.55,1359.45,No,0.7911,0,High,2025-10-01
8625-AZYZY,Male,No,Yes,No,24,Yes,Yes,Fiber optic,No,Yes,Yes,No,Yes,Yes,Month-to-month,Yes,Electronic check,104.65,2542.45,Yes,0.849,1,High,2025-10-01
7785-RDVIG,Female,No,Yes,Yes,3,Yes,No,No,No,No,No,No,No,No,Month-to-month,No,Mailed check,19.3,54.7,No,0.3138,0,Medium,2026-03-01
9602-WCXPI,Male,No,No,No,50,Yes,No,No,No,No,No,No,No,No,One year,No,Credit card (automatic),20.15,989.05,No,0.0352,0,Low,2026-04-01
2903-YYTBW,Male,No,Yes,Yes,1,Yes,No,DSL,No,No,No,No,No,No,Month-to-month,No,Electronic check,44.55,44.55,No,0.619,0,High,2025-11-01
3620-MWJNE,Male,No,No,No,2,Yes,No,DSL,Yes,No,No,Yes,No,No,Month-to-month,Yes,Mailed check,54.45,87.3,No,0.4845,0,Medium,2026-02-01
8573-JGCZW,Male,No,No,No,17,Yes,No,No,No,No,No,No,No,No,One year,Yes,Bank transfer (automatic),19.65,351.55,No,0.1784,0,Low,2026-05-01
6837-HAEVO,Male,No,Yes,Yes,69,Yes,Yes,Fiber optic,No,Yes,Yes,No,Yes,Yes,Two year,Yes,Electronic check,105.0,7297.75,No,0.287,0,Low,2026-02-01
6701-YVNQG,Male,No,Yes,No,72,Yes,Yes,DSL,Yes,Yes,Yes,Yes,Yes,Yes,Two year,Yes,Credit card (automatic),88.7,6301.7,No,0.0502,0,Low,2026-01-01
9306-CPCBC,Female,No,No,No,3,Yes,Yes,Fiber optic,No,No,No,No,No,No,Month-to-month,Yes,Electronic check,74.25,210.3,Yes,0.879,1,High,2025-09-01
4304-XUMGI,Male,Yes,Yes,Yes,50,Yes,Yes,DSL,Yes,Yes,Yes,No,No,Yes,Two year,Yes,Bank transfer (automatic),75.15,3822.45,No,0.0892,0,Low,2026-02-01
9504-YAZWB,Female,No,No,No,53,Yes,No,No,No,No,No,No,No,No,Two year,No,Mailed check,20.25,1048.45,No,0.0173,0,Low,2026-06-01
8819-ZBYNA,Female,No,Yes,No,58,Yes,Yes,Fiber optic,Yes,Yes,No,Yes,Yes,Yes,Two year,Yes,Credit card (automatic),109.1,6393.65,No,0.1834,0,Low,2026-04-01
6174-NRBTZ,Male,No,No,No,46,No,No,DSL,Yes,No,No,No,No,No,One year,Yes,Bank transfer (automatic),30.75,1489.3,No,0.1424,0,Low,2026-07-01
9481-IEBZY,Male,Yes,Yes,No,72,Yes,Yes,Fiber optic,Yes,Yes,Yes,Yes,Yes,Yes,Month-to-month,Yes,Credit card (automatic),112.9,8061.5,No,0.4367,0,Medium,2025-10-01
1833-VGRUM,Female,Yes,No,No,1,Yes,Yes,Fiber optic,No,No,No,No,No,No,Month-to-month,Yes,Electronic check,74.2,74.2,Yes,0.9041,1,High,2025-09-01
6137-NICCO,Female,No,Yes,Yes,6,Yes,Yes,Fiber optic,No,Yes,Yes,No,Yes,No,Month-to-month,Yes,Mailed check,94.05,518.75,No,0.7863,0,High,2026-03-01
9065-ZCPQX,Male,No,Yes,No,72,Yes,Yes,DSL,Yes,Yes,Yes,Yes,No,Yes,Two year,No,Bank transfer (automatic),78.85,5763.15,No,0.0259,0,Low,2025-11-01
6402-EJMWF,Male,No,No,No,4,Yes,No,DSL,No,No,No,No,No,Yes,Month-to-month,Yes,Mailed check,55.3,238.5,No,0.7211,0,High,2026-04-01
3620-EHIMZ,Female,No,Yes,Yes,52,Yes,No,No,No,No,No,No,No,No,Two year,No,Mailed check,19.35,1031.7,No,0.0144,0,Low,2026-07-01
3213-VVOLG,Male,No,Yes,Yes,0,Yes,Yes,No,No,No,No,No,No,No,Two year,No,Mailed check,25.35,0.0,No,0.145,0,Low,2026-01-01
6870-ECSHE,Female,No,No,No,2,Yes,No,No,No,No,No,No,No,No,One year,No,Mailed check,20.45,34.8,No,0.226,0,Low,2026-03-01
8747-UDCOI,Female,No,Yes,No,65,Yes,No,No,No,No,No,No,No,No,Two year,No,Bank transfer (automatic),19.35,1319.95,No,0.0099,0,Low,2026-05-01
8374-XGEJJ,Male,Yes,Yes,No,43,Yes,Yes,Fiber optic,No,Yes,No,No,Yes,Yes,Month-to-month,Yes,Electronic check,101.0,4388.4,Yes,0.8148,1,High,2025-10-01
2656-TABEH,Male,No,Yes,No,4,Yes,Yes,Fiber optic,No,Yes,No,No,Yes,Yes,Month-to-month,Yes,Electronic check,100.2,420.2,Yes,0.904,1,High,2026-07-01
6946-LMSQS,Male,Yes,Yes,No,25,Yes,Yes,Fiber optic,Yes,No,No,No,No,Yes,One year,Yes,Electronic check,89.05,2177.45,Yes,0.669,0,High,2025-11-01
4626-OZDTJ,Female,No,Yes,No,51,Yes,Yes,DSL,No,Yes,No,Yes,Yes,Yes,One year,Yes,Credit card (automatic),78.65,3950.85,No,0.2024,0,Low,2026-06-01
9169-BSVIN,Male,No,No,No,12,Yes,Yes,DSL,No,No,Yes,No,Yes,Yes,Month-to-month,No,Bank transfer (automatic),74.75,827.05,No,0.6505,0,High,2026-04-01
2325-ZUSFD,Female,No,Yes,Yes,57,Yes,No,DSL,Yes,No,No,No,Yes,Yes,One year,Yes,Bank transfer (automatic),70.1,3913.3,Yes,0.1171,0,Low,2025-10-01
8194-PEEBY,Female,No,Yes,Yes,24,Yes,No,No,No,No,No,No,No,No,One year,No,Mailed check,19.9,533.5,No,0.0838,0,Low,2026-05-01
6872-HXFNF,Female,No,Yes,No,64,Yes,Yes,DSL,No,No,Yes,Yes,No,No,One year,No,Bank transfer (automatic),58.35,3756.45,No,0.0612,0,Low,2025-11-01
3932-CMDTD,Female,No,No,No,4,Yes,No,Fiber optic,No,Yes,Yes,Yes,Yes,Yes,One year,Yes,Electronic check,105.65,443.9,Yes,0.7029,0,High,2026-04-01
7714-YXSMB,Female,No,No,No,26,Yes,Yes,Fiber optic,No,No,Yes,No,Yes,Yes,Month-to-month,Yes,Bank transfer (automatic),100.5,2599.95,No,0.8085,1,High,2026-08-01
8387-UGUSU,Female,No,Yes,Yes,15,Yes,No,No,No,No,No,No,No,No,Month-to-month,No,Mailed check,20.05,284.3,No,0.2132,0,Low,2026-08-01
1080-BWSYE,Male,Yes,Yes,No,64,Yes,Yes,No,No,No,No,No,No,No,Two year,No,Credit card (automatic),25.65,1740.8,No,0.0174,0,Low,2026-07-01
4039-HEUNW,Male,Yes,Yes,No,36,Yes,Yes,Fiber optic,No,Yes,No,No,Yes,Yes,Month-to-month,Yes,Electronic check,96.5,3436.1,Yes,0.8386,1,High,2026-02-01
1194-HVAIF,Female,No,Yes,No,27,Yes,Yes,Fiber optic,No,No,No,No,Yes,Yes,Month-to-month,No,Credit card (automatic),95.0,2462.55,No,0.7406,0,High,2026-03-01
0812-WUPTB,Male,Yes,Yes,No,1,Yes,No,Fiber optic,No,No,No,No,No,No,Month-to-month,No,Mailed check,70.85,70.85,Yes,0.7899,0,High,2025-12-01
3594-UVONA,Female,No,No,No,35,Yes,Yes,DSL,Yes,No,Yes,Yes,Yes,Yes,One year,Yes,Credit card (automatic),85.95,3110.1,Yes,0.2443,0,Low,2026-08-01
0004-TLHLJ,Male,No,No,No,4,Yes,No,Fiber optic,No,No,Yes,No,No,No,Month-to-month,Yes,Electronic check,73.9,280.85,Yes,0.8451,1,High,2026-02-01
1767-TGTKO,Female,No,Yes,Yes,8,Yes,No,DSL,No,No,No,No,No,No,Month-to-month,Yes,Electronic check,45.45,411.75,No,0.6419,0,High,2026-06-01
8439-LTUGF,Male,No,No,No,10,Yes,No,No,No,No,No,No,No,No,Month-to-month,Yes,Credit card (automatic),20.0,198.6,No,0.3766,0,Medium,2026-01-01
8805-JNRAZ,Female,No,No,No,2,Yes,No,DSL,No,Yes,No,No,No,No,Month-to-month,No,Mailed check,49.2,103.7,No,0.5455,0,Medium,2026-05-01
5089-IFSDP,Female,No,Yes,No,58,Yes,Yes,Fiber optic,Yes,Yes,Yes,No,Yes,Yes,Two year,Yes,Bank transfer (automatic),109.45,6144.55,Yes,0.2238,0,Low,2025-11-01
6418-HNFED,Male,No,Yes,No,51,Yes,No,DSL,Yes,Yes,Yes,Yes,Yes,Yes,Two year,Yes,Credit card (automatic),83.25,4089.45,No,0.0651,0,Low,2026-05-01
0206-OYVOC,Female,No,Yes,Yes,46,Yes,No,No,No,No,No,No,No,No,Two year,Yes,Mailed check,19.25,864.2,No,0.0264,0,Low,2025-09-01
7291-CDTMJ,Male,No,No,No,1,Yes,No,No,No,No,No,No,No,No,Month-to-month,Yes,Bank transfer (automatic),19.65,19.65,No,0.4682,0,Medium,2025-10-01
7128-GGCNO,Male,No,No,No,46,Yes,Yes,Fiber optic,No,No,No,No,No,No,Month-to-month,No,Bank transfer (automatic),72.8,3249.4,No,0.4814,0,Medium,2026-01-01
0237-YFUTL,Female,No,Yes,No,50,Yes,Yes,Fiber optic,Yes,Yes,No,Yes,Yes,Yes,Month-to-month,Yes,Bank transfer (automatic),109.65,5405.8,No,0.4986,0,Medium,2026-02-01
7691-KGKGP,Male,No,Yes,Yes,53,Yes,No,DSL,No,Yes,No,Yes,Yes,No,Month-to-month,No,Credit card (automatic),65.0,3363.8,No,0.1225,0,Low,2026-05-01
6710-HSJRD,Male,No,Yes,No,61,Yes,Yes,Fiber optic,No,Yes,Yes,Yes,Yes,Yes,Month-to-month,Yes,Electronic check,114.1,7132.15,No,0.6427,0,High,2026-01-01
3675-EQOZA,Male,No,No,No,5,Yes,No,No,No,No,No,No,No,No,Month-to-month,No,Bank transfer (automatic),20.65,93.55,No,0.335,0,Medium,2025-09-01
0840-DCNZE,Male,No,No,No,47,Yes,No,DSL,Yes,Yes,Yes,Yes,Yes,Yes,One year,Yes,Bank transfer (automatic),86.95,4138.9,No,0.133,0,Low,2025-12-01
1732-FEKLD,Female,No,No,No,54,Yes,Yes,Fiber optic,No,Yes,Yes,No,Yes,No,One year,Yes,Bank transfer (automatic),94.75,5121.75,No,0.3836,0,Medium,2026-02-01
9862-KJTYK,Male,No,No,Yes,19,No,No,DSL,No,No,No,No,No,No,Month-to-month,Yes,Credit card (automatic),25.35,566.1,No,0.5537,0,Medium,2026-03-01
0479-HMSWA,Female,No,No,Yes,26,Yes,No,Fiber optic,No,Yes,Yes,Yes,Yes,Yes,Two year,Yes,Electronic check,105.45,2715.3,No,0.3717,0,Medium,2026-04-01
5854-KSRBJ,Male,No,Yes,Yes,70,Yes,Yes,No,No,No,No,No,No,No,Two year,No,Mailed check,25.4,1782.05,No,0.0092,0,Low,2025-11-01
0365-BZUWY,Male,No,Yes,No,17,Yes,Yes,Fiber optic,No,Yes,Yes,No,Yes,Yes,Month-to-month,Yes,Electronic check,102.55,1742.5,No,0.87,1,High,2026-04-01
4817-VYYWS,Female,No,No,No,30,Yes,Yes,Fiber optic,No,Yes,No,No,Yes,Yes,Month-to-month,Yes,Electronic check,100.2,2983.8,Yes,0.8298,1,High,2026-04-01
5701-SVCWR,Female,No,No,Yes,1,Yes,Yes,No,No,No,No,No,No,No,Month-to-month,No,Mailed check,24.0,24.0,No,0.3875,0,Medium,2026-06-01
3129-AAQOU,Female,No,Yes,Yes,19,Yes,Yes,No,No,No,No,No,No,No,Two year,No,Mailed check,25.6,485.9,No,0.0702,0,Low,2026-03-01
4922-CVPDX,Female,No,Yes,No,26,Yes,No,DSL,No,Yes,Yes,No,Yes,Yes,Two year,Yes,Credit card (automatic),73.5,1905.7,No,0.2346,0,Low,2026-06-01
1396-QWFBJ,Female,No,Yes,Yes,21,Yes,No,Fiber optic,No,Yes,No,No,No,No,Month-to-month,Yes,Bank transfer (automatic),74.05,1565.7,Yes,0.6042,0,High,2025-11-01
1357-BIJKI,Male,No,Yes,No,50,Yes,Yes,Fiber optic,No,Yes,No,No,Yes,Yes,One year,Yes,Electronic check,98.25,4858.7,No,0.5922,0,Medium,2026-05-01
1099-BTKWT,Female,No,Yes,No,68,No,No,DSL,Yes,No,Yes,No,Yes,Yes,One year,Yes,Electronic check,54.4,3723.65,No,0.1703,0,Low,2025-09-01
5299-SJCZT,Male,No,No,No,3,Yes,Yes,Fiber optic,No,No,Yes,No,Yes,Yes,Month-to-month,Yes,Bank transfer (automatic),101.55,298.35,Yes,0.8823,1,High,2025-10-01
2018-PZKMU,Male,No,Yes,Yes,9,Yes,No,Fiber optic,No,No,Yes,Yes,Yes,Yes,Month-to-month,No,Electronic check,103.1,970.45,No,0.7355,0,High,2026-07-01
7340-KEFQE,Female,No,Yes,Yes,51,No,No,DSL,Yes,No,No,Yes,No,No,Two year,No,Bank transfer (automatic),34.2,1782.0,No,0.0268,0,Low,2026-02-01
4570-QHXHL,Female,No,No,No,9,Yes,No,DSL,No,No,No,No,No,No,Month-to-month,Yes,Electronic check,43.75,405.7,No,0.6887,0,High,2026-04-01
2403-BCASL,Male,Yes,Yes,Yes,41,Yes,Yes,Fiber optic,No,Yes,Yes,Yes,Yes,Yes,One year,Yes,Electronic check,111.95,4534.9,Yes,0.5544,0,Medium,2026-04-01
7392-YYPYJ,Male,No,No,No,22,Yes,Yes,Fiber optic,No,Yes,No,No,Yes,Yes,Month-to-month,Yes,Electronic check,100.65,2415.95,No,0.8639,1,High,2026-05-01
2898-LSJGD,Female,No,Yes,Yes,21,No,No,DSL,Yes,No,Yes,No,Yes,Yes,One year,Yes,Electronic check,55.95,1157.05,Yes,0.453,0,Medium,2025-11-01
2223-GDSHL,Male,No,Yes,Yes,71,Yes,Yes,Fiber optic,Yes,Yes,Yes,Yes,Yes,Yes,Two year,Yes,Bank transfer (automatic),116.05,8297.5,No,0.1216,0,Low,2025-11-01
7359-PTSXY,Male,No,No,No,1,Yes,No,DSL,No,No,No,No,No,No,Month-to-month,No,Electronic check,45.75,45.75,Yes,0.6709,0,High,2025-09-01
9470-RTWDV,Male,No,Yes,Yes,26,Yes,Yes,DSL,No,No,Yes,Yes,Yes,Yes,One year,Yes,Credit card (automatic),82.0,2083.1,No,0.3249,0,Medium,2026-07-01
2176-OSJUV,Male,No,Yes,No,71,Yes,Yes,DSL,Yes,Yes,No,Yes,No,No,Two year,No,Bank transfer (automatic),65.15,4681.75,No,0.0171,0,Low,2025-11-01
9348-YVOMK,Male,No,No,No,4,Yes,No,DSL,No,No,No,No,No,No,Month-to-month,Yes,Credit card (automatic),44.8,176.2,No,0.6515,0,High,2026-03-01
8104-OSKWT,Female,No,No,No,12,Yes,Yes,Fiber optic,Yes,No,No,No,No,No,Month-to-month,Yes,Electronic check,79.8,1001.2,No,0.7846,0,High,2026-02-01
4521-YEEHE,Female,No,Yes,No,18,Yes,Yes,Fiber optic,No,No,No,Yes,Yes,No,Month-to-month,Yes,Electronic check,88.85,1594.75,No,0.7993,1,High,2025-10-01
4090-KPJIP,Female,No,No,No,3,Yes,Yes,Fiber optic,No,No,No,No,No,No,Month-to-month,Yes,Electronic check,74.95,212.4,No,0.8782,1,High,2026-01-01
3786-WOVKF,Female,Yes,Yes,No,72,Yes,Yes,Fiber optic,Yes,Yes,No,No,Yes,Yes,One year,Yes,Bank transfer (automatic),106.85,7677.4,No,0.3312,0,Medium,2025-09-01
4503-BDXBD,Male,No,No,No,11,Yes,No,Fiber optic,No,Yes,No,No,No,No,Month-to-month,No,Electronic check,74.95,815.5,Yes,0.7255,0,High,2025-11-01
6086-ESGRL,Female,No,No,No,1,Yes,No,Fiber optic,No,No,No,No,No,Yes,Month-to-month,No,Credit card (automatic),80.15,80.15,Yes,0.7938,0,High,2025-10-01
2592-HODOV,Male,No,No,No,13,Yes,No,No,No,No,No,No,No,No,One year,No,Credit card (automatic),19.3,259.65,No,0.1522,0,Low,2026-06-01
3886-CERTZ,Female,No,Yes,No,72,Yes,Yes,Fiber optic,No,Yes,Yes,Yes,Yes,Yes,One year,Yes,Electronic check,109.25,8109.8,Yes,0.4025,0,Medium,2026-03-01
7995-ZHHNZ,Male,No,Yes,No,42,Yes,Yes,DSL,Yes,No,No,No,No,No,One year,No,Credit card (automatic),56.1,2386.85,No,0.1187,0,Low,2026-08-01
3824-RHKVR,Female,No,No,No,17,Yes,No,No,No,No,No,No,No,No,Month-to-month,No,Credit card (automatic),19.7,340.35,No,0.2328,0,Low,2026-02-01
5816-SCGFC,Female,Yes,No,No,7,Yes,No,DSL,No,Yes,No,No,No,No,Month-to-month,Yes,Mailed check,51.3,419.35,No,0.6376,0,High,2025-11-01
5989-AXPUC,Female,No,Yes,No,68,Yes,Yes,Fiber optic,Yes,Yes,Yes,Yes,Yes,Yes,Two year,No,Mailed check,118.6,7990.05,No,0.1154,0,Low,2026-04-01
4979-HPRFL,Male,No,Yes,Yes,56,Yes,Yes,No,No,No,No,No,No,No,Two year,No,Bank transfer (automatic),24.15,1402.25,No,0.0155,0,Low,2026-08-01
8590-OHDIW,Female,No,Yes,Yes,38,Yes,No,No,No,No,No,No,No,No,One year,No,Mailed check,20.3,749.35,No,0.047,0,Low,2026-03-01
8015-IHCGW,Female,No,Yes,Yes,72,Yes,Yes,Fiber optic,Yes,Yes,Yes,Yes,Yes,Yes,Two year,Yes,Electronic check,115.5,8425.15,No,0.1629,0,Low,2025-09-01
2332-TODQS,Female,No,No,No,48,Yes,Yes,No,No,No,No,No,No,No,One year,No,Credit card (automatic),25.05,1171.5,No,0.0488,0,Low,2025-12-01
9278-VZKCD,Female,Yes,Yes,No,52,Yes,Yes,Fiber optic,Yes,Yes,Yes,No,Yes,Yes,Month-to-month,Yes,Electronic check,109.1,5647.95,No,0.7007,0,High,2026-08-01
8008-OTEZX,Female,No,Yes,Yes,35,Yes,No,No,No,No,No,No,No,No,One year,No,Mailed check,19.65,708.8,No,0.0537,0,Low,2026-03-01
2773-OVBPK,Male,No,Yes,No,67,Yes,Yes,Fiber optic,No,Yes,Yes,Yes,Yes,Yes,Two year,Yes,Bank transfer (automatic),111.3,7567.2,No,0.216,0,Low,2026-08-01
5999-LCXAO,Female,No,No,No,1,No,No,DSL,Yes,No,No,No,No,No,Month-to-month,No,Mailed check,29.9,29.9,No,0.5979,0,Medium,2026-03-01
5206-XZZQI,Male,No,No,No,53,Yes,No,Fiber optic,No,Yes,No,Yes,No,No,Month-to-month,Yes,Mailed check,80.6,4348.1,No,0.3691,0,Medium,2025-09-01
4803-LBYPN,Male,No,Yes,Yes,34,Yes,No,No,No,No,No,No,No,No,Month-to-month,No,Mailed check,20.8,635.9,No,0.1078,0,Low,2026-07-01
5759-RCVCB,Female,No,No,No,3,No,No,DSL,No,No,No,No,Yes,No,Month-to-month,No,Credit card (automatic),35.2,108.95,Yes,0.7077,0,High,2026-06-01
6372-RFVNS,Female,No,Yes,No,1,Yes,No,Fiber optic,No,No,No,No,Yes,No,Month-to-month,No,Electronic check,78.8,78.8,Yes,0.8353,1,High,2026-05-01
2139-FQHLM,Male,No,No,No,19,Yes,No,Fiber optic,No,No,Yes,Yes,Yes,No,Month-to-month,No,Mailed check,89.95,1682.4,No,0.6008,0,High,2026-08-01
8261-GWDBQ,Female,Yes,Yes,No,60,Yes,Yes,Fiber optic,Yes,Yes,Yes,Yes,Yes,Yes,Two year,Yes,Bank transfer (automatic),116.05,6925.9,No,0.2041,0,Low,2025-11-01
1093-YSWCA,Male,No,No,No,11,Yes,No,No,No,No,No,No,No,No,Two year,No,Credit card (automatic),19.55,223.15,No,0.094,0,Low,2026-07-01
8938-UMKPI,Female,No,No,No,47,Yes,Yes,Fiber optic,No,Yes,Yes,No,Yes,Yes,Month-to-month,Yes,Electronic check,106.4,5127.95,Yes,0.7679,0,High,2025-11-01
0991-BRRFB,Male,No,No,No,18,Yes,No,DSL,Yes,No,No,No,No,No,Month-to-month,No,Electronic check,49.4,874.8,Yes,0.4191,0,Medium,2026-08-01
3882-IYOIJ,Female,No,Yes,Yes,60,Yes,Yes,Fiber optic,Yes,Yes,Yes,Yes,Yes,Yes,Two year,No,Credit card (automatic),115.25,6758.45,No,0.1018,0,Low,2025-11-01
8749-TZYEC,Male,No,Yes,No,72,Yes,Yes,No,No,No,No,No,No,No,Two year,No,Credit card (automatic),24.8,1874.3,No,0.0103,0,Low,2026-03-01
1755-FZQEC,Male,No,No,No,39,Yes,No,No,No,No,No,No,No,No,One year,No,Mailed check,19.9,791.15,No,0.0582,0,Low,2026-06-01
3115-JPJDD,Female,No,Yes,No,59,Yes,No,Fiber optic,Yes,No,Yes,No,No,No,One year,Yes,Credit card (automatic),81.25,4639.45,No,0.1839,0,Low,2025-09-01
5600-KTXFM,Male,No,Yes,Yes,2,Yes,No,Fiber optic,No,No,No,No,No,No,Month-to-month,No,Mailed check,69.95,143.9,No,0.7065,0,High,2025-09-01
3871-IKPYH,Male,Yes,No,No,1,Yes,No,Fiber optic,No,No,No,No,No,No,Month-to-month,No,Electronic check,69.1,69.1,Yes,0.8409,1,High,2026-07-01
6319-IEJWJ,Male,No,Yes,Yes,20,Yes,No,Fiber optic,No,No,No,No,Yes,Yes,Month-to-month,Yes,Electronic check,90.2,1776.55,Yes,0.8212,1,High,2025-09-01
9025-AOMKI,Female,No,No,No,6,Yes,Yes,Fiber optic,No,No,No,No,Yes,Yes,Month-to-month,Yes,Bank transfer (automatic),93.55,536.4,Yes,0.8804,1,High,2026-04-01
6339-TBELP,Male,No,No,No,71,Yes,Yes,Fiber optic,No,No,Yes,Yes,No,No,Two year,Yes,Credit card (automatic),86.4,6172.0,No,0.1158,0,Low,2026-08-01
7964-YESJC,Female,No,Yes,No,24,Yes,Yes,DSL,Yes,Yes,Yes,No,No,No,Month-to-month,No,Mailed check,66.3,1559.45,No,0.303,0,Medium,2026-04-01
6173-GOLSU,Male,Yes,Yes,No,67,Yes,Yes,Fiber optic,No,No,No,No,Yes,Yes,Month-to-month,Yes,Credit card (automatic),94.65,6079.0,No,0.6384,0,High,2026-02-01
5275-SQEIZ,Male,No,No,No,1,Yes,No,Fiber optic,No,No,No,No,No,Yes,Month-to-month,Yes,Mailed check,80.85,80.85,Yes,0.856,1,High,2026-02-01
7716-YTYHG,Female,No,Yes,Yes,48,Yes,Yes,Fiber optic,No,No,No,No,No,Yes,One year,Yes,Mailed check,82.05,4029.95,Yes,0.4355,0,Medium,2026-04-01
9938-ZREHM,Female,No,Yes,No,37,Yes,Yes,DSL,No,Yes,No,Yes,No,Yes,One year,No,Mailed check,72.1,2658.4,No,0.1758,0,Low,2026-03-01
7950-XWOVN,Male,No,No,No,11,No,No,DSL,No,Yes,Yes,No,No,No,Month-to-month,No,Mailed check,34.7,383.55,No,0.5558,0,Medium,2026-03-01
4390-KYULV,Male,No,Yes,No,3,Yes,No,No,No,No,No,No,No,No,Month-to-month,Yes,Credit card (automatic),20.55,51.15,Yes,0.4443,0,Medium,2025-10-01
4647-MUZON,Female,No,Yes,No,18,Yes,No,Fiber optic,No,No,Yes,No,Yes,Yes,Month-to-month,Yes,Credit card (automatic),95.95,1745.5,No,0.802,1,High,2026-04-01
9702-AIUJO,Male,No,Yes,Yes,50,Yes,No,DSL,No,No,No,No,No,No,One year,Yes,Bank transfer (automatic),44.8,2230.85,No,0.1136,0,Low,2026-05-01
8849-PRIQJ,Female,No,Yes,Yes,67,Yes,Yes,Fiber optic,Yes,No,Yes,Yes,Yes,Yes,One year,Yes,Electronic check,109.4,7281.6,No,0.3035,0,Medium,2026-05-01
8851-RAGOV,Female,No,Yes,No,25,Yes,No,DSL,Yes,Yes,No,Yes,No,Yes,Month-to-month,Yes,Mailed check,71.05,1837.7,No,0.3278,0,Medium,2025-09-01
1304-NECVQ,Female,Yes,No,No,2,Yes,Yes,Fiber optic,No,No,Yes,No,No,No,Month-to-month,Yes,Electronic check,78.55,149.55,Yes,0.8971,1,High,2026-05-01
5396-IZEPB,Male,No,No,No,9,Yes,No,No,No,No,No,No,No,No,Month-to-month,No,Credit card (automatic),19.7,180.7,No,0.3032,0,Medium,2026-05-01
1729-VLAZJ,Female,No,No,Yes,10,No,No,DSL,Yes,Yes,No,Yes,No,No,One year,No,Mailed check,40.25,411.45,No,0.1893,0,Low,2025-11-01
8285-ABVLB,Female,No,Yes,No,70,Yes,No,No,No,No,No,No,No,No,Two year,No,Credit card (automatic),19.85,1328.35,No,0.0079,0,Low,2026-07-01
0701-TJSEF,Male,No,No,No,9,Yes,No,DSL,Yes,No,Yes,Yes,No,Yes,Month-to-month,Yes,Bank transfer (automatic),68.25,576.95,No,0.4705,0,Medium,2026-03-01
5712-VBOXD,Female,No,No,No,4,Yes,No,No,No,No,No,No,No,No,Month-to-month,Yes,Credit card (automatic),20.15,68.45,No,0.4328,0,Medium,2026-02-01
6629-LADHQ,Female,No,No,No,2,Yes,No,DSL,Yes,No,No,No,No,No,Month-to-month,No,Mailed check,50.95,123.05,No,0.4783,0,Medium,2026-05-01
8945-GRKHX,Female,No,No,Yes,1,Yes,No,Fiber optic,No,No,No,No,No,Yes,Month-to-month,No,Electronic check,78.65,78.65,Yes,0.8168,1,High,2026-03-01
1559-DTODC,Male,No,No,No,19,No,No,DSL,No,No,No,No,No,No,Month-to-month,Yes,Bank transfer (automatic),25.15,468.35,No,0.6017,0,High,2026-03-01
4797-MIWUM,Male,No,Yes,Yes,7,Yes,No,No,No,No,No,No,No,No,Month-to-month,Yes,Bank transfer (automatic),20.25,174.7,No,0.3492,0,Medium,2025-12-01
6959-UWKHF,Male,No,No,No,1,Yes,No,DSL,No,No,No,No,No,No,Month-to-month,Yes,Electronic check,42.9,42.9,Yes,0.7536,0,High,2026-08-01
8720-RQSBJ,Male,Yes,No,No,1,Yes,No,DSL,No,No,No,No,No,No,Month-to-month,No,Electronic check,44.0,44.0,No,0.7166,0,High,2026-08-01
4537-CIBHB,Female,No,Yes,Yes,9,Yes,No,No,No,No,No,No,No,No,One year,No,Mailed check,20.25,172.35,No,0.1457,0,Low,2025-10-01
3815-SLMEF,Female,No,No,No,3,No,No,DSL,Yes,No,No,Yes,No,No,Month-to-month,No,Mailed check,34.25,139.35,Yes,0.4893,0,Medium,2026-05-01
5154-VEKBL,Female,No,No,No,9,No,No,DSL,Yes,No,Yes,Yes,Yes,Yes,Month-to-month,No,Mailed check,58.5,539.85,Yes,0.5406,0,Medium,2025-09-01
4324-AHJKS,Female,No,No,No,5,Yes,No,DSL,Yes,No,Yes,No,No,No,Month-to-month,No,Credit card (automatic),55.8,300.4,No,0.4278,0,Medium,2026-01-01
4355-CVPVS,Female,No,Yes,Yes,56,Yes,No,Fiber optic,No,No,No,No,Yes,Yes,One year,No,Bank transfer (automatic),88.9,4968.0,No,0.2838,0,Low,2026-08-01
4495-LHSSK,Female,No,No,Yes,18,Yes,Yes,DSL,Yes,No,No,No,No,No,Month-to-month,No,Mailed check,57.65,992.7,No,0.3381,0,Medium,2025-11-01
5655-JSMZM,Male,Yes,No,No,49,Yes,Yes,Fiber optic,No,No,No,No,Yes,Yes,Month-to-month,Yes,Electronic check,96.2,4718.25,Yes,0.8123,1,High,2026-01-01
5915-ANOEI,Male,No,Yes,No,70,Yes,Yes,DSL,Yes,Yes,Yes,Yes,Yes,No,Two year,No,Mailed check,79.15,5536.5,No,0.0262,0,Low,2025-11-01
9861-PDSZP,Female,No,No,No,72,Yes,Yes,Fiber optic,No,Yes,Yes,Yes,Yes,Yes,Two year,Yes,Credit card (automatic),108.05,7806.6,No,0.193,0,Low,2026-05-01
4505-EXZHB,Female,Yes,No,No,6,Yes,No,Fiber optic,No,No,Yes,No,No,No,Month-to-month,No,Electronic check,74.4,434.1,Yes,0.8075,1,High,2026-02-01
7225-CBZPL,Male,Yes,Yes,No,17,Yes,Yes,Fiber optic,No,No,No,No,Yes,Yes,Month-to-month,Yes,Electronic check,94.8,1563.9,No,0.9064,1,High,2026-04-01
6704-UTUKK,Male,No,Yes,No,29,No,No,DSL,No,No,No,No,Yes,Yes,Month-to-month,Yes,Electronic check,45.9,1332.4,No,0.7177,0,High,2026-08-01
4587-VVTOX,Female,No,Yes,No,6,Yes,Yes,Fiber optic,No,Yes,Yes,No,Yes,Yes,Month-to-month,Yes,Electronic check,105.3,545.2,Yes,0.891,1,High,2026-03-01
2019-HDCZY,Male,No,Yes,No,63,Yes,Yes,Fiber optic,No,No,Yes,No,Yes,Yes,Two year,No,Electronic check,102.6,6296.75,No,0.3008,0,Medium,2026-05-01
4652-NNHNY,Male,No,Yes,No,16,Yes,Yes,Fiber optic,No,No,No,No,No,No,Month-to-month,Yes,Bank transfer (automatic),73.85,1284.2,Yes,0.7776,0,High,2025-10-01
8788-DOXSU,Male,No,No,No,59,Yes,No,DSL,No,No,Yes,No,No,Yes,One year,Yes,Bank transfer (automatic),61.35,3645.5,No,0.151,0,Low,2025-11-01
7404-JLKQG,Female,No,No,No,3,Yes,No,DSL,No,No,Yes,No,Yes,No,Month-to-month,No,Electronic check,57.55,161.45,No,0.6867,0,High,2026-08-01
7421-ZLUPA,Female,No,No,No,8,No,No,DSL,No,Yes,No,No,No,No,Month-to-month,Yes,Mailed check,29.25,226.95,No,0.6785,0,High,2026-07-01
8972-HJWNV,Female,Yes,Yes,No,7,Yes,Yes,Fiber optic,No,No,No,No,No,Yes,Month-to-month,Yes,Electronic check,84.55,646.85,Yes,0.9122,1,High,2026-04-01
3274-NSDWE,Female,No,No,No,68,Yes,No,No,No,No,No,No,No,No,Two year,No,Credit card (automatic),19.6,1441.65,No,0.009,0,Low,2026-01-01
2632-IVXVF,Female,No,Yes,Yes,68,Yes,Yes,Fiber optic,Yes,No,Yes,Yes,Yes,Yes,Two year,No,Credit card (automatic),111.75,7511.3,No,0.0981,0,Low,2025-11-01
3692-JHONH,Female,Yes,Yes,No,52,Yes,Yes,Fiber optic,No,Yes,Yes,No,Yes,Yes,One year,Yes,Electronic check,106.5,5621.85,No,0.6311,0,High,2026-07-01
8915-NNTRC,Male,No,Yes,Yes,72,Yes,Yes,Fiber optic,Yes,Yes,No,Yes,Yes,Yes,Two year,Yes,Credit card (automatic),107.7,7919.8,No,0.1187,0,Low,2026-06-01
5914-GXMDA,Female,No,Yes,No,32,Yes,No,No,No,No,No,No,No,No,One year,No,Mailed check,19.3,593.2,No,0.0744,0,Low,2025-11-01
7463-IFMQU,Female,No,Yes,No,72,Yes,No,No,No,No,No,No,No,No,Two year,No,Bank transfer (automatic),20.05,1423.65,No,0.0072,0,Low,2026-04-01
2920-RNCEZ,Male,No,Yes,Yes,1,Yes,No,Fiber optic,No,No,No,No,No,No,Month-to-month,Yes,Credit card (automatic),69.95,69.95,No,0.7747,0,High,2026-04-01
2541-YGPKE,Male,No,Yes,Yes,42,Yes,No,DSL,Yes,No,No,Yes,No,Yes,One year,No,Credit card (automatic),63.7,2763.35,No,0.0791,0,Low,2026-02-01
8515-OCTJS,Female,No,No,No,25,Yes,Yes,No,No,No,No,No,No,No,Two year,No,Credit card (automatic),24.75,692.1,Yes,0.0679,0,Low,2026-08-01
5382-TEMLV,Male,No,No,No,45,Yes,No,DSL,Yes,No,No,No,No,No,Month-to-month,Yes,Bank transfer (automatic),50.9,2298.55,No,0.2151,0,Low,2025-10-01
3441-CGZJH,Female,No,Yes,Yes,43,No,No,DSL,Yes,No,Yes,Yes,Yes,Yes,One year,Yes,Credit card (automatic),60.4,2640.55,No,0.1647,0,Low,2025-12-01
9592-ERDKV,Male,No,Yes,No,37,Yes,Yes,DSL,Yes,No,Yes,No,Yes,Yes,One year,No,Mailed check,79.25,2911.8,No,0.2332,0,Low,2025-10-01
2860-RANUS,Female,Yes,No,No,20,Yes,Yes,Fiber optic,No,No,No,No,No,Yes,Month-to-month,Yes,Credit card (automatic),85.8,1727.5,Yes,0.8331,1,High,2026-05-01
5261-QSHQM,Female,No,No,No,4,No,No,DSL,No,No,No,No,No,No,Month-to-month,Yes,Electronic check,24.45,86.6,Yes,0.8015,1,High,2026-04-01
4778-IZARL,Male,No,Yes,No,63,Yes,No,Fiber optic,Yes,Yes,Yes,Yes,Yes,Yes,Two year,Yes,Credit card (automatic),110.1,6705.7,No,0.1268,0,Low,2026-08-01
0432-CAJZV,Male,No,No,No,3,Yes,No,Fiber optic,No,No,No,No,Yes,Yes,Month-to-month,No,Mailed check,90.7,237.65,No,0.8219,1,High,2026-03-01
7008-LZVOZ,Male,No,Yes,Yes,66,Yes,Yes,No,No,No,No,No,No,No,Two year,Yes,Credit card (automatic),25.3,1672.35,No,0.0149,0,Low,2025-10-01
8868-WOZGU,Male,No,No,No,28,Yes,Yes,Fiber optic,No,Yes,Yes,No,Yes,Yes,Month-to-month,Yes,Electronic check,105.7,2979.5,Yes,0.837,1,High,2026-02-01
1200-TUZHR,Female,Yes,No,No,8,Yes,Yes,Fiber optic,No,No,No,No,No,Yes,Month-to-month,No,Electronic check,85.2,695.75,No,0.8737,1,High,2025-10-01
9365-CSLBQ,Male,No,No,Yes,71,Yes,Yes,No,No,No,No,No,No,No,Two year,No,Mailed check,24.35,1654.6,No,0.0087,0,Low,2026-05-01
1334-FJSVR,Male,No,No,No,1,No,No,DSL,No,No,No,No,No,No,Month-to-month,Yes,Electronic check,24.25,24.25,Yes,0.8241,1,High,2026-05-01
5884-FBCTL,Female,No,Yes,Yes,72,Yes,Yes,No,No,No,No,No,No,No,Two year,No,Bank transfer (automatic),25.1,1857.85,No,0.0079,0,Low,2026-07-01
7130-CTCUS,Male,Yes,Yes,No,16,Yes,No,DSL,Yes,Yes,No,No,No,No,Month-to-month,Yes,Bank transfer (automatic),54.55,825.1,No,0.4402,0,Medium,2026-01-01
6242-FEGFD,Male,No,Yes,No,66,Yes,Yes,Fiber optic,Yes,Yes,Yes,Yes,No,No,Two year,No,Mailed check,96.6,6424.25,No,0.063,0,Low,2025-12-01
7625-XCQRH,Female,No,No,No,11,Yes,Yes,Fiber optic,No,No,No,No,No,No,Month-to-month,Yes,Electronic check,76.5,837.95,Yes,0.8483,1,High,2025-09-01
6194-HBGQN,Male,No,No,No,51,Yes,Yes,DSL,Yes,Yes,Yes,Yes,Yes,No,One year,Yes,Credit card (automatic),81.15,4126.2,No,0.1101,0,Low,2026-01-01
7634-WSWDB,Female,No,No,Yes,8,No,No,DSL,Yes,No,No,No,No,Yes,Month-to-month,Yes,Electronic check,38.5,330.8,No,0.7053,0,High,2026-02-01
6986-IXNDM,Male,No,No,No,14,Yes,No,Fiber optic,No,No,No,No,Yes,Yes,Month-to-month,Yes,Electronic check,92.9,1337.45,No,0.872,1,High,2026-06-01
1731-TVIUK,Female,No,No,No,4,Yes,Yes,Fiber optic,No,Yes,No,Yes,No,Yes,Month-to-month,Yes,Electronic check,93.5,362.2,Yes,0.8435,1,High,2026-06-01
2987-BJXIK,Female,No,No,No,70,Yes,Yes,DSL,Yes,Yes,Yes,No,Yes,Yes,Two year,No,Mailed check,84.7,5991.05,No,0.053,0,Low,2025-10-01
9769-TSBZE,Female,No,No,Yes,70,Yes,Yes,DSL,Yes,Yes,No,Yes,No,No,Two year,No,Electronic check,66.0,4891.5,No,0.0212,0,Low,2025-12-01
0406-BPDVR,Female,Yes,Yes,No,54,Yes,Yes,Fiber optic,No,Yes,No,No,Yes,Yes,One year,Yes,Credit card (automatic),101.5,5373.1,Yes,0.5204,0,Medium,2026-03-01
0618-XWMSS,Male,No,No,Yes,28,Yes,No,Fiber optic,Yes,No,No,No,No,No,Month-to-month,Yes,Bank transfer (automatic),74.9,2068.55,Yes,0.4929,0,Medium,2026-01-01
1395-WSWXR,Male,No,No,No,24,Yes,No,No,No,No,No,No,No,No,Two year,No,Mailed check,20.75,487.05,No,0.0581,0,Low,2025-09-01
6023-GSSXW,Female,No,Yes,No,69,Yes,No,DSL,No,Yes,No,No,No,Yes,Two year,Yes,Credit card (automatic),61.45,4131.2,No,0.0537,0,Low,2026-07-01
6752-APNJL,Male,No,Yes,Yes,42,Yes,No,DSL,Yes,Yes,No,No,No,No,Month-to-month,No,Mailed check,54.5,2301.15,No,0.1331,0,Low,2026-05-01
5276-KQWHG,Female,Yes,No,No,2,Yes,No,Fiber optic,No,No,No,No,No,No,Month-to-month,Yes,Electronic check,69.6,131.65,Yes,0.8789,1,High,2026-03-01
0420-HLGXF,Female,Yes,No,No,39,Yes,Yes,Fiber optic,No,No,Yes,No,Yes,Yes,Month-to-month,Yes,Electronic check,99.75,4036.0,No,0.8489,1,High,2025-12-01
7446-KQISO,Male,No,Yes,Yes,45,Yes,Yes,Fiber optic,No,Yes,Yes,Yes,Yes,Yes,Two year,Yes,Bank transfer (automatic),109.75,4900.65,No,0.2567,0,Low,2026-07-01
9823-EALYC,Male,No,Yes,Yes,72,Yes,Yes,DSL,Yes,Yes,Yes,Yes,Yes,No,Two year,Yes,Bank transfer (automatic),80.85,5727.45,No,0.0266,0,Low,2025-09-01
0582-AVCLN,Female,No,No,No,38,Yes,No,No,No,No,No,No,No,No,Two year,No,Mailed check,20.3,743.05,No,0.0322,0,Low,2026-02-01
5803-NQJZO,Male,No,Yes,No,72,Yes,Yes,DSL,Yes,Yes,Yes,Yes,No,No,Two year,Yes,Bank transfer (automatic),67.8,4804.65,No,0.0235,0,Low,2026-06-01
2565-JSLRY,Male,No,No,No,1,Yes,Yes,No,No,No,No,No,No,No,Month-to-month,Yes,Mailed check,24.05,24.05,Yes,0.5408,0,Medium,2026-08-01
2607-DHDAK,Male,No,Yes,Yes,72,Yes,No,No,No,No,No,No,No,No,Two year,Yes,Credit card (automatic),19.8,1414.65,No,0.0086,0,Low,2025-12-01
1073-XXCZD,Male,No,Yes,No,55,Yes,Yes,No,No,No,No,No,No,No,Two year,No,Bank transfer (automatic),25.7,1443.65,No,0.0202,0,Low,2026-04-01
0743-HRVFF,Female,No,Yes,Yes,51,No,No,DSL,No,No,Yes,Yes,Yes,Yes,One year,Yes,Electronic check,56.15,2898.95,No,0.2396,0,Low,2025-11-01
4006-HKYHO,Male,No,No,No,63,Yes,No,DSL,Yes,Yes,Yes,Yes,Yes,Yes,Two year,Yes,Bank transfer (automatic),86.7,5309.5,No,0.0476,0,Low,2025-10-01
3727-JEZTU,Female,No,No,No,1,Yes,No,No,No,No,No,No,No,No,Month-to-month,No,Mailed check,20.4,20.4,No,0.3851,0,Medium,2026-01-01
8143-ETQTI,Female,No,Yes,Yes,23,Yes,No,No,No,No,No,No,No,No,Two year,Yes,Mailed check,19.65,451.55,No,0.068,0,Low,2026-07-01
6689-KXGBO,Female,No,No,No,1,Yes,No,DSL,No,Yes,No,No,No,No,Month-to-month,No,Electronic check,50.55,50.55,Yes,0.6256,0,High,2026-05-01
9667-TKTVZ,Female,No,No,No,2,Yes,Yes,DSL,No,No,No,Yes,No,No,Month-to-month,Yes,Mailed check,54.35,117.05,No,0.6427,0,High,2026-02-01
3657-COGMW,Female,Yes,No,No,52,Yes,Yes,Fiber optic,Yes,Yes,Yes,No,Yes,Yes,Month-to-month,No,Credit card (automatic),108.1,5839.3,No,0.5453,0,Medium,2025-12-01
8570-KLJYJ,Female,No,No,No,36,Yes,Yes,DSL,Yes,No,No,No,No,No,One year,No,Mailed check,54.45,1893.5,No,0.1452,0,Low,2025-10-01
7754-IXRMC,Female,No,No,No,1,Yes,No,DSL,No,No,No,No,No,No,Month-to-month,No,Mailed check,45.35,45.35,No,0.5956,0,Medium,2025-12-01
9473-CBZOP,Female,No,No,No,28,Yes,Yes,DSL,Yes,No,Yes,No,No,No,One year,No,Mailed check,59.0,1654.45,No,0.1826,0,Low,2025-10-01
2969-WGHQO,Female,No,Yes,Yes,7,Yes,No,DSL,Yes,Yes,Yes,No,Yes,No,One year,No,Electronic check,69.45,477.05,No,0.2821,0,Low,2025-11-01
6615-NGGZJ,Male,No,No,No,14,Yes,Yes,Fiber optic,No,Yes,No,No,Yes,Yes,Month-to-month,Yes,Electronic check,100.55,1415.55,Yes,0.8809,1,High,2026-05-01
4334-HOWRP,Male,Yes,Yes,No,72,No,No,DSL,Yes,Yes,Yes,Yes,Yes,Yes,Two year,Yes,Credit card (automatic),64.95,4546.0,No,0.0507,0,Low,2025-10-01
4255-DDUOU,Female,No,Yes,Yes,1,Yes,No,No,No,No,No,No,No,No,Month-to-month,Yes,Mailed check,20.5,20.5,Yes,0.4172,0,Medium,2025-09-01
5863-OOKCL,Female,No,No,No,10,Yes,No,No,No,No,No,No,No,No,Month-to-month,No,Mailed check,18.85,163.2,No,0.3008,0,Medium,2026-03-01
1686-STUHN,Male,No,No,No,42,Yes,No,No,No,No,No,No,No,No,One year,No,Bank transfer (automatic),19.8,849.9,No,0.0487,0,Low,2025-12-01
1329-VHWNP,Female,No,No,No,7,No,No,DSL,No,No,No,No,No,No,Month-to-month,No,Bank transfer (automatic),25.05,189.95,No,0.6282,0,High,2026-02-01
2984-MIIZL,Male,No,No,No,4,Yes,No,Fiber optic,No,No,Yes,No,No,No,Month-to-month,Yes,Bank transfer (automatic),74.8,321.9,Yes,0.7899,0,High,2025-10-01
0266-GMEAO,Male,No,Yes,Yes,72,Yes,Yes,Fiber optic,Yes,Yes,Yes,Yes,Yes,Yes,Two year,Yes,Credit card (automatic),114.3,8058.55,No,0.1144,0,Low,2025-11-01
5590-YRFJT,Female,No,Yes,No,20,No,No,DSL,No,No,No,No,No,No,Month-to-month,Yes,Electronic check,24.45,482.8,Yes,0.6723,0,High,2026-02-01
5574-NXZIU,Male,No,No,No,63,Yes,No,Fiber optic,Yes,Yes,Yes,Yes,Yes,Yes,Two year,No,Credit card (automatic),109.2,7049.75,No,0.0993,0,Low,2026-05-01
0019-GFNTW,Female,No,No,No,56,No,No,DSL,Yes,Yes,Yes,Yes,No,No,Two year,No,Bank transfer (automatic),45.05,2560.1,No,0.0251,0,Low,2026-01-01
4256-ZWTZI,Female,No,No,Yes,5,Yes,No,DSL,No,No,No,Yes,No,No,Month-to-month,Yes,Mailed check,51.0,286.8,No,0.5035,0,Medium,2026-03-01
8309-PPCED,Female,No,Yes,No,72,Yes,Yes,Fiber optic,No,Yes,Yes,Yes,Yes,Yes,Two year,Yes,Bank transfer (automatic),110.45,7982.5,No,0.1914,0,Low,2026-03-01
4098-NAUKP,Male,Yes,Yes,Yes,68,Yes,Yes,Fiber optic,No,Yes,Yes,No,No,No,Month-to-month,Yes,Electronic check,84.65,5683.6,No,0.4697,0,Medium,2025-12-01
5196-WPYOW,Male,No,Yes,Yes,67,Yes,No,DSL,Yes,Yes,No,Yes,No,No,One year,No,Mailed check,60.05,3994.05,No,0.0224,0,Low,2025-12-01
4608-LCIMN,Male,No,Yes,Yes,8,Yes,No,DSL,No,No,No,No,No,No,Month-to-month,No,Bank transfer (automatic),44.65,369.15,No,0.4639,0,Medium,2026-02-01
1485-YDHMM,Male,No,Yes,Yes,52,Yes,Yes,Fiber optic,No,Yes,No,Yes,No,Yes,Month-to-month,Yes,Bank transfer (automatic),93.25,4631.7,No,0.4476,0,Medium,2025-09-01
4054-CUMIA,Female,No,Yes,Yes,18,Yes,No,No,No,No,No,No,No,No,Month-to-month,Yes,Mailed check,20.25,401.95,No,0.2595,0,Low,2026-05-01
0603-TPMIB,Female,No,Yes,Yes,59,Yes,Yes,No,No,No,No,No,No,No,Two year,No,Mailed check,25.45,1534.05,No,0.0143,0,Low,2026-04-01
2525-GVKQU,Female,No,No,No,60,Yes,No,No,No,No,No,No,No,No,Two year,No,Mailed check,20.6,1093.0,No,0.0125,0,Low,2025-12-01
8161-QYMTT,Male,No,No,No,7,Yes,Yes,Fiber optic,No,No,No,No,Yes,Yes,Month-to-month,Yes,Electronic check,94.1,701.3,No,0.9145,1,High,2026-01-01
9581-GVBXT,Male,No,Yes,Yes,59,No,No,DSL,Yes,No,Yes,No,No,No,One year,No,Mailed check,34.8,1980.3,No,0.0523,0,Low,2025-12-01
5862-BRIXZ,Male,No,No,No,46,No,No,DSL,Yes,No,Yes,Yes,Yes,Yes,Two year,Yes,Bank transfer (automatic),60.75,2893.4,No,0.1093,0,Low,2026-04-01
5404-GGUKR,Male,No,No,No,5,Yes,No,DSL,No,Yes,No,No,No,No,Month-to-month,Yes,Electronic check,51.35,262.3,No,0.6806,0,High,2026-06-01
3308-JSGML,Male,Yes,Yes,No,59,No,No,DSL,Yes,No,Yes,Yes,Yes,Yes,Two year,Yes,Credit card (automatic),64.05,3886.85,No,0.0889,0,Low,2025-10-01
2126-GSEGL,Female,No,Yes,No,70,Yes,Yes,DSL,No,Yes,Yes,Yes,Yes,Yes,Two year,Yes,Bank transfer (automatic),84.8,5917.55,No,0.0732,0,Low,2026-01-01
3677-TNKIO,Female,No,No,No,14,Yes,No,Fiber optic,No,No,No,No,No,No,Month-to-month,Yes,Credit card (automatic),71.0,914.0,Yes,0.7351,0,High,2025-09-01
0440-QEXBZ,Female,No,No,No,44,Yes,Yes,DSL,No,No,No,No,No,No,Month-to-month,Yes,Mailed check,50.15,2139.1,No,0.3607,0,Medium,2026-02-01
2434-EEVDB,Female,No,Yes,No,64,Yes,Yes,Fiber optic,Yes,No,Yes,No,Yes,No,Two year,Yes,Credit card (automatic),94.6,5948.7,No,0.162,0,Low,2025-11-01
6762-QVYJO,Female,No,Yes,Yes,58,No,No,DSL,Yes,No,Yes,Yes,Yes,Yes,Two year,No,Mailed check,59.75,3624.35,No,0.0447,0,Low,2026-01-01
6199-IWKGC,Female,Yes,Yes,No,46,Yes,Yes,Fiber optic,No,No,No,Yes,Yes,Yes,One year,No,Electronic check,100.25,4753.85,No,0.5312,0,Medium,2026-02-01
2675-DHUTR,Male,Yes,Yes,No,58,Yes,Yes,Fiber optic,No,Yes,No,No,Yes,Yes,Month-to-month,Yes,Electronic check,98.9,5780.7,No,0.7523,0,High,2025-12-01
8152-VETUR,Female,No,Yes,No,72,Yes,Yes,Fiber optic,No,Yes,No,No,Yes,Yes,Two year,Yes,Credit card (automatic),97.7,6869.7,No,0.2285,0,Low,2026-01-01
9667-EQRXU,Female,Yes,No,No,30,No,No,DSL,No,No,Yes,No,Yes,No,Month-to-month,Yes,Electronic check,40.3,1172.95,Yes,0.6733,0,High,2026-06-01
7446-YPODE,Male,Yes,No,No,11,Yes,Yes,DSL,Yes,Yes,No,No,No,No,Month-to-month,No,Bank transfer (automatic),60.25,662.95,No,0.4527,0,Medium,2026-06-01
9522-BNTHX,Female,Yes,No,No,34,No,No,DSL,No,Yes,Yes,No,Yes,Yes,Month-to-month,Yes,Electronic check,56.25,1765.95,No,0.677,0,High,2025-09-01
4676-WLUHT,Male,No,No,No,54,No,No,DSL,Yes,Yes,No,No,No,Yes,Two year,No,Bank transfer (automatic),46.2,2431.95,No,0.0527,0,Low,2026-01-01
3329-WDIOK,Female,No,No,No,3,No,No,DSL,No,Yes,No,No,Yes,Yes,Month-to-month,Yes,Electronic check,50.6,155.35,Yes,0.8465,1,High,2026-07-01
7980-MHFLQ,Female,No,Yes,Yes,72,Yes,Yes,No,No,No,No,No,No,No,Two year,No,Mailed check,24.9,1859.2,No,0.0084,0,Low,2026-03-01
2873-ZLIWT,Female,No,Yes,Yes,40,Yes,Yes,Fiber optic,No,No,Yes,Yes,No,No,Month-to-month,Yes,Electronic check,84.85,3303.05,Yes,0.5631,0,Medium,2025-11-01
3415-TAILE,Female,No,Yes,Yes,2,Yes,No,DSL,No,No,No,No,Yes,Yes,Month-to-month,No,Mailed check,65.7,134.35,Yes,0.6369,0,High,2026-04-01
0757-WCUUZ,Male,No,Yes,Yes,54,Yes,Yes,DSL,No,No,Yes,No,No,Yes,Two year,No,Credit card (automatic),63.35,3409.1,No,0.0743,0,Low,2025-10-01
1629-DQQVB,Female,No,No,No,14,Yes,No,DSL,Yes,No,No,No,No,No,Month-to-month,No,Bank transfer (automatic),50.1,709.5,No,0.3606,0,Medium,2025-09-01
1915-IOFGU,Female,No,No,No,1,Yes,No,Fiber optic,No,No,No,No,No,No,Month-to-month,No,Electronic check,70.5,70.5,Yes,0.8077,1,High,2026-04-01
3045-XETSH,Female,No,No,No,10,Yes,Yes,Fiber optic,No,Yes,Yes,No,No,Yes,Month-to-month,Yes,Electronic check,94.85,953.45,Yes,0.8631,1,High,2026-03-01
0374-AACSZ,Female,No,No,No,1,Yes,No,DSL,Yes,No,No,No,No,No,Month-to-month,No,Electronic check,50.15,50.15,No,0.5655,0,Medium,2026-06-01
7239-HZZCX,Male,No,No,No,1,Yes,No,No,No,No,No,No,No,No,Month-to-month,No,Mailed check,19.75,19.75,Yes,0.3912,0,Medium,2026-01-01
4872-VXRIL,Male,No,No,No,56,Yes,Yes,DSL,Yes,Yes,No,Yes,No,No,One year,Yes,Bank transfer (automatic),64.65,3665.55,No,0.0725,0,Low,2026-07-01
9140-CZQZZ,Female,No,Yes,No,68,Yes,No,DSL,Yes,Yes,No,Yes,Yes,Yes,Two year,Yes,Bank transfer (automatic),79.6,5515.8,No,0.0416,0,Low,2026-02-01
3423-HHXAO,Female,No,Yes,Yes,14,Yes,No,No,No,No,No,No,No,No,One year,Yes,Mailed check,19.5,272.0,No,0.1681,0,Low,2026-05-01
9938-TKDGL,Male,No,Yes,Yes,68,Yes,No,Fiber optic,Yes,No,No,Yes,Yes,Yes,Two year,Yes,Electronic check,99.55,6668.0,No,0.142,0,Low,2025-10-01
0531-ZZJWQ,Male,Yes,Yes,No,55,Yes,Yes,Fiber optic,No,No,No,No,No,No,Month-to-month,Yes,Electronic check,74.0,4052.4,No,0.6456,0,High,2025-10-01
6537-QLGEX,Female,No,No,No,16,No,No,DSL,Yes,No,No,No,Yes,No,Month-to-month,Yes,Electronic check,38.9,664.4,No,0.6696,0,High,2026-06-01
2688-BHGOG,Male,Yes,No,No,9,Yes,No,Fiber optic,No,No,No,No,No,Yes,Month-to-month,Yes,Electronic check,79.55,718.55,No,0.8879,1,High,2026-07-01
7683-CBDKJ,Male,No,Yes,Yes,14,Yes,No,DSL,Yes,Yes,No,No,Yes,No,Month-to-month,Yes,Electronic check,65.45,937.6,Yes,0.4987,0,Medium,2026-08-01
0946-CLJTI,Male,Yes,Yes,No,58,Yes,Yes,Fiber optic,No,No,Yes,No,Yes,Yes,Month-to-month,Yes,Electronic check,98.7,5812.6,Yes,0.7771,0,High,2025-12-01
3160-TYXLT,Male,No,No,No,53,No,No,DSL,Yes,Yes,No,No,No,Yes,Month-to-month,Yes,Bank transfer (automatic),46.3,2546.85,No,0.2512,0,Low,2025-09-01
1325-USMEC,Male,No,Yes,No,70,Yes,Yes,Fiber optic,Yes,Yes,Yes,No,Yes,No,Two year,Yes,Credit card (automatic),99.35,6944.5,No,0.1342,0,Low,2026-08-01
0916-QOFDP,Female,Yes,Yes,Yes,14,Yes,Yes,Fiber optic,No,No,No,No,Yes,Yes,Month-to-month,Yes,Electronic check,95.8,1346.3,No,0.8913,1,High,2026-04-01
0628-CNQRM,Male,No,Yes,Yes,22,Yes,No,DSL,Yes,No,Yes,Yes,Yes,No,One year,Yes,Bank transfer (automatic),67.5,1544.05,Yes,0.1747,0,Low,2025-11-01
5606-AMZBO,Female,No,Yes,No,10,Yes,Yes,Fiber optic,Yes,No,No,No,No,No,Month-to-month,Yes,Credit card (automatic),78.15,765.15,No,0.7275,0,High,2026-06-01
6199-IPCAO,Female,No,Yes,Yes,29,Yes,Yes,No,No,No,No,No,No,No,Two year,No,Mailed check,26.1,692.55,No,0.0468,0,Low,2026-07-01
7665-TOALD,Female,No,No,No,1,Yes,No,Fiber optic,No,No,No,No,No,No,Month-to-month,Yes,Electronic check,69.6,69.6,Yes,0.8605,1,High,2025-12-01
0112-QWPNC,Male,No,Yes,No,49,Yes,Yes,DSL,Yes,No,Yes,Yes,Yes,Yes,One year,No,Electronic check,84.35,4059.35,Yes,0.1728,0,Low,2026-06-01
0324-BRPCJ,Female,Yes,Yes,No,68,Yes,Yes,Fiber optic,No,Yes,No,No,Yes,Yes,Month-to-month,Yes,Electronic check,100.2,6851.65,Yes,0.6999,0,High,2026-06-01
2777-PHDEI,Female,No,No,No,1,Yes,No,Fiber optic,No,No,No,No,Yes,No,Month-to-month,No,Electronic check,78.05,78.05,Yes,0.8379,1,High,2026-03-01
5640-CAXOA,Female,No,No,No,30,No,No,DSL,No,No,No,Yes,No,Yes,One year,Yes,Credit card (automatic),40.35,1187.05,No,0.3137,0,Medium,2026-04-01
2235-EZAIK,Female,No,Yes,No,72,Yes,Yes,DSL,Yes,Yes,Yes,Yes,Yes,No,Two year,No,Credit card (automatic),79.2,5401.9,No,0.0217,0,Low,2025-12-01
3847-BAERP,Female,No,No,No,10,Yes,No,No,No,No,No,No,No,No,Month-to-month,Yes,Mailed check,20.9,247.0,No,0.3839,0,Medium,2026-08-01
1196-AMORA,Male,No,No,No,7,Yes,Yes,Fiber optic,No,No,No,No,No,No,Month-to-month,No,Electronic check,73.6,520.0,Yes,0.8198,1,High,2026-08-01
4282-YMKNA,Female,No,No,No,9,Yes,Yes,Fiber optic,No,No,No,No,No,No,Month-to-month,Yes,Electronic check,74.75,706.6,Yes,0.8589,1,High,2026-08-01
1453-RZFON,Female,No,No,Yes,1,Yes,No,DSL,Yes,No,No,No,No,No,Month-to-month,No,Mailed check,49.9,49.9,No,0.4321,0,Medium,2026-05-01
8263-OKETD,Female,No,No,No,20,Yes,Yes,DSL,No,Yes,No,Yes,No,Yes,Month-to-month,Yes,Credit card (automatic),68.9,1370.35,No,0.5147,0,Medium,2025-09-01
0670-KDOMA,Female,No,No,No,1,Yes,No,No,No,No,No,No,No,No,Month-to-month,Yes,Mailed check,20.25,20.25,No,0.4771,0,Medium,2026-01-01
2476-YGEFM,Female,No,No,No,29,Yes,Yes,Fiber optic,No,No,No,No,No,No,Month-to-month,Yes,Credit card (automatic),76.0,2215.25,No,0.6959,0,High,2026-02-01
8687-BAFGU,Male,No,No,No,1,Yes,No,Fiber optic,No,No,No,Yes,No,No,Month-to-month,No,Electronic check,74.0,74.0,No,0.7491,0,High,2026-08-01
0641-EVBOJ,Male,No,No,No,3,Yes,No,Fiber optic,Yes,No,No,Yes,No,No,Month-to-month,Yes,Mailed check,82.3,214.4,No,0.6503,0,High,2026-03-01
0829-XXPLX,Female,No,No,No,20,Yes,No,Fiber optic,Yes,No,Yes,No,Yes,No,Month-to-month,Yes,Bank transfer (automatic),89.4,1871.15,No,0.6558,0,High,2026-03-01
9974-JFBHQ,Male,No,No,Yes,64,Yes,No,Fiber optic,No,Yes,No,Yes,Yes,Yes,Month-to-month,Yes,Credit card (automatic),99.15,6171.2,No,0.3868,0,Medium,2025-10-01
5356-RHIPP,Male,No,No,No,1,Yes,No,No,No,No,No,No,No,No,Month-to-month,Yes,Mailed check,20.2,20.2,Yes,0.4819,0,Medium,2026-06-01
6624-JDRDS,Female,No,No,No,6,No,No,DSL,Yes,No,No,No,No,No,Month-to-month,No,Bank transfer (automatic),29.45,161.45,No,0.5335,0,Medium,2026-01-01
0608-JDVEC,Male,No,Yes,No,50,Yes,No,No,No,No,No,No,No,No,Two year,No,Electronic check,19.8,1013.2,No,0.027,0,Low,2025-10-01
9780-FKVVF,Male,No,No,No,6,Yes,No,DSL,Yes,No,No,No,No,Yes,Month-to-month,Yes,Bank transfer (automatic),59.15,336.7,No,0.5966,0,Medium,2026-08-01
1919-RTPQD,Male,No,Yes,Yes,7,Yes,No,DSL,No,No,No,No,No,No,Month-to-month,No,Electronic check,44.75,333.65,No,0.5659,0,Medium,2025-11-01
5214-NLTIT,Male,No,Yes,Yes,72,Yes,Yes,Fiber optic,No,No,Yes,No,No,Yes,Two year,Yes,Credit card (automatic),90.8,6511.8,No,0.169,0,Low,2025-09-01
3345-PBBFH,Male,No,Yes,No,8,Yes,No,DSL,No,Yes,No,No,No,No,Month-to-month,Yes,Bank transfer (automatic),49.55,393.45,No,0.57,0,Medium,2025-09-01
5055-BRMNE,Female,No,Yes,Yes,67,Yes,Yes,Fiber optic,Yes,No,No,Yes,Yes,Yes,Two year,No,Credit card (automatic),106.7,7009.5,No,0.0972,0,Low,2026-02-01
9189-JWSHV,Female,Yes,Yes,No,24,Yes,Yes,Fiber optic,No,No,No,No,Yes,Yes,Month-to-month,Yes,Electronic check,93.55,2264.05,Yes,0.8902,1,High,2025-10-01
2190-PHBHR,Female,No,Yes,No,72,Yes,Yes,Fiber optic,Yes,Yes,No,No,No,Yes,Two year,Yes,Credit card (automatic),94.45,6921.7,No,0.1369,0,Low,2026-07-01
2650-GYRYL,Male,No,Yes,Yes,33,Yes,No,No,No,No,No,No,No,No,One year,Yes,Bank transfer (automatic),19.45,600.25,No,0.0784,0,Low,2026-03-01
0746-JTRFU,Male,No,No,No,2,No,No,DSL,No,No,No,No,No,No,Month-to-month,Yes,Electronic check,25.05,56.35,Yes,0.8169,1,High,2025-12-01
5208-FVQKB,Male,No,Yes,No,70,Yes,No,DSL,Yes,Yes,No,Yes,No,Yes,Two year,No,Mailed check,67.95,4664.15,No,0.0203,0,Low,2025-09-01
7184-LRUUR,Female,No,No,No,22,Yes,No,DSL,No,Yes,Yes,No,Yes,No,One year,No,Bank transfer (automatic),65.25,1441.8,No,0.2445,0,Low,2026-02-01
6627-CFOSN,Female,No,No,No,59,Yes,Yes,Fiber optic,Yes,Yes,Yes,No,No,Yes,Month-to-month,Yes,Bank transfer (automatic),99.45,5623.7,No,0.444,0,Medium,2025-10-01
3982-JGSFD,Male,No,No,No,36,Yes,No,No,No,No,No,No,No,No,One year,Yes,Credit card (automatic),20.35,695.85,No,0.0877,0,Low,2026-08-01
1574-DYCWE,Female,No,Yes,Yes,51,Yes,No,No,No,No,No,No,No,No,Two year,No,Mailed check,19.95,1028.75,No,0.015,0,Low,2025-12-01
7247-XOZPB,Male,No,Yes,No,53,Yes,Yes,DSL,Yes,No,Yes,Yes,Yes,No,One year,No,Bank transfer (automatic),77.4,4155.95,No,0.0827,0,Low,2026-02-01
2466-FCCPT,Female,No,Yes,Yes,20,Yes,No,No,No,No,No,No,No,No,One year,No,Bank transfer (automatic),19.7,395.6,No,0.0917,0,Low,2025-09-01
6211-WWLTF,Male,No,Yes,No,63,Yes,No,Fiber optic,Yes,No,Yes,No,Yes,Yes,Two year,No,Credit card (automatic),99.7,6330.4,No,0.1391,0,Low,2025-10-01
4826-TZEVA,Female,No,No,No,40,Yes,No,Fiber optic,No,Yes,No,No,No,No,Month-to-month,No,Credit card (automatic),74.8,2971.7,No,0.4284,0,Medium,2025-11-01
6016-NXBNJ,Male,No,No,No,35,Yes,No,No,No,No,No,No,No,No,One year,Yes,Mailed check,19.15,638.0,No,0.0957,0,Low,2025-09-01
9138-EFSMO,Male,No,Yes,Yes,26,Yes,No,Fiber optic,No,No,No,No,No,Yes,One year,No,Bank transfer (automatic),78.95,2034.25,No,0.418,0,Medium,2026-05-01
0576-WNXXC,Male,Yes,Yes,No,27,Yes,Yes,Fiber optic,No,Yes,Yes,No,No,Yes,Month-to-month,Yes,Electronic check,95.55,2510.2,Yes,0.83,1,High,2026-08-01
4632-XJMEX,Male,No,No,Yes,53,Yes,No,DSL,Yes,Yes,No,Yes,No,No,One year,No,Credit card (automatic),62.85,3419.5,No,0.0351,0,Low,2026-08-01
8910-LEDAG,Male,Yes,Yes,No,34,Yes,No,Fiber optic,No,No,No,No,No,No,Month-to-month,No,Credit card (automatic),71.55,2427.35,No,0.5598,0,Medium,2025-12-01
3452-GWUIN,Female,Yes,Yes,No,19,Yes,Yes,Fiber optic,No,No,No,No,Yes,Yes,Month-to-month,Yes,Electronic check,94.95,1760.25,No,0.9002,1,High,2026-06-01
2716-GFZOR,Male,No,Yes,No,43,Yes,No,Fiber optic,Yes,Yes,Yes,No,No,No,Month-to-month,Yes,Credit card (automatic),86.1,3551.65,No,0.3955,0,Medium,2026-03-01
3724-UCSHY,Male,No,Yes,Yes,6,Yes,No,No,No,No,No,No,No,No,Month-to-month,No,Mailed check,19.55,122.9,No,0.2905,0,Low,2025-09-01
8626-XHBIE,Male,No,No,Yes,56,Yes,Yes,No,No,No,No,No,No,No,Two year,Yes,Mailed check,24.8,1424.2,No,0.024,0,Low,2025-10-01
4628-CTTLA,Male,No,No,No,57,No,No,DSL,No,Yes,No,No,Yes,No,Month-to-month,Yes,Electronic check,39.3,2111.45,Yes,0.3463,0,Medium,2026-03-01
3192-LNKRK,Male,No,Yes,Yes,34,Yes,No,Fiber optic,No,No,Yes,No,Yes,No,Month-to-month,Yes,Mailed check,84.05,2909.95,No,0.6222,0,High,2026-02-01
4439-YRNVD,Female,No,No,No,10,No,No,DSL,No,Yes,No,Yes,No,No,Month-to-month,No,Electronic check,36.25,374.0,No,0.5552,0,Medium,2025-09-01
2876-VBBBL,Female,No,No,No,1,Yes,No,No,No,No,No,No,No,No,Month-to-month,Yes,Mailed check,20.25,20.25,Yes,0.4771,0,Medium,2026-08-01
6834-NXDCA,Female,No,No,No,13,No,No,DSL,No,No,No,No,No,No,Month-to-month,Yes,Electronic check,23.9,300.8,Yes,0.736,0,High,2026-05-01
2208-UGTGR,Male,No,No,No,56,Yes,Yes,Fiber optic,No,Yes,No,No,Yes,Yes,Month-to-month,No,Electronic check,98.6,5581.05,No,0.6465,0,High,2026-03-01
3005-TYFRD,Female,No,Yes,No,55,Yes,Yes,Fiber optic,No,Yes,Yes,No,Yes,Yes,Month-to-month,Yes,Credit card (automatic),103.65,5676.65,No,0.6462,0,High,2026-08-01
8670-MEFCP,Female,No,Yes,Yes,36,Yes,Yes,DSL,Yes,Yes,Yes,Yes,Yes,Yes,Two year,Yes,Credit card (automatic),92.9,3379.25,No,0.1004,0,Low,2026-08-01
3079-BCHLN,Male,No,Yes,No,47,Yes,No,No,No,No,No,No,No,No,One year,No,Bank transfer (automatic),19.9,942.95,No,0.0392,0,Low,2026-08-01
7777-UNYHB,Female,No,Yes,Yes,12,Yes,No,No,No,No,No,No,No,No,Month-to-month,Yes,Credit card (automatic),20.1,232.4,No,0.2993,0,Low,2025-12-01
5597-GLBUC,Female,No,No,No,1,Yes,No,Fiber optic,No,No,Yes,No,Yes,No,Month-to-month,Yes,Electronic check,85.45,85.45,Yes,0.874,1,High,2026-07-01
7278-CKDNC,Male,Yes,No,No,24,Yes,Yes,Fiber optic,No,Yes,No,No,No,No,Month-to-month,Yes,Electronic check,80.5,2088.45,No,0.8072,1,High,2026-03-01
2748-MYRVK,Female,No,No,No,63,Yes,Yes,Fiber optic,No,Yes,No,No,Yes,Yes,One year,No,Bank transfer (automatic),99.9,6137.0,Yes,0.3262,0,Medium,2026-05-01
8450-UYIBU,Female,Yes,No,No,35,No,No,DSL,No,No,Yes,No,Yes,No,Month-to-month,Yes,Electronic check,39.85,1434.6,No,0.6343,0,High,2026-07-01
2969-VAPYH,Female,No,No,No,67,Yes,No,DSL,Yes,Yes,No,Yes,No,No,One year,No,Credit card (automatic),60.5,3870.0,No,0.0257,0,Low,2025-10-01
4822-YCXMX,Male,No,No,No,25,Yes,Yes,Fiber optic,No,No,No,No,No,Yes,Month-to-month,Yes,Electronic check,84.8,2043.45,Yes,0.837,1,High,2026-02-01
7181-OQCUT,Male,No,No,No,21,Yes,Yes,Fiber optic,Yes,No,Yes,No,Yes,Yes,Month-to-month,No,Mailed check,103.85,2215.0,No,0.7059,0,High,2025-10-01
8474-UMLNT,Female,No,No,No,13,Yes,No,DSL,Yes,Yes,No,Yes,No,Yes,Month-to-month,No,Bank transfer (automatic),67.8,842.25,No,0.3177,0,Medium,2025-12-01
9821-POOTN,Male,No,Yes,No,35,Yes,Yes,Fiber optic,No,No,No,No,No,No,Month-to-month,Yes,Electronic check,75.2,2576.2,Yes,0.7315,0,High,2026-01-01
3836-FZSDJ,Male,Yes,Yes,No,71,Yes,Yes,No,No,No,No,No,No,No,Two year,No,Bank transfer (automatic),24.85,1901.0,No,0.013,0,Low,2026-07-01
9142-XMYJH,Female,No,No,No,29,Yes,No,No,No,No,No,No,No,No,Month-to-month,No,Credit card (automatic),19.35,601.6,No,0.1549,0,Low,2026-07-01
6559-ILWKJ,Male,No,Yes,No,71,No,No,DSL,No,Yes,No,No,Yes,Yes,Two year,No,Electronic check,49.35,3515.25,Yes,0.0794,0,Low,2026-01-01
0187-QSXOE,Male,Yes,Yes,No,7,Yes,No,Fiber optic,No,No,No,No,Yes,Yes,Month-to-month,Yes,Electronic check,89.0,605.45,No,0.9099,1,High,2025-12-01
7733-UDMTP,Female,Yes,No,No,57,No,No,DSL,No,Yes,Yes,No,Yes,Yes,Month-to-month,Yes,Electronic check,55.0,3094.05,No,0.4918,0,Medium,2026-03-01
2649-HWLYB,Male,No,Yes,No,65,Yes,Yes,DSL,Yes,No,Yes,Yes,No,Yes,Two year,No,Bank transfer (automatic),76.15,4929.55,No,0.0346,0,Low,2026-07-01
5214-CHIWJ,Male,No,No,No,27,Yes,No,No,No,No,No,No,No,No,One year,No,Mailed check,20.3,595.05,No,0.094,0,Low,2026-08-01
4229-CZMLL,Male,No,No,No,6,Yes,Yes,Fiber optic,No,No,No,No,No,No,Month-to-month,Yes,Electronic check,74.9,469.8,Yes,0.8712,1,High,2025-11-01
6904-JLBGY,Female,Yes,No,No,72,Yes,Yes,Fiber optic,Yes,Yes,Yes,Yes,Yes,Yes,Two year,Yes,Credit card (automatic),117.35,8436.25,No,0.171,0,Low,2025-11-01
2465-BLLEU,Male,No,No,No,1,Yes,No,No,No,No,No,No,No,No,Month-to-month,Yes,Mailed check,19.75,19.75,No,0.4831,0,Medium,2026-05-01
1685-VAYJF,Male,No,No,No,11,Yes,No,DSL,No,No,No,No,No,No,Month-to-month,No,Credit card (automatic),45.2,492.0,No,0.4968,0,Medium,2025-12-01
8874-EJNSR,Male,No,Yes,Yes,39,Yes,Yes,No,No,No,No,No,No,No,Two year,No,Mailed check,25.2,987.95,No,0.0325,0,Low,2025-11-01
6917-YACBP,Female,Yes,No,No,59,Yes,Yes,Fiber optic,Yes,Yes,Yes,No,No,No,Month-to-month,Yes,Electronic check,89.75,5496.9,No,0.511,0,Medium,2025-09-01
5049-MUBWG,Male,No,No,No,26,Yes,No,DSL,Yes,No,No,Yes,Yes,Yes,One year,No,Bank transfer (automatic),75.0,1908.35,No,0.1824,0,Low,2026-01-01
4223-WOZCM,Male,Yes,No,No,2,Yes,No,DSL,No,No,Yes,No,No,No,Month-to-month,No,Mailed check,49.95,107.1,No,0.6267,0,High,2026-01-01
0769-MURVM,Female,No,Yes,Yes,72,No,No,DSL,Yes,Yes,Yes,Yes,Yes,Yes,Two year,No,Bank transfer (automatic),65.7,4575.35,No,0.0227,0,Low,2026-03-01
9253-VIFJQ,Male,No,Yes,No,65,Yes,Yes,DSL,Yes,Yes,Yes,No,No,No,One year,No,Credit card (automatic),67.05,4309.55,No,0.0518,0,Low,2025-11-01
7030-FZTFM,Male,No,Yes,Yes,72,Yes,Yes,Fiber optic,No,Yes,Yes,Yes,Yes,Yes,Two year,No,Credit card (automatic),110.9,7922.75,No,0.1159,0,Low,2026-05-01
9741-YLNTD,Male,No,No,No,6,Yes,Yes,Fiber optic,No,No,No,Yes,No,Yes,Month-to-month,Yes,Bank transfer (automatic),87.95,522.35,No,0.8119,1,High,2026-05-01
5917-RYRMG,Male,Yes,No,No,32,Yes,No,No,No,No,No,No,No,No,One year,No,Credit card (automatic),19.8,587.7,No,0.087,0,Low,2026-02-01
5120-ZBLAI,Female,No,Yes,No,50,Yes,Yes,DSL,No,No,Yes,No,Yes,Yes,One year,No,Bank transfer (automatic),75.7,3876.2,No,0.2235,0,Low,2025-11-01
1194-BHJYC,Male,No,Yes,No,61,No,No,DSL,Yes,No,Yes,Yes,Yes,Yes,Two year,Yes,Mailed check,62.15,3778.85,No,0.0709,0,Low,2026-03-01
3663-MITLP,Female,No,No,No,15,Yes,No,Fiber optic,No,Yes,Yes,No,Yes,Yes,Month-to-month,Yes,Electronic check,101.25,1457.25,Yes,0.8401,1,High,2026-05-01
0906-QVPMS,Male,No,Yes,No,72,Yes,Yes,Fiber optic,Yes,Yes,Yes,Yes,Yes,Yes,Two year,No,Bank transfer (automatic),115.15,8349.45,No,0.1045,0,Low,2026-01-01
9025-ZRPVR,Male,No,No,No,9,Yes,No,No,No,No,No,No,No,No,Month-to-month,Yes,Mailed check,18.95,185.6,Yes,0.4015,0,Medium,2025-12-01
1905-OEILC,Female,No,No,No,1,Yes,No,No,No,No,No,No,No,No,Month-to-month,No,Mailed check,19.5,19.5,No,0.3874,0,Medium,2026-03-01
7858-GTZSP,Female,No,No,No,12,Yes,Yes,Fiber optic,No,No,No,No,No,Yes,Month-to-month,Yes,Electronic check,86.55,1066.9,No,0.88,1,High,2026-01-01
3285-UCQVC,Female,No,No,No,37,No,No,DSL,No,No,No,Yes,No,No,Month-to-month,No,Credit card (automatic),28.6,973.55,Yes,0.2564,0,Low,2026-01-01
6248-BSHKG,Male,No,Yes,Yes,61,Yes,No,No,No,No,No,No,No,No,One year,No,Mailed check,20.4,1226.45,No,0.0185,0,Low,2026-01-01
4685-TFLLS,Male,No,Yes,Yes,18,Yes,No,No,No,No,No,No,No,No,One year,No,Bank transfer (automatic),19.8,342.3,No,0.1004,0,Low,2025-12-01
3470-BTGQO,Male,No,No,Yes,21,Yes,No,DSL,No,No,No,No,No,No,Month-to-month,No,Mailed check,45.65,985.05,No,0.3637,0,Medium,2026-05-01
1209-VFFOC,Male,No,Yes,Yes,68,No,No,DSL,Yes,Yes,Yes,Yes,No,Yes,Two year,Yes,Mailed check,56.4,3948.45,No,0.0308,0,Low,2026-02-01
8224-DWCKX,Male,Yes,No,No,12,Yes,Yes,Fiber optic,No,No,No,No,No,No,Month-to-month,Yes,Credit card (automatic),73.3,828.05,No,0.8268,1,High,2026-02-01
5482-PLVPE,Female,Yes,No,No,2,No,No,DSL,No,No,No,No,No,No,Month-to-month,No,Electronic check,24.35,41.85,Yes,0.7863,0,High,2026-04-01
4553-DVPZG,Female,No,Yes,No,62,Yes,Yes,Fiber optic,No,No,Yes,No,Yes,Yes,Month-to-month,Yes,Electronic check,101.35,6164.7,No,0.7099,0,High,2026-01-01
4902-OHLSK,Female,Yes,No,No,29,Yes,Yes,Fiber optic,No,No,No,Yes,Yes,Yes,Month-to-month,No,Electronic check,98.65,2862.75,Yes,0.7772,0,High,2025-10-01
6917-IAYHD,Male,No,No,Yes,1,No,No,DSL,No,Yes,No,Yes,No,No,Month-to-month,No,Mailed check,33.6,33.6,No,0.5197,0,Medium,2026-07-01
0495-ZBNGW,Male,Yes,Yes,No,5,Yes,Yes,Fiber optic,No,No,Yes,No,No,No,Month-to-month,Yes,Bank transfer (automatic),79.9,343.95,Yes,0.844,1,High,2025-09-01
8620-RJPZN,Female,No,No,No,1,Yes,No,No,No,No,No,No,No,No,Month-to-month,No,Electronic check,20.7,20.7,No,0.4599,0,Medium,2026-03-01
7572-KPVKK,Male,No,No,Yes,62,Yes,Yes,Fiber optic,No,No,Yes,Yes,Yes,Yes,Two year,Yes,Electronic check,104.05,6590.5,No,0.2868,0,Low,2025-12-01
2642-MAWLJ,Female,No,Yes,Yes,36,Yes,No,No,No,No,No,No,No,No,Two year,No,Bank transfer (automatic),20.25,717.95,No,0.0262,0,Low,2025-11-01
2357-COQEK,Female,Yes,No,No,28,Yes,Yes,Fiber optic,No,No,Yes,Yes,Yes,Yes,Month-to-month,Yes,Electronic check,103.3,2890.65,Yes,0.8357,1,High,2025-09-01
7103-ZGVNT,Female,No,Yes,Yes,69,Yes,Yes,DSL,Yes,Yes,No,Yes,Yes,No,One year,No,Credit card (automatic),73.7,4885.85,No,0.0349,0,Low,2026-07-01
3737-GCSPV,Female,No,Yes,No,11,Yes,Yes,Fiber optic,Yes,No,No,Yes,Yes,No,Month-to-month,Yes,Credit card (automatic),96.2,1222.05,Yes,0.691,0,High,2026-02-01
2027-WKXMW,Female,No,Yes,No,63,Yes,Yes,Fiber optic,No,Yes,Yes,Yes,Yes,Yes,Month-to-month,Yes,Electronic check,108.75,6871.7,No,0.6166,0,High,2026-01-01
7137-NAXML,Male,No,No,No,23,Yes,No,No,No,No,No,No,No,No,One year,No,Bank transfer (automatic),20.15,405.6,No,0.1017,0,Low,2026-05-01
2428-ZMCTB,Male,No,No,No,10,Yes,No,No,No,No,No,No,No,No,Month-to-month,No,Credit card (automatic),19.75,208.25,No,0.2945,0,Low,2025-09-01
2961-VNFKL,Female,No,Yes,No,71,Yes,Yes,No,No,No,No,No,No,No,Two year,Yes,Credit card (automatic),25.95,1801.9,No,0.0149,0,Low,2026-03-01
1768-HNVGJ,Female,Yes,No,No,45,Yes,Yes,DSL,Yes,No,No,Yes,No,Yes,Month-to-month,Yes,Electronic check,70.05,3062.45,No,0.3889,0,Medium,2026-02-01
6963-KQYQB,Female,No,Yes,Yes,70,Yes,Yes,No,No,No,No,No,No,No,Two year,No,Mailed check,24.05,1764.75,No,0.0091,0,Low,2026-03-01
5934-RMPOV,Female,No,No,Yes,22,Yes,Yes,Fiber optic,No,No,No,No,No,Yes,Month-to-month,Yes,Electronic check,84.75,1816.75,No,0.8146,1,High,2025-10-01
1207-BLKSA,Female,No,Yes,Yes,52,Yes,Yes,No,No,No,No,No,No,No,Two year,No,Mailed check,23.05,1255.1,No,0.0191,0,Low,2026-08-01
4088-YLDSU,Male,No,Yes,No,55,Yes,Yes,Fiber optic,No,No,Yes,Yes,Yes,Yes,One year,Yes,Electronic check,104.15,5743.05,Yes,0.5194,0,Medium,2025-11-01
8316-BBQAY,Female,No,No,No,65,No,No,DSL,Yes,No,Yes,Yes,Yes,Yes,Two year,No,Credit card (automatic),59.95,3921.1,No,0.0416,0,Low,2026-05-01
1166-PQLGG,Female,No,Yes,Yes,72,Yes,No,No,No,No,No,No,No,No,Two year,No,Bank transfer (automatic),19.55,1463.45,No,0.0058,0,Low,2026-05-01
3146-JTQHR,Male,No,Yes,No,10,Yes,No,No,No,No,No,No,No,No,One year,No,Bank transfer (automatic),19.6,189.45,No,0.1655,0,Low,2026-01-01
4291-YZODP,Female,No,No,Yes,7,Yes,No,No,No,No,No,No,No,No,One year,No,Mailed check,20.05,96.8,No,0.1574,0,Low,2025-10-01
4395-PZMSN,Male,Yes,No,No,5,Yes,No,Fiber optic,No,Yes,No,No,No,Yes,Month-to-month,Yes,Electronic check,85.55,408.5,No,0.8802,1,High,2025-12-01
6427-FEFIG,Female,No,Yes,Yes,24,Yes,Yes,DSL,Yes,No,Yes,No,Yes,Yes,Two year,No,Credit card (automatic),78.6,1846.65,No,0.1496,0,Low,2026-06-01
0017-IUDMW,Female,No,Yes,Yes,72,Yes,Yes,Fiber optic,Yes,Yes,Yes,Yes,Yes,Yes,Two year,Yes,Credit card (automatic),116.8,8456.75,No,0.1188,0,Low,2026-07-01
8706-HRADD,Male,No,No,No,21,No,No,DSL,Yes,No,No,Yes,Yes,No,Month-to-month,Yes,Mailed check,43.55,1011.5,No,0.4708,0,Medium,2026-08-01
9955-QOPOY,Male,No,Yes,No,69,No,No,DSL,No,Yes,Yes,Yes,Yes,Yes,One year,Yes,Credit card (automatic),60.8,4263.4,No,0.1204,0,Low,2025-11-01
4385-ZKVNW,Male,No,Yes,Yes,44,Yes,No,DSL,No,Yes,No,Yes,No,No,Month-to-month,Yes,Bank transfer (automatic),54.9,2549.1,No,0.1761,0,Low,2026-04-01
5446-DKWYW,Female,Yes,Yes,Yes,61,Yes,Yes,DSL,No,No,Yes,No,Yes,No,One year,Yes,Electronic check,65.2,3965.05,No,0.2154,0,Low,2025-10-01
2034-CGRHZ,Male,Yes,No,No,24,Yes,Yes,Fiber optic,No,Yes,Yes,No,Yes,Yes,Month-to-month,Yes,Credit card (automatic),102.95,2496.7,Yes,0.8297,1,High,2026-05-01
5797-APWZC,Female,No,No,No,1,Yes,No,Fiber optic,No,No,No,No,Yes,Yes,Month-to-month,No,Electronic check,90.6,90.6,Yes,0.868,1,High,2026-01-01
3683-QKIUE,Female,No,No,No,6,Yes,No,DSL,No,No,No,Yes,No,No,Month-to-month,Yes,Bank transfer (automatic),50.8,288.05,Yes,0.5342,0,Medium,2026-05-01
4228-ZGYUW,Male,No,No,No,4,Yes,Yes,Fiber optic,No,Yes,No,No,No,Yes,Month-to-month,Yes,Electronic check,90.05,368.1,Yes,0.8874,1,High,2026-05-01
9031-ZVQPT,Male,No,Yes,No,72,Yes,Yes,Fiber optic,No,Yes,Yes,Yes,Yes,Yes,Two year,Yes,Electronic check,108.2,7840.6,No,0.2578,0,Low,2026-08-01
2990-IAJSV,Male,No,No,No,72,Yes,Yes,DSL,Yes,Yes,Yes,Yes,Yes,Yes,Two year,No,Bank transfer (automatic),92.0,6632.75,No,0.0363,0,Low,2026-02-01
8107-KNCIM,Male,Yes,Yes,No,14,Yes,Yes,Fiber optic,No,No,No,No,No,No,Month-to-month,Yes,Electronic check,75.1,1013.35,No,0.8628,1,High,2026-01-01
9027-YFHQJ,Male,No,No,No,7,Yes,Yes,No,No,No,No,No,No,No,Month-to-month,Yes,Bank transfer (automatic),25.05,152.95,No,0.4594,0,Medium,2026-03-01
5176-LDKUH,Female,No,No,No,48,Yes,No,Fiber optic,No,Yes,No,No,No,No,One year,No,Electronic check,75.15,3772.65,No,0.2997,0,Low,2025-10-01
4644-OBGFZ,Male,No,Yes,Yes,55,Yes,No,No,No,No,No,No,No,No,One year,No,Mailed check,19.5,1026.35,No,0.0236,0,Low,2025-10-01
7926-IJOOU,Male,No,No,No,1,Yes,No,No,No,No,No,No,No,No,Month-to-month,No,Credit card (automatic),19.3,19.3,No,0.3808,0,Medium,2026-03-01
6480-YAGIY,Male,No,No,No,45,Yes,No,Fiber optic,Yes,Yes,Yes,Yes,Yes,Yes,One year,No,Credit card (automatic),112.2,5031.85,No,0.2294,0,Low,2026-06-01
4029-HPFVY,Male,No,No,No,3,Yes,No,Fiber optic,No,No,No,No,No,No,Month-to-month,Yes,Mailed check,70.3,220.4,No,0.8114,1,High,2026-03-01
7602-DBTOU,Female,No,Yes,No,71,Yes,No,No,No,No,No,No,No,No,Two year,No,Mailed check,19.6,1416.5,No,0.0081,0,Low,2026-06-01
5345-BMKWB,Male,No,Yes,No,8,Yes,No,No,No,No,No,No,No,No,Month-to-month,No,Mailed check,20.25,158.35,No,0.3191,0,Medium,2025-11-01
3519-ZKXGG,Female,No,Yes,No,3,Yes,Yes,Fiber optic,No,No,No,No,No,No,Month-to-month,Yes,Electronic check,75.85,256.6,Yes,0.877,1,High,2026-02-01
5457-COLHT,Male,No,Yes,Yes,69,Yes,No,DSL,Yes,Yes,No,Yes,Yes,Yes,Two year,No,Bank transfer (automatic),80.65,5542.55,No,0.0224,0,Low,2026-04-01
6416-TVAIH,Male,No,Yes,Yes,1,Yes,No,Fiber optic,No,No,No,No,No,No,Month-to-month,Yes,Electronic check,68.5,68.5,Yes,0.8334,1,High,2026-01-01
5451-YHYPW,Female,Yes,Yes,No,72,Yes,Yes,Fiber optic,Yes,Yes,Yes,Yes,Yes,Yes,Two year,Yes,Credit card (automatic),115.75,8443.7,No,0.1722,0,Low,2025-09-01
5108-ADXWO,Male,No,No,No,11,Yes,No,Fiber optic,Yes,No,No,No,No,No,Month-to-month,Yes,Electronic check,73.5,791.75,Yes,0.7508,0,High,2025-09-01
7998-WNZEM,Male,No,No,No,71,Yes,Yes,DSL,Yes,Yes,Yes,Yes,No,Yes,Two year,No,Bank transfer (automatic),80.6,5708.2,No,0.0265,0,Low,2026-08-01
3066-RRJIO,Female,No,No,No,1,Yes,No,Fiber optic,No,No,No,No,No,No,Month-to-month,Yes,Mailed check,69.95,69.95,Yes,0.8183,1,High,2026-04-01
4664-NJCMS,Female,No,Yes,No,33,No,No,DSL,Yes,No,Yes,Yes,Yes,Yes,Two year,No,Bank transfer (automatic),59.55,2016.3,No,0.1118,0,Low,2025-12-01
0307-BCOPK,Female,No,No,No,16,Yes,No,No,No,No,No,No,No,No,One year,No,Mailed check,19.05,326.65,No,0.1405,0,Low,2025-12-01
7629-WFGLW,Female,Yes,Yes,No,56,Yes,Yes,Fiber optic,Yes,Yes,Yes,Yes,No,No,One year,No,Electronic check,95.65,5471.75,No,0.2122,0,Low,2025-09-01
2542-HYGIQ,Female,No,No,No,1,Yes,No,No,No,No,No,No,No,No,Month-to-month,No,Credit card (automatic),19.95,19.95,No,0.3748,0,Medium,2026-08-01
6715-OFDBP,Male,No,No,No,5,Yes,No,DSL,No,No,Yes,No,Yes,Yes,Month-to-month,Yes,Electronic check,70.05,346.4,Yes,0.7964,0,High,2025-10-01
5016-LIPDW,Male,No,Yes,Yes,57,Yes,No,No,No,No,No,No,No,No,One year,No,Mailed check,19.4,1061.6,No,0.0217,0,Low,2026-06-01
6481-LXPWL,Male,No,Yes,Yes,56,No,No,DSL,No,Yes,Yes,No,No,No,One year,Yes,Credit card (automatic),36.1,1971.5,No,0.1005,0,Low,2025-11-01
1567-DSCIC,Male,No,No,No,8,Yes,Yes,Fiber optic,No,Yes,Yes,No,Yes,No,Month-to-month,Yes,Electronic check,94.0,773.65,Yes,0.8624,1,High,2026-01-01
2150-UWTFY,Female,No,Yes,Yes,22,Yes,No,DSL,Yes,Yes,Yes,No,No,No,Month-to-month,No,Mailed check,61.15,1422.05,Yes,0.2281,0,Low,2025-12-01
6124-ACRHJ,Female,No,No,No,1,Yes,No,No,No,No,No,No,No,No,Month-to-month,No,Mailed check,19.75,19.75,No,0.3868,0,Medium,2026-06-01
9362-MWODR,Female,No,No,Yes,40,Yes,No,DSL,Yes,No,No,Yes,Yes,No,Month-to-month,Yes,Credit card (automatic),64.1,2460.35,No,0.1922,0,Low,2025-09-01
9975-GPKZU,Male,No,Yes,Yes,46,Yes,No,No,No,No,No,No,No,No,Two year,No,Credit card (automatic),19.75,856.5,No,0.0177,0,Low,2026-01-01
9625-RZFUK,Male,No,Yes,Yes,63,Yes,No,No,No,No,No,No,No,No,Two year,No,Mailed check,19.7,1275.85,No,0.0092,0,Low,2025-12-01
5153-LXKDT,Male,No,Yes,Yes,68,Yes,Yes,Fiber optic,Yes,Yes,Yes,No,Yes,Yes,Two year,Yes,Electronic check,110.2,7467.5,No,0.2202,0,Low,2025-12-01
5161-UBZXI,Male,No,Yes,Yes,69,Yes,No,Fiber optic,Yes,Yes,No,Yes,Yes,Yes,Two year,Yes,Credit card (automatic),106.35,7261.75,No,0.0932,0,Low,2025-11-01
1020-JPQOW,Female,No,Yes,No,56,Yes,Yes,Fiber optic,No,Yes,Yes,Yes,No,No,Month-to-month,No,Electronic check,90.55,5116.6,No,0.3941,0,Medium,2026-07-01
7919-ZODZZ,Female,No,Yes,Yes,10,Yes,No,DSL,No,Yes,Yes,No,No,Yes,One year,Yes,Mailed check,65.9,660.05,No,0.3867,0,Medium,2026-01-01
0565-JUPYD,Male,No,No,No,63,Yes,Yes,Fiber optic,Yes,Yes,Yes,Yes,Yes,No,One year,No,Credit card (automatic),104.5,6590.8,No,0.1513,0,Low,2026-02-01
6867-ACCZI,Female,No,Yes,Yes,24,No,No,DSL,Yes,Yes,Yes,Yes,No,Yes,Two year,Yes,Mailed check,52.5,1208.15,No,0.1232,0,Low,2026-01-01
5939-XAIXZ,Female,No,No,No,19,Yes,Yes,DSL,No,No,Yes,No,No,No,Month-to-month,Yes,Mailed check,56.1,1033.9,No,0.5729,0,Medium,2026-08-01
9054-FOWNV,Male,No,Yes,Yes,22,Yes,Yes,Fiber optic,No,No,Yes,No,Yes,No,Month-to-month,Yes,Electronic check,88.75,1885.15,No,0.7976,1,High,2026-01-01
2683-BPJSO,Male,No,Yes,No,29,Yes,Yes,Fiber optic,Yes,Yes,No,No,No,No,Month-to-month,Yes,Electronic check,84.45,2467.1,Yes,0.6566,0,High,2026-01-01
2157-MXBJS,Male,No,Yes,No,13,Yes,Yes,DSL,No,No,Yes,No,Yes,Yes,One year,Yes,Mailed check,75.3,989.45,Yes,0.577,0,Medium,2025-12-01
8207-VVMYB,Female,No,Yes,No,70,Yes,Yes,No,No,No,No,No,No,No,Two year,Yes,Bank transfer (automatic),26.0,2006.95,No,0.0161,0,Low,2025-12-01
9732-EQMWY,Female,No,Yes,No,49,Yes,No,Fiber optic,No,Yes,Yes,No,Yes,Yes,Month-to-month,No,Electronic check,99.4,5025.0,No,0.6208,0,High,2025-10-01
9360-AHGNL,Female,Yes,Yes,No,43,Yes,Yes,Fiber optic,Yes,No,Yes,Yes,Yes,Yes,One year,Yes,Mailed check,109.55,4830.25,Yes,0.4658,0,Medium,2026-04-01
1087-UDSIH,Female,No,No,No,3,Yes,No,No,No,No,No,No,No,No,Month-to-month,Yes,Mailed check,19.6,59.75,Yes,0.4576,0,Medium,2025-09-01
5269-NRGDP,Male,No,Yes,Yes,42,Yes,No,DSL,No,No,Yes,Yes,Yes,Yes,One year,No,Electronic check,73.15,3088.25,No,0.1892,0,Low,2025-11-01
6195-MELTI,Male,No,No,No,57,Yes,No,DSL,No,Yes,No,Yes,No,No,One year,Yes,Mailed check,54.65,3134.7,No,0.0802,0,Low,2025-11-01
5485-WUYWF,Male,Yes,No,No,2,Yes,No,DSL,Yes,No,Yes,No,Yes,No,Month-to-month,No,Bank transfer (automatic),66.4,94.55,Yes,0.5446,0,Medium,2025-12-01
2121-JAFOM,Female,No,Yes,No,72,Yes,Yes,Fiber optic,Yes,Yes,Yes,Yes,Yes,Yes,Two year,Yes,Credit card (automatic),115.55,8312.4,No,0.1427,0,Low,2026-06-01
8818-DOPVL,Female,Yes,No,No,46,Yes,Yes,Fiber optic,No,Yes,Yes,No,Yes,Yes,Month-to-month,Yes,Electronic check,104.45,4863.85,No,0.8025,1,High,2026-04-01
2632-UCGVD,Male,Yes,Yes,No,66,Yes,Yes,Fiber optic,No,No,No,Yes,Yes,Yes,Month-to-month,Yes,Credit card (automatic),100.05,6871.9,Yes,0.6017,0,High,2026-08-01
5445-PZWGX,Male,No,No,No,62,Yes,Yes,Fiber optic,Yes,Yes,No,Yes,No,Yes,One year,No,Electronic check,102.0,6529.25,Yes,0.2286,0,Low,2026-01-01
1227-UDMZR,Female,No,Yes,No,72,Yes,Yes,DSL,Yes,Yes,Yes,Yes,Yes,Yes,Two year,Yes,Bank transfer (automatic),91.15,6637.9,No,0.051,0,Low,2026-08-01
5198-HQAEN,Male,No,Yes,Yes,35,Yes,No,Fiber optic,No,Yes,No,Yes,Yes,No,One year,Yes,Electronic check,89.7,3165.6,No,0.3985,0,Medium,2025-09-01
9170-CCKOU,Male,No,Yes,No,17,Yes,Yes,Fiber optic,Yes,Yes,Yes,No,No,No,Month-to-month,No,Credit card (automatic),90.2,1454.15,Yes,0.5471,0,Medium,2026-03-01
2167-FQSTQ,Female,No,Yes,No,72,Yes,Yes,DSL,Yes,Yes,Yes,Yes,Yes,Yes,Two year,Yes,Electronic check,92.4,6786.1,No,0.0737,0,Low,2026-06-01
2819-GWENI,Female,No,Yes,Yes,28,Yes,No,No,No,No,No,No,No,No,One year,No,Mailed check,19.9,543.0,No,0.0705,0,Low,2026-03-01
1043-YCUTE,Male,No,Yes,No,56,Yes,Yes,No,No,No,No,No,No,No,Two year,Yes,Credit card (automatic),25.15,1327.15,Yes,0.0276,0,Low,2026-08-01
3814-MLAXC,Female,No,No,No,31,Yes,Yes,Fiber optic,No,No,No,Yes,No,No,Month-to-month,Yes,Credit card (automatic),79.85,2404.15,Yes,0.6015,0,High,2025-12-01
3572-UUHRS,Male,No,No,No,45,Yes,No,No,No,No,No,No,No,No,One year,No,Bank transfer (automatic),18.85,867.3,No,0.0431,0,Low,2025-09-01
2692-PFYTJ,Female,No,No,No,1,Yes,Yes,No,No,No,No,No,No,No,Month-to-month,Yes,Mailed check,25.75,25.75,No,0.5316,0,Medium,2026-06-01
1226-UDFZR,Female,No,No,No,2,Yes,No,DSL,No,Yes,No,No,No,No,Month-to-month,Yes,Mailed check,49.6,114.7,Yes,0.6353,0,High,2025-09-01
5955-EPOAZ,Female,No,No,No,6,Yes,No,No,No,No,No,No,No,No,Month-to-month,Yes,Mailed check,20.95,109.5,No,0.4218,0,Medium,2026-06-01
6821-JPCDC,Female,No,Yes,No,48,Yes,No,Fiber optic,No,Yes,Yes,No,Yes,Yes,One year,Yes,Electronic check,97.05,4692.95,No,0.5368,0,Medium,2026-05-01
8815-LMFLX,Male,No,Yes,Yes,25,Yes,Yes,No,No,No,No,No,No,No,Month-to-month,Yes,Bank transfer (automatic),25.4,546.85,No,0.2372,0,Low,2026-07-01
9135-HSWOC,Male,No,Yes,Yes,64,Yes,No,No,No,No,No,No,No,No,Two year,Yes,Bank transfer (automatic),19.7,1274.05,No,0.012,0,Low,2026-02-01
8582-KRHPJ,Male,No,No,No,50,No,No,DSL,Yes,Yes,No,No,No,No,Month-to-month,Yes,Mailed check,35.0,1782.4,No,0.2118,0,Low,2026-07-01
5811-IWXYM,Female,No,Yes,Yes,52,Yes,Yes,Fiber optic,No,No,Yes,No,Yes,Yes,One year,No,Bank transfer (automatic),101.25,5301.1,No,0.3727,0,Medium,2025-11-01
7044-YAACC,Male,Yes,Yes,No,4,Yes,No,Fiber optic,No,No,No,No,No,No,Month-to-month,Yes,Electronic check,70.2,280.35,No,0.8724,1,High,2026-02-01
8189-XRIKE,Female,Yes,No,No,32,Yes,No,Fiber optic,No,No,No,No,Yes,Yes,Month-to-month,No,Electronic check,90.95,2897.95,No,0.7764,0,High,2025-10-01
1506-YJTYT,Male,No,Yes,Yes,45,Yes,Yes,DSL,Yes,Yes,No,Yes,Yes,No,Two year,No,Credit card (automatic),73.85,3371.0,No,0.0414,0,Low,2026-06-01
4123-DVHPH,Male,No,Yes,No,9,Yes,Yes,Fiber optic,Yes,No,No,No,No,Yes,Month-to-month,Yes,Electronic check,88.05,801.3,No,0.8433,1,High,2026-05-01
6425-YQLLO,Female,Yes,Yes,No,66,Yes,Yes,Fiber optic,No,No,Yes,Yes,Yes,Yes,One year,Yes,Credit card (automatic),105.95,6975.25,Yes,0.4094,0,Medium,2026-06-01
5442-UTCVD,Male,No,No,Yes,3,Yes,Yes,Fiber optic,No,No,Yes,No,No,Yes,Month-to-month,No,Electronic check,91.85,257.05,Yes,0.8308,1,High,2026-06-01
2228-BZDEE,Female,No,No,No,54,Yes,No,No,No,No,No,No,No,No,Two year,No,Mailed check,20.1,1079.45,No,0.0166,0,Low,2025-12-01
7734-DBOAI,Female,No,Yes,Yes,1,No,No,DSL,No,No,No,Yes,Yes,No,Month-to-month,No,Electronic check,40.1,40.1,Yes,0.6697,0,High,2025-09-01
2789-CZANW,Female,No,Yes,Yes,64,Yes,Yes,Fiber optic,Yes,Yes,No,Yes,Yes,Yes,Two year,No,Bank transfer (automatic),110.3,6997.3,No,0.0936,0,Low,2026-08-01
2091-RFFBA,Female,Yes,No,No,31,Yes,Yes,Fiber optic,No,No,No,No,No,No,Month-to-month,Yes,Electronic check,73.9,2217.15,Yes,0.788,0,High,2026-02-01
2114-MGINA,Female,No,No,No,14,Yes,No,Fiber optic,No,No,No,No,Yes,Yes,Month-to-month,Yes,Mailed check,89.8,1129.1,Yes,0.8287,1,High,2025-10-01
7596-LDUXP,Female,No,No,No,12,Yes,No,Fiber optic,Yes,No,No,No,Yes,No,One year,Yes,Credit card (automatic),85.15,979.05,No,0.5403,0,Medium,2026-08-01
3740-RLMVT,Male,Yes,Yes,No,67,Yes,No,DSL,Yes,Yes,No,Yes,No,No,One year,Yes,Bank transfer (automatic),60.95,4119.4,No,0.0466,0,Low,2026-08-01
4489-SNOJF,Female,No,Yes,Yes,35,Yes,Yes,DSL,Yes,No,Yes,Yes,Yes,No,Month-to-month,No,Electronic check,72.25,2568.55,Yes,0.2664,0,Low,2026-02-01
2192-OZITF,Female,No,No,No,45,Yes,Yes,DSL,Yes,No,No,Yes,No,Yes,Two year,No,Mailed check,73.55,3349.1,No,0.0655,0,Low,2026-06-01
5651-CPDND,Male,No,No,No,10,Yes,No,DSL,No,No,No,No,No,No,Month-to-month,No,Mailed check,46.0,492.1,No,0.5186,0,Medium,2025-09-01
2186-QZEYA,Female,Yes,No,No,29,Yes,Yes,DSL,Yes,Yes,No,No,No,No,Month-to-month,Yes,Bank transfer (automatic),58.55,1718.95,No,0.3949,0,Medium,2025-10-01
1131-ALZWV,Female,No,No,No,24,Yes,Yes,No,No,No,No,No,No,No,One year,No,Bank transfer (automatic),24.6,605.25,No,0.1223,0,Low,2025-12-01
7729-XBTWX,Male,No,Yes,Yes,66,Yes,No,No,No,No,No,No,No,No,Two year,Yes,Mailed check,19.75,1344.5,No,0.0118,0,Low,2026-04-01
9134-WYRVP,Male,No,No,No,51,Yes,No,Fiber optic,Yes,No,No,No,Yes,No,One year,No,Mailed check,86.35,4267.15,No,0.221,0,Low,2025-10-01
3284-SVCRO,Female,No,Yes,No,45,Yes,Yes,No,No,No,No,No,No,No,Two year,No,Mailed check,25.5,1121.05,No,0.0311,0,Low,2025-09-01
9732-OUYRN,Female,No,Yes,No,49,Yes,No,No,No,No,No,No,No,No,One year,No,Credit card (automatic),19.0,918.7,No,0.0357,0,Low,2026-05-01
0559-CKHUS,Female,No,Yes,No,29,Yes,No,No,No,No,No,No,No,No,Two year,Yes,Mailed check,19.55,521.8,No,0.0657,0,Low,2026-06-01
2931-SVLTV,Male,No,Yes,Yes,40,Yes,Yes,Fiber optic,Yes,Yes,No,Yes,Yes,Yes,Month-to-month,Yes,Credit card (automatic),110.1,4469.1,No,0.513,0,Medium,2026-05-01
6899-PPEEA,Female,Yes,No,No,37,Yes,Yes,Fiber optic,No,No,No,No,Yes,Yes,Month-to-month,Yes,Electronic check,96.55,3580.3,Yes,0.8523,1,High,2026-06-01
7504-UWHNB,Male,No,No,No,25,Yes,No,Fiber optic,No,No,No,No,No,No,Month-to-month,No,Electronic check,69.75,1729.35,No,0.6687,0,High,2026-06-01
2582-FFFZR,Female,No,No,No,22,No,No,DSL,No,No,Yes,No,Yes,Yes,Month-to-month,Yes,Electronic check,50.6,1073.3,No,0.7587,0,High,2026-04-01
8908-NMQTX,Male,No,No,No,72,No,No,DSL,Yes,Yes,Yes,Yes,Yes,Yes,Two year,Yes,Bank transfer (automatic),65.6,4566.5,No,0.0419,0,Low,2026-03-01
2187-LZGPL,Female,No,No,No,7,No,No,DSL,No,Yes,No,No,No,Yes,Month-to-month,Yes,Credit card (automatic),40.1,293.3,Yes,0.7344,0,High,2026-07-01
1431-AIDJQ,Male,No,Yes,Yes,33,Yes,No,DSL,No,Yes,Yes,Yes,Yes,Yes,Two year,No,Credit card (automatic),82.1,2603.1,No,0.0864,0,Low,2026-01-01
6288-LBEAR,Female,No,No,No,23,Yes,No,Fiber optic,No,Yes,No,Yes,No,No,Month-to-month,Yes,Mailed check,79.1,1783.75,No,0.5747,0,Medium,2025-10-01
4597-NUCQV,Male,Yes,No,No,24,Yes,Yes,Fiber optic,No,Yes,No,No,Yes,Yes,Month-to-month,Yes,Electronic check,101.25,2440.15,Yes,0.8752,1,High,2026-06-01
9019-QVLZD,Female,No,No,No,1,Yes,No,Fiber optic,No,No,No,No,Yes,No,Month-to-month,No,Electronic check,79.55,79.55,Yes,0.8357,1,High,2025-12-01
8413-YNHNV,Male,No,No,No,69,Yes,Yes,DSL,Yes,Yes,Yes,Yes,Yes,Yes,Two year,No,Mailed check,90.65,6322.1,No,0.0419,0,Low,2026-08-01
5808-TOTXO,Female,No,No,Yes,3,Yes,No,No,No,No,No,No,No,No,One year,Yes,Credit card (automatic),20.55,57.4,No,0.2355,0,Low,2026-01-01
4369-NYSCF,Male,No,No,No,56,Yes,No,DSL,No,Yes,No,Yes,Yes,Yes,One year,Yes,Bank transfer (automatic),75.75,4284.65,No,0.1466,0,Low,2026-07-01
6333-YDVLT,Male,No,No,No,65,Yes,Yes,Fiber optic,Yes,No,Yes,Yes,Yes,Yes,One year,Yes,Credit card (automatic),110.0,7138.65,No,0.294,0,Low,2025-09-01
5324-KTGCG,Male,No,Yes,No,71,Yes,No,No,No,No,No,No,No,No,One year,No,Electronic check,20.85,1539.75,No,0.0211,0,Low,2026-04-01
5599-HVLTW,Female,Yes,No,No,14,Yes,Yes,Fiber optic,No,No,Yes,No,No,No,Month-to-month,Yes,Bank transfer (automatic),80.35,1058.1,No,0.804,1,High,2026-02-01
7394-LWLYN,Female,No,No,No,2,Yes,No,Fiber optic,No,No,No,No,No,No,Month-to-month,Yes,Electronic check,70.15,123.8,No,0.8555,1,High,2026-02-01
3707-LRWZD,Female,No,No,No,32,Yes,Yes,Fiber optic,No,No,No,No,Yes,No,One year,No,Electronic check,84.05,2781.85,Yes,0.5697,0,Medium,2025-12-01
6873-UDNLD,Male,No,No,No,40,Yes,No,DSL,Yes,No,Yes,No,No,Yes,Month-to-month,No,Electronic check,67.45,2731.0,No,0.3166,0,Medium,2026-08-01
2700-LUEVA,Male,No,No,No,1,Yes,No,No,No,No,No,No,No,No,Month-to-month,No,Credit card (automatic),20.75,20.75,No,0.3771,0,Medium,2026-01-01
1455-ESIQH,Male,No,No,No,1,Yes,No,Fiber optic,No,No,No,No,Yes,Yes,Month-to-month,Yes,Electronic check,89.1,89.1,Yes,0.9083,1,High,2026-07-01
0958-YHXGP,Female,No,No,No,7,Yes,No,Fiber optic,No,No,No,No,No,No,Month-to-month,Yes,Mailed check,69.9,497.3,No,0.7889,0,High,2026-02-01
1101-SSWAG,Female,No,Yes,No,15,Yes,Yes,DSL,No,No,No,No,No,No,Month-to-month,Yes,Electronic check,51.1,711.15,No,0.6824,0,High,2025-09-01
2979-SXESE,Female,No,Yes,Yes,17,Yes,Yes,Fiber optic,Yes,No,Yes,No,Yes,No,Month-to-month,No,Electronic check,94.4,1607.2,Yes,0.6696,0,High,2026-07-01
4013-TLDHQ,Male,No,No,No,19,Yes,No,Fiber optic,No,Yes,Yes,No,No,No,Month-to-month,Yes,Electronic check,78.25,1490.95,Yes,0.7474,0,High,2025-11-01
5743-KHMNA,Male,No,No,No,71,Yes,Yes,No,No,No,No,No,No,No,Two year,No,Bank transfer (automatic),25.55,1898.1,No,0.0107,0,Low,2025-12-01
4194-FJARJ,Female,No,Yes,Yes,54,Yes,Yes,DSL,Yes,No,No,Yes,No,No,Two year,No,Bank transfer (automatic),60.0,3273.95,No,0.0259,0,Low,2026-07-01
5325-UWTWJ,Male,No,Yes,No,31,Yes,Yes,Fiber optic,Yes,Yes,No,Yes,No,No,Month-to-month,Yes,Credit card (automatic),90.55,2929.75,No,0.4772,0,Medium,2026-07-01
3969-GYXEL,Female,No,No,No,11,Yes,No,Fiber optic,Yes,No,No,No,No,No,Month-to-month,No,Electronic check,76.4,838.7,No,0.6655,0,High,2026-08-01
9208-OLGAQ,Female,Yes,No,No,18,Yes,No,Fiber optic,No,No,Yes,No,No,Yes,Month-to-month,Yes,Electronic check,84.95,1443.65,No,0.8494,1,High,2026-02-01
3244-CQPHU,Female,Yes,No,No,72,Yes,Yes,Fiber optic,Yes,Yes,No,Yes,Yes,Yes,Two year,Yes,Bank transfer (automatic),110.1,7746.7,No,0.159,0,Low,2026-06-01
2674-MLXMN,Female,Yes,No,No,71,Yes,Yes,Fiber optic,No,Yes,No,No,Yes,Yes,Month-to-month,Yes,Credit card (automatic),99.65,6951.15,No,0.595,0,Medium,2025-12-01
9708-HPXWZ,Male,Yes,No,No,5,No,No,DSL,No,No,Yes,Yes,Yes,No,Month-to-month,No,Credit card (automatic),45.4,214.75,No,0.6443,0,High,2026-05-01
6992-TKNYO,Male,No,Yes,No,38,Yes,Yes,DSL,No,No,Yes,Yes,No,Yes,One year,No,Credit card (automatic),69.0,2669.45,No,0.189,0,Low,2026-03-01
4468-YDOVK,Male,No,No,Yes,5,Yes,No,DSL,No,No,No,Yes,No,No,Month-to-month,Yes,Bank transfer (automatic),48.65,235.2,No,0.4965,0,Medium,2025-09-01
3754-DXMRT,Male,Yes,No,No,2,Yes,No,DSL,No,No,No,No,No,No,Month-to-month,Yes,Electronic check,44.15,92.65,Yes,0.7797,0,High,2026-02-01
5792-JALQC,Female,Yes,No,No,52,Yes,Yes,DSL,Yes,No,Yes,No,No,No,Two year,No,Bank transfer (automatic),59.85,3103.25,No,0.0566,0,Low,2026-02-01
7130-VTEWQ,Female,Yes,No,No,8,Yes,Yes,Fiber optic,No,No,No,No,No,No,Month-to-month,Yes,Electronic check,75.75,606.25,Yes,0.8824,1,High,2025-12-01
2200-DSAAL,Female,No,No,No,68,Yes,Yes,DSL,No,Yes,Yes,No,Yes,Yes,Two year,Yes,Electronic check,80.65,5330.2,No,0.1388,0,Low,2026-01-01
4302-ZYFEL,Male,No,Yes,Yes,69,Yes,No,No,No,No,No,No,No,No,One year,Yes,Credit card (automatic),20.55,1403.1,No,0.0183,0,Low,2026-03-01
9351-LZYGF,Female,No,Yes,No,42,Yes,Yes,DSL,Yes,Yes,No,Yes,No,No,Month-to-month,Yes,Credit card (automatic),66.4,2727.8,No,0.1951,0,Low,2025-09-01
4366-CTOUZ,Female,No,No,No,50,Yes,No,Fiber optic,No,Yes,No,Yes,Yes,Yes,Two year,Yes,Mailed check,100.2,5038.45,No,0.239,0,Low,2025-10-01
6121-VZNQB,Female,No,No,No,1,Yes,No,No,No,No,No,No,No,No,Month-to-month,Yes,Mailed check,19.1,19.1,Yes,0.4802,0,Medium,2026-06-01
7903-CMPEY,Male,Yes,Yes,No,1,Yes,Yes,Fiber optic,Yes,No,No,No,No,No,Month-to-month,Yes,Electronic check,80.3,80.3,Yes,0.8585,1,High,2026-01-01
1518-OMDIK,Male,No,Yes,No,33,Yes,No,DSL,No,No,No,No,No,No,Month-to-month,Yes,Credit card (automatic),44.55,1462.6,No,0.3865,0,Medium,2026-04-01
6671-NGWON,Female,No,No,No,7,Yes,No,No,No,No,No,No,No,No,Month-to-month,No,Mailed check,20.35,150.6,No,0.3271,0,Medium,2026-03-01
0595-ITUDF,Male,No,Yes,Yes,64,Yes,Yes,Fiber optic,Yes,Yes,Yes,No,No,No,Month-to-month,Yes,Electronic check,91.8,5960.5,No,0.371,0,Medium,2026-03-01
6996-KNSML,Female,No,No,No,1,Yes,No,Fiber optic,No,No,Yes,No,No,No,Month-to-month,Yes,Electronic check,74.9,74.9,Yes,0.8535,1,High,2026-01-01
1955-IBMMB,Male,No,No,No,59,Yes,No,No,No,No,No,No,No,No,Two year,Yes,Bank transfer (automatic),20.2,1192.3,No,0.0187,0,Low,2026-02-01
0096-BXERS,Female,No,Yes,No,6,Yes,Yes,DSL,No,No,No,No,No,No,Month-to-month,No,Electronic check,50.35,314.55,No,0.6757,0,High,2026-06-01
3806-YAZOV,Female,No,No,No,3,Yes,No,No,No,No,No,No,No,No,Month-to-month,No,Mailed check,18.8,56.0,No,0.369,0,Medium,2026-08-01
7998-ZLXWN,Female,No,Yes,No,15,Yes,No,No,No,No,No,No,No,No,Month-to-month,No,Credit card (automatic),20.45,330.8,No,0.2461,0,Low,2025-12-01
6253-WRFHY,Male,No,Yes,Yes,13,Yes,No,DSL,No,No,No,No,Yes,Yes,One year,Yes,Electronic check,64.75,877.35,No,0.5512,0,Medium,2026-05-01
9133-AYJZG,Female,No,No,No,23,Yes,Yes,Fiber optic,No,Yes,No,No,Yes,Yes,Month-to-month,Yes,Credit card (automatic),98.7,2249.1,No,0.8032,1,High,2026-08-01
2675-OTVVJ,Male,Yes,Yes,No,31,Yes,Yes,Fiber optic,Yes,No,No,No,Yes,No,Month-to-month,No,Electronic check,89.45,2807.65,No,0.693,0,High,2025-09-01
8680-CGLTP,Male,No,No,No,29,Yes,No,DSL,Yes,Yes,No,Yes,No,No,One year,Yes,Electronic check,58.75,1696.2,No,0.1739,0,Low,2026-06-01
8430-TWCBX,Female,No,Yes,No,49,Yes,No,No,No,No,No,No,No,No,One year,No,Credit card (automatic),20.7,1032.05,No,0.036,0,Low,2026-02-01
5018-GWURO,Female,No,Yes,No,56,Yes,Yes,Fiber optic,No,No,No,No,Yes,No,Month-to-month,Yes,Bank transfer (automatic),85.6,4902.8,No,0.579,0,Medium,2026-08-01
6741-QRLUP,Female,No,No,No,63,Yes,Yes,DSL,Yes,Yes,Yes,Yes,No,Yes,Two year,Yes,Credit card (automatic),80.3,4995.35,No,0.0468,0,Low,2026-03-01
4737-HOBAX,Male,No,Yes,No,63,Yes,Yes,DSL,No,No,Yes,Yes,Yes,Yes,Two year,No,Credit card (automatic),79.8,5034.05,No,0.0713,0,Low,2026-07-01
0537-QYZZN,Male,Yes,Yes,Yes,24,Yes,Yes,Fiber optic,Yes,No,No,No,No,No,Month-to-month,Yes,Electronic check,79.85,1857.75,No,0.7095,0,High,2025-10-01
3340-QBBFM,Male,Yes,Yes,No,36,Yes,No,DSL,No,No,Yes,Yes,No,No,One year,No,Credit card (automatic),54.1,1992.85,No,0.1408,0,Low,2025-10-01
1704-NRWYE,Female,Yes,No,No,9,Yes,No,Fiber optic,No,No,No,No,Yes,No,Month-to-month,Yes,Electronic check,80.85,751.65,Yes,0.8761,1,High,2026-08-01
2592-SEIFQ,Male,No,No,No,3,No,No,DSL,No,No,No,No,No,No,Month-to-month,No,Electronic check,24.75,66.95,Yes,0.7464,0,High,2026-03-01
8200-KLNYW,Female,No,Yes,No,21,Yes,No,DSL,Yes,No,Yes,Yes,Yes,Yes,One year,No,Mailed check,80.9,1714.95,No,0.2073,0,Low,2026-03-01
3372-CDXFJ,Male,No,Yes,Yes,13,Yes,Yes,No,No,No,No,No,No,No,One year,No,Bank transfer (automatic),24.5,343.6,No,0.1505,0,Low,2025-11-01
4781-ZXYGU,Male,No,Yes,Yes,1,Yes,No,No,No,No,No,No,No,No,Month-to-month,Yes,Bank transfer (automatic),20.15,20.15,No,0.4078,0,Medium,2025-11-01
7632-YUTXB,Female,No,Yes,Yes,25,Yes,No,No,No,No,No,No,No,No,One year,No,Mailed check,20.05,520.1,No,0.0799,0,Low,2026-06-01
2718-YSKCS,Male,No,Yes,Yes,71,Yes,No,No,No,No,No,No,No,No,Two year,Yes,Bank transfer (automatic),19.6,1387.45,No,0.0089,0,Low,2025-12-01
9896-UYMIE,Male,No,No,No,66,Yes,Yes,Fiber optic,Yes,Yes,Yes,Yes,Yes,Yes,One year,Yes,Bank transfer (automatic),114.3,7383.7,No,0.2581,0,Low,2026-04-01
0853-NWIFK,Female,No,No,No,45,Yes,No,Fiber optic,Yes,Yes,No,No,Yes,Yes,One year,Yes,Electronic check,100.3,4483.95,No,0.4586,0,Medium,2025-12-01
8212-CRQXP,Female,No,Yes,No,22,Yes,No,Fiber optic,No,No,No,No,Yes,No,Month-to-month,Yes,Credit card (automatic),80.0,1706.45,No,0.7311,0,High,2025-12-01
6980-CDGFC,Female,No,Yes,No,67,Yes,No,No,No,No,No,No,No,No,One year,Yes,Bank transfer (automatic),20.85,1327.4,No,0.0239,0,Low,2025-10-01
7691-XVTZH,Female,No,Yes,No,68,Yes,Yes,Fiber optic,No,No,Yes,No,Yes,No,Two year,Yes,Bank transfer (automatic),89.95,5974.3,No,0.197,0,Low,2026-08-01
2520-SGTTA,Female,No,Yes,Yes,0,Yes,No,No,No,No,No,No,No,No,Two year,No,Mailed check,20.0,0.0,No,0.118,0,Low,2026-08-01
7481-ATQQS,Female,Yes,No,No,49,Yes,Yes,Fiber optic,No,No,Yes,No,No,Yes,Month-to-month,Yes,Credit card (automatic),90.85,4515.85,Yes,0.6924,0,High,2025-10-01
2277-VWCNI,Female,Yes,No,No,4,Yes,Yes,DSL,No,No,No,No,No,No,Month-to-month,No,Mailed check,48.75,179.85,No,0.6709,0,High,2026-01-01
1088-CNNKB,Male,No,Yes,No,63,Yes,Yes,DSL,Yes,Yes,Yes,Yes,No,Yes,One year,No,Credit card (automatic),80.0,5040.2,No,0.0609,0,Low,2026-03-01
8642-GVWRF,Female,No,Yes,No,2,Yes,No,Fiber optic,No,Yes,Yes,No,No,No,Month-to-month,No,Bank transfer (automatic),79.7,165.0,Yes,0.6893,0,High,2026-01-01
1930-BZLHI,Male,No,No,No,21,Yes,No,No,No,No,No,No,No,No,One year,Yes,Mailed check,20.35,422.7,No,0.1615,0,Low,2026-05-01
3400-ESFUW,Male,No,Yes,Yes,55,Yes,No,DSL,Yes,Yes,No,Yes,No,No,Two year,No,Bank transfer (automatic),57.55,3046.4,Yes,0.0165,0,Low,2025-12-01
5868-YTYKS,Male,No,No,Yes,1,Yes,No,No,No,No,No,No,No,No,Month-to-month,Yes,Mailed check,20.25,20.25,No,0.4251,0,Medium,2025-09-01
3525-DVKFN,Female,No,No,No,17,Yes,No,No,No,No,No,No,No,No,Two year,No,Mailed check,19.4,358.05,No,0.0768,0,Low,2026-01-01
1482-OXZSY,Male,No,No,No,30,Yes,Yes,Fiber optic,Yes,No,No,No,Yes,Yes,Month-to-month,Yes,Bank transfer (automatic),100.4,2936.25,No,0.7239,0,High,2026-04-01
0377-JBKKT,Male,No,Yes,Yes,22,Yes,No,DSL,Yes,Yes,No,Yes,No,No,Month-to-month,Yes,Mailed check,57.95,1271.8,No,0.2412,0,Low,2025-11-01
5778-BVOFB,Female,No,No,No,9,Yes,No,DSL,No,No,No,Yes,Yes,No,Month-to-month,Yes,Bank transfer (automatic),59.5,530.05,No,0.5605,0,Medium,2026-06-01
3373-YZZYM,Male,No,Yes,Yes,1,Yes,No,No,No,No,No,No,No,No,Month-to-month,No,Mailed check,19.2,19.2,No,0.3371,0,Medium,2025-09-01
2057-ZBLPD,Female,No,Yes,No,21,Yes,Yes,Fiber optic,No,No,No,No,No,Yes,Month-to-month,Yes,Electronic check,86.5,1808.7,Yes,0.8486,1,High,2025-09-01
0228-MAUWC,Male,No,No,No,19,Yes,Yes,DSL,No,No,Yes,Yes,No,No,Month-to-month,No,Electronic check,59.55,1144.6,No,0.4784,0,Medium,2026-03-01
5502-RLUYV,Female,No,Yes,Yes,69,Yes,Yes,Fiber optic,No,Yes,Yes,No,Yes,Yes,Month-to-month,Yes,Electronic check,103.95,7446.9,Yes,0.6148,0,High,2026-03-01
0023-HGHWL,Male,Yes,No,No,1,No,No,DSL,No,No,No,No,No,No,Month-to-month,Yes,Electronic check,25.1,25.1,Yes,0.8496,1,High,2025-12-01
7663-YJHSN,Female,No,Yes,No,72,Yes,Yes,Fiber optic,Yes,Yes,Yes,Yes,Yes,No,Two year,Yes,Bank transfer (automatic),103.95,7556.9,No,0.0976,0,Low,2025-12-01
4915-BFSXL,Male,No,Yes,Yes,70,Yes,Yes,DSL,Yes,No,Yes,No,Yes,No,Two year,No,Credit card (automatic),68.95,4858.7,No,0.0298,0,Low,2025-09-01
3086-RUCRN,Female,No,No,No,66,Yes,Yes,Fiber optic,Yes,Yes,Yes,Yes,No,Yes,Month-to-month,Yes,Bank transfer (automatic),103.1,6595.0,No,0.3321,0,Medium,2026-04-01
5215-LNLDJ,Female,No,Yes,Yes,7,No,No,DSL,No,No,No,No,No,No,Month-to-month,Yes,Electronic check,24.7,149.05,No,0.7361,0,High,2026-01-01
7576-JMYWV,Female,Yes,Yes,Yes,46,Yes,Yes,Fiber optic,Yes,Yes,No,Yes,Yes,Yes,Month-to-month,Yes,Electronic check,110.2,4972.1,No,0.603,0,High,2025-10-01
9039-RBEEE,Male,No,No,No,39,No,No,DSL,Yes,Yes,No,Yes,Yes,No,Month-to-month,Yes,Credit card (automatic),48.95,1880.85,Yes,0.2674,0,Low,2026-01-01
0257-KXZGU,Female,No,Yes,Yes,32,Yes,Yes,DSL,No,Yes,Yes,No,No,No,Month-to-month,No,Bank transfer (automatic),62.45,2045.55,No,0.2756,0,Low,2026-08-01
1307-ATKGB,Male,No,No,No,24,Yes,No,Fiber optic,No,Yes,Yes,No,No,Yes,Month-to-month,Yes,Electronic check,89.55,2187.15,No,0.7786,0,High,2025-12-01
8417-FMLZI,Male,No,Yes,Yes,6,Yes,No,Fiber optic,No,Yes,No,No,No,Yes,Month-to-month,Yes,Credit card (automatic),83.55,477.55,Yes,0.7666,0,High,2026-07-01
3714-XPXBW,Female,No,No,No,37,Yes,Yes,DSL,Yes,Yes,Yes,Yes,Yes,No,Month-to-month,Yes,Credit card (automatic),78.9,2976.95,No,0.2764,0,Low,2025-12-01
1850-AKQEP,Male,No,No,Yes,8,Yes,No,No,No,No,No,No,No,No,Month-to-month,No,Mailed check,20.35,178.7,No,0.2743,0,Low,2025-11-01
2824-DXNKN,Female,No,Yes,Yes,72,Yes,Yes,DSL,Yes,No,Yes,No,Yes,No,Two year,Yes,Bank transfer (automatic),71.45,5025.85,No,0.0383,0,Low,2025-12-01
5227-JSCFE,Male,Yes,Yes,No,71,No,No,DSL,Yes,Yes,Yes,Yes,No,No,Two year,No,Credit card (automatic),46.35,3353.4,No,0.0182,0,Low,2025-12-01
0848-ZGQIJ,Female,No,Yes,No,16,Yes,No,Fiber optic,No,Yes,No,No,Yes,Yes,Month-to-month,Yes,Bank transfer (automatic),94.65,1461.15,No,0.7864,0,High,2025-10-01
3621-CHYVB,Female,No,Yes,No,57,No,No,DSL,Yes,No,Yes,Yes,No,Yes,Month-to-month,Yes,Bank transfer (automatic),49.9,2782.4,No,0.1838,0,Low,2026-04-01
8042-RNLKO,Male,No,No,No,66,Yes,Yes,No,No,No,No,No,No,No,One year,No,Bank transfer (automatic),25.45,1699.15,No,0.0242,0,Low,2026-01-01
1792-UXAFY,Female,Yes,No,No,17,Yes,No,Fiber optic,No,Yes,Yes,No,Yes,No,Month-to-month,Yes,Electronic check,89.15,1496.9,Yes,0.8215,1,High,2026-05-01
5372-FBKBN,Female,No,No,Yes,21,Yes,No,No,No,No,No,No,No,No,Month-to-month,No,Mailed check,20.75,452.2,No,0.1754,0,Low,2026-02-01
0420-TXVSG,Male,No,Yes,No,66,Yes,Yes,DSL,Yes,Yes,Yes,No,No,No,Two year,Yes,Credit card (automatic),66.1,4428.45,No,0.0402,0,Low,2026-02-01
6217-TOWGS,Female,No,Yes,No,17,Yes,Yes,DSL,No,Yes,No,No,Yes,Yes,Month-to-month,Yes,Bank transfer (automatic),75.4,1322.55,No,0.6695,0,High,2026-02-01
0515-YPMCW,Male,No,No,Yes,1,Yes,No,Fiber optic,No,No,No,No,No,No,Month-to-month,Yes,Mailed check,70.45,70.45,Yes,0.784,0,High,2025-10-01
0378-XSZPU,Male,No,Yes,No,58,Yes,No,DSL,Yes,Yes,Yes,No,No,No,One year,No,Credit card (automatic),60.3,3563.8,Yes,0.0499,0,Low,2026-05-01
1045-LTCYT,Female,No,Yes,Yes,8,Yes,No,No,No,No,No,No,No,No,Month-to-month,No,Credit card (automatic),21.05,139.75,No,0.2558,0,Low,2025-10-01
1544-JJMYL,Male,No,No,No,27,Yes,No,DSL,Yes,No,Yes,Yes,Yes,No,One year,No,Credit card (automatic),69.35,1927.3,No,0.1364,0,Low,2026-05-01
4636-JGAAI,Male,No,Yes,No,34,Yes,Yes,Fiber optic,No,Yes,No,No,No,Yes,Month-to-month,No,Mailed check,88.85,3000.25,No,0.636,0,High,2026-08-01
6874-SGLHU,Male,No,No,No,30,Yes,No,Fiber optic,No,Yes,No,No,Yes,Yes,One year,Yes,Bank transfer (automatic),97.0,3021.3,No,0.5691,0,Medium,2026-06-01
5951-AOFIH,Male,No,No,No,33,Yes,No,DSL,No,Yes,Yes,No,Yes,No,Month-to-month,Yes,Credit card (automatic),66.4,2245.4,No,0.4121,0,Medium,2026-02-01
4729-XKASR,Male,No,No,Yes,1,No,No,DSL,No,No,No,No,No,No,Month-to-month,No,Electronic check,24.75,24.75,Yes,0.7182,0,High,2025-12-01
3059-NGMXB,Male,No,Yes,Yes,14,Yes,Yes,DSL,Yes,Yes,No,No,No,Yes,Month-to-month,No,Mailed check,69.2,944.65,No,0.4099,0,Medium,2026-07-01
8652-YHIYU,Female,No,No,Yes,16,Yes,Yes,Fiber optic,No,No,No,Yes,No,No,One year,Yes,Credit card (automatic),79.5,1264.2,No,0.4798,0,Medium,2025-12-01
5278-PNYOX,Female,No,No,No,49,Yes,No,Fiber optic,No,No,Yes,Yes,Yes,Yes,Two year,No,Credit card (automatic),100.65,4917.75,No,0.1918,0,Low,2026-02-01
5449-FIBXJ,Male,No,Yes,Yes,19,Yes,Yes,Fiber optic,No,No,Yes,Yes,Yes,Yes,Month-to-month,No,Electronic check,103.3,2012.7,Yes,0.743,0,High,2026-06-01
3486-HOOGQ,Female,No,Yes,Yes,70,Yes,Yes,DSL,Yes,Yes,Yes,Yes,Yes,No,Two year,No,Bank transfer (automatic),79.7,5743.3,No,0.0202,0,Low,2026-08-01
5061-PBXFW,Female,No,Yes,Yes,32,Yes,No,DSL,Yes,Yes,No,Yes,No,No,Month-to-month,No,Bank transfer (automatic),61.4,1864.65,No,0.1215,0,Low,2026-08-01
8630-FJLIB,Female,No,No,No,18,Yes,No,Fiber optic,No,No,No,No,No,No,Month-to-month,Yes,Electronic check,69.8,1221.65,No,0.7814,0,High,2025-10-01
3891-NLXJB,Male,No,No,No,37,No,No,DSL,Yes,Yes,No,Yes,No,No,Two year,Yes,Mailed check,40.55,1390.85,No,0.0743,0,Low,2026-07-01
4749-OJKQU,Female,No,No,No,4,Yes,Yes,Fiber optic,No,No,No,No,No,No,Month-to-month,Yes,Electronic check,75.65,302.35,No,0.8745,1,High,2025-10-01
0577-WHMEV,Female,No,Yes,No,16,Yes,Yes,Fiber optic,Yes,Yes,Yes,No,No,No,Month-to-month,No,Electronic check,90.7,1374.9,No,0.635,0,High,2026-04-01
5453-AXEPF,Male,No,Yes,No,17,Yes,Yes,Fiber optic,No,Yes,No,No,No,No,Month-to-month,Yes,Bank transfer (automatic),80.5,1336.9,No,0.7339,0,High,2026-08-01
3639-XJHKQ,Female,No,No,Yes,19,Yes,No,DSL,Yes,Yes,Yes,No,No,No,Month-to-month,Yes,Electronic check,60.6,1297.8,No,0.4005,0,Medium,2026-04-01
3716-LRGXK,Male,No,Yes,No,60,Yes,Yes,Fiber optic,No,No,Yes,No,Yes,Yes,Two year,No,Credit card (automatic),101.15,6067.4,No,0.2503,0,Low,2026-08-01
2263-SFSQZ,Male,No,Yes,Yes,51,Yes,Yes,No,No,No,No,No,No,No,Two year,Yes,Mailed check,24.95,1222.25,No,0.0285,0,Low,2026-01-01
9950-MTGYX,Male,No,Yes,Yes,28,Yes,No,No,No,No,No,No,No,No,Two year,Yes,Credit card (automatic),20.3,487.95,No,0.053,0,Low,2025-12-01
3397-AVTKU,Male,No,No,No,43,Yes,No,DSL,No,Yes,No,No,No,Yes,Two year,Yes,Electronic check,60.0,2548.55,No,0.1691,0,Low,2025-12-01
4825-FUREZ,Male,No,Yes,No,42,Yes,No,No,No,No,No,No,No,No,Two year,No,Electronic check,20.25,835.5,No,0.0373,0,Low,2026-01-01
9837-BMCLM,Male,No,No,No,3,Yes,No,Fiber optic,No,No,No,No,Yes,No,Month-to-month,Yes,Electronic check,78.5,242.05,Yes,0.878,1,High,2026-05-01
2672-OJQZP,Female,No,No,No,1,Yes,No,DSL,No,No,No,No,No,No,Month-to-month,No,Mailed check,44.75,44.75,No,0.5972,0,Medium,2026-02-01
0137-UDEUO,Female,No,No,No,3,Yes,No,No,No,No,No,No,No,No,Month-to-month,No,Mailed check,19.85,63.75,Yes,0.3667,0,Medium,2026-05-01
3134-DSHVC,Female,No,No,No,63,Yes,Yes,Fiber optic,Yes,Yes,Yes,No,Yes,No,Two year,No,Credit card (automatic),98.0,6218.45,No,0.1126,0,Low,2026-01-01
6161-UUUTA,Male,Yes,No,No,3,Yes,No,Fiber optic,No,No,No,No,Yes,No,Month-to-month,Yes,Electronic check,79.9,260.9,Yes,0.8964,1,High,2025-12-01
7821-DPRQE,Male,No,Yes,No,68,Yes,Yes,Fiber optic,Yes,Yes,No,Yes,Yes,Yes,Month-to-month,Yes,Electronic check,107.7,7320.9,No,0.497,0,Medium,2025-11-01
6543-XRMYR,Female,Yes,No,No,30,Yes,Yes,Fiber optic,No,Yes,No,No,Yes,Yes,Month-to-month,Yes,Electronic check,99.7,2967.35,Yes,0.856,1,High,2026-03-01
2001-EWBQU,Female,No,No,No,60,Yes,Yes,Fiber optic,No,Yes,Yes,No,Yes,Yes,Two year,No,Electronic check,104.7,6333.8,No,0.299,0,Low,2026-07-01
4925-LMHOK,Male,No,No,No,15,Yes,Yes,DSL,No,Yes,No,Yes,No,No,Month-to-month,Yes,Credit card (automatic),58.6,939.7,Yes,0.4883,0,Medium,2026-07-01
1608-GMEWB,Male,Yes,No,No,45,Yes,Yes,Fiber optic,No,No,No,No,Yes,Yes,Month-to-month,Yes,Bank transfer (automatic),93.9,4200.25,No,0.7669,0,High,2025-12-01
6695-AMZUF,Female,No,Yes,No,70,Yes,No,DSL,Yes,Yes,Yes,Yes,Yes,Yes,Two year,No,Credit card (automatic),86.45,5950.2,No,0.0273,0,Low,2026-02-01
1455-UGQVH,Male,No,Yes,No,10,Yes,Yes,Fiber optic,No,No,Yes,No,Yes,Yes,Month-to-month,Yes,Electronic check,98.5,1037.75,Yes,0.9043,1,High,2026-05-01
8410-BGQXN,Male,No,No,No,4,Yes,No,No,No,No,No,No,No,No,Month-to-month,No,Mailed check,19.4,93.4,No,0.3628,0,Medium,2026-04-01
8280-MQRQN,Female,No,No,No,1,Yes,No,DSL,No,No,Yes,No,No,No,Month-to-month,Yes,Mailed check,50.45,50.45,Yes,0.6697,0,High,2025-09-01
1619-YWUBB,Female,No,Yes,No,68,Yes,Yes,No,No,No,No,No,No,No,Two year,Yes,Credit card (automatic),24.95,1614.9,No,0.0166,0,Low,2026-04-01
7611-YKYTC,Male,No,Yes,Yes,22,Yes,No,Fiber optic,Yes,No,No,No,No,No,Month-to-month,No,Bank transfer (automatic),75.0,1573.95,No,0.4395,0,Medium,2025-09-01
2037-SGXHH,Male,No,Yes,Yes,38,Yes,Yes,Fiber optic,No,Yes,Yes,No,Yes,No,Month-to-month,Yes,Electronic check,94.65,3624.3,Yes,0.693,0,High,2025-10-01
3178-FESZO,Female,No,No,No,1,Yes,Yes,Fiber optic,No,Yes,No,No,Yes,Yes,Month-to-month,Yes,Credit card (automatic),100.25,100.25,Yes,0.8748,1,High,2026-04-01
0365-GXEZS,Male,No,Yes,No,18,Yes,No,Fiber optic,No,No,Yes,Yes,No,No,Month-to-month,No,Electronic check,78.2,1468.75,No,0.6338,0,High,2025-10-01
0082-OQIQY,Male,No,No,No,29,Yes,No,Fiber optic,No,No,No,Yes,Yes,Yes,Month-to-month,Yes,Electronic check,94.2,2607.6,No,0.7614,0,High,2026-01-01
6087-MVHJH,Female,No,No,No,16,Yes,Yes,Fiber optic,No,No,Yes,No,No,Yes,Month-to-month,Yes,Electronic check,88.45,1422.1,Yes,0.8656,1,High,2026-04-01
4603-JANFB,Male,No,No,No,1,Yes,No,Fiber optic,No,No,No,No,No,No,Month-to-month,Yes,Electronic check,69.85,69.85,Yes,0.8624,1,High,2026-04-01
3018-TFTSU,Male,No,No,No,12,Yes,No,Fiber optic,Yes,No,Yes,No,No,No,Month-to-month,No,Bank transfer (automatic),81.7,858.6,Yes,0.5582,0,Medium,2026-02-01
3606-SBKRY,Male,No,No,No,31,No,No,DSL,No,No,Yes,No,Yes,Yes,One year,Yes,Electronic check,50.05,1523.4,No,0.532,0,Medium,2025-10-01
4806-KEXQR,Male,No,No,No,4,Yes,No,Fiber optic,No,No,No,No,No,Yes,Month-to-month,Yes,Electronic check,79.9,324.3,Yes,0.8826,1,High,2026-06-01
0667-NSRGI,Female,No,Yes,No,48,Yes,Yes,DSL,No,No,Yes,Yes,No,Yes,One year,Yes,Mailed check,69.55,3435.6,No,0.2047,0,Low,2026-08-01
7083-YNSKY,Female,No,No,No,15,Yes,Yes,No,No,No,No,No,No,No,Month-to-month,Yes,Credit card (automatic),25.4,399.6,Yes,0.3786,0,Medium,2026-07-01
6893-ODYYE,Male,No,No,No,50,Yes,No,Fiber optic,Yes,Yes,Yes,Yes,No,No,One year,Yes,Credit card (automatic),90.1,4549.45,No,0.1675,0,Low,2026-05-01
8242-JSVBO,Male,No,No,No,7,Yes,No,DSL,No,No,No,No,No,No,Month-to-month,Yes,Bank transfer (automatic),44.65,322.5,No,0.624,0,High,2026-01-01
2479-BRAMR,Male,Yes,Yes,No,41,Yes,Yes,Fiber optic,Yes,No,Yes,No,No,No,Month-to-month,Yes,Bank transfer (automatic),83.75,3273.55,Yes,0.5557,0,Medium,2026-07-01
9541-ZPSEA,Male,No,Yes,Yes,68,Yes,No,Fiber optic,Yes,No,Yes,No,No,No,Two year,No,Credit card (automatic),80.35,5375.15,No,0.0494,0,Low,2026-02-01
2665-NPTGL,Female,Yes,Yes,No,26,Yes,Yes,Fiber optic,No,No,Yes,No,Yes,Yes,Month-to-month,Yes,Bank transfer (automatic),98.1,2510.7,No,0.8364,1,High,2025-10-01
1139-WUOAH,Male,No,No,No,57,No,No,DSL,No,No,Yes,Yes,Yes,Yes,Two year,No,Credit card (automatic),53.35,3090.05,No,0.0779,0,Low,2026-07-01
4693-VWVBO,Female,No,No,No,3,Yes,No,No,No,No,No,No,No,No,Month-to-month,No,Electronic check,19.55,61.05,No,0.442,0,Medium,2025-12-01
7434-SHXLS,Female,No,No,No,1,Yes,No,No,No,No,No,No,No,No,Month-to-month,No,Mailed check,20.9,20.9,Yes,0.3838,0,Medium,2026-08-01
6937-GCDGQ,Male,No,Yes,Yes,19,Yes,No,DSL,Yes,No,No,No,No,No,One year,Yes,Bank transfer (automatic),48.95,955.6,No,0.2131,0,Low,2026-01-01
0988-JRWWP,Female,No,No,No,3,Yes,No,DSL,No,No,No,No,Yes,No,Month-to-month,Yes,Electronic check,54.2,140.4,No,0.7669,0,High,2026-07-01
5075-JSDKI,Female,No,No,No,59,Yes,Yes,No,No,No,No,No,No,No,Two year,No,Electronic check,24.45,1493.1,No,0.0245,0,Low,2026-03-01
7908-QCBCA,Female,No,Yes,No,1,Yes,No,Fiber optic,No,No,No,No,No,No,Month-to-month,Yes,Mailed check,69.4,69.4,Yes,0.8176,1,High,2026-02-01
8644-XYTSV,Male,No,Yes,No,42,No,No,DSL,Yes,No,No,No,Yes,No,Month-to-month,Yes,Bank transfer (automatic),40.15,1626.05,No,0.3357,0,Medium,2025-12-01
6711-FLDFB,Female,No,No,No,7,Yes,Yes,Fiber optic,No,No,No,No,No,No,Month-to-month,Yes,Electronic check,74.9,541.15,Yes,0.8655,1,High,2026-07-01
3873-WOSBC,Male,No,Yes,No,67,Yes,Yes,No,No,No,No,No,No,No,Two year,No,Credit card (automatic),25.6,1784.9,No,0.0126,0,Low,2025-09-01
7465-ZZRVX,Male,No,No,No,1,Yes,No,Fiber optic,No,No,No,No,No,No,Month-to-month,Yes,Electronic check,70.35,70.35,No,0.8617,1,High,2026-02-01
7975-JMZNT,Male,No,Yes,No,66,Yes,Yes,DSL,Yes,Yes,Yes,Yes,Yes,Yes,Two year,No,Bank transfer (automatic),91.7,6075.9,No,0.042,0,Low,2026-01-01
7251-XFOIL,Female,No,No,No,61,Yes,Yes,Fiber optic,No,No,Yes,No,No,Yes,Month-to-month,No,Mailed check,89.2,5500.6,No,0.4908,0,Medium,2026-03-01
4116-IQRFR,Male,No,Yes,Yes,4,Yes,Yes,No,No,No,No,No,No,No,One year,No,Credit card (automatic),24.1,73.1,No,0.2059,0,Low,2025-12-01
3714-JTVOV,Female,Yes,Yes,No,42,Yes,No,Fiber optic,Yes,No,No,No,No,No,Month-to-month,Yes,Credit card (automatic),74.15,3229.4,Yes,0.4971,0,Medium,2026-04-01
8259-DZLIZ,Female,No,Yes,Yes,64,Yes,Yes,DSL,No,Yes,No,No,No,No,One year,Yes,Bank transfer (automatic),53.85,3399.85,No,0.0816,0,Low,2026-01-01
0442-ZXKVS,Female,Yes,Yes,No,54,Yes,Yes,Fiber optic,Yes,Yes,Yes,Yes,Yes,Yes,One year,Yes,Bank transfer (automatic),115.6,6431.05,No,0.3654,0,Medium,2025-11-01
7853-WNZSY,Male,No,No,No,1,Yes,No,No,No,No,No,No,No,No,Month-to-month,Yes,Credit card (automatic),19.75,19.75,No,0.4709,0,Medium,2025-11-01
3120-FAZKD,Male,No,Yes,Yes,54,Yes,Yes,No,No,No,No,No,No,No,Two year,Yes,Bank transfer (automatic),24.05,1230.9,No,0.0237,0,Low,2026-05-01
8606-OEGQZ,Female,No,No,Yes,18,Yes,Yes,No,No,No,No,No,No,No,Two year,No,Credit card (automatic),25.3,454.65,No,0.0706,0,Low,2025-12-01
0225-ZORZP,Male,No,No,No,3,Yes,No,Fiber optic,No,Yes,No,No,No,Yes,Month-to-month,No,Electronic check,84.3,235.05,No,0.8165,1,High,2025-12-01
4702-IOQDC,Female,No,No,No,1,Yes,No,Fiber optic,No,No,No,No,No,No,Month-to-month,Yes,Electronic check,70.1,70.1,Yes,0.8598,1,High,2026-04-01
9489-JMTTN,Female,No,Yes,Yes,72,Yes,Yes,DSL,Yes,Yes,Yes,Yes,Yes,Yes,Two year,No,Credit card (automatic),89.75,6595.9,No,0.0291,0,Low,2025-12-01
0575-CUQOV,Male,Yes,Yes,No,60,Yes,No,Fiber optic,No,Yes,Yes,No,Yes,Yes,One year,Yes,Electronic check,97.95,5867.0,No,0.5125,0,Medium,2026-01-01
0967-BMLBD,Female,No,Yes,Yes,11,Yes,No,No,No,No,No,No,No,No,One year,Yes,Mailed check,20.0,196.35,No,0.1854,0,Low,2025-11-01
6178-KFNHS,Female,No,No,Yes,12,Yes,Yes,Fiber optic,Yes,No,No,No,No,No,Month-to-month,Yes,Electronic check,78.3,909.25,Yes,0.7426,0,High,2026-01-01
2830-LEWOA,Male,No,Yes,Yes,61,Yes,No,Fiber optic,No,Yes,Yes,Yes,Yes,Yes,One year,No,Credit card (automatic),103.9,6449.15,No,0.1958,0,Low,2026-05-01
5006-MXVRN,Female,No,No,No,39,Yes,No,No,No,No,No,No,No,No,Two year,No,Credit card (automatic),20.7,762.45,No,0.0294,0,Low,2026-03-01
1264-BYWMS,Male,No,No,No,55,Yes,Yes,Fiber optic,No,No,No,No,Yes,Yes,Month-to-month,Yes,Electronic check,96.8,5283.95,Yes,0.7514,0,High,2026-08-01
9658-WYUFB,Female,No,No,No,17,Yes,Yes,Fiber optic,Yes,Yes,No,No,Yes,No,Month-to-month,Yes,Electronic check,94.4,1617.5,Yes,0.7676,0,High,2026-06-01
8327-WKMIE,Male,No,No,No,37,Yes,No,No,No,No,No,No,No,No,One year,No,Credit card (automatic),20.15,785.75,No,0.0605,0,Low,2025-09-01
6917-FIJHC,Female,No,Yes,No,72,Yes,Yes,No,No,No,No,No,No,No,Two year,Yes,Mailed check,26.0,1776.0,No,0.0148,0,Low,2026-01-01
5329-KRDTM,Male,Yes,Yes,No,72,Yes,Yes,DSL,No,Yes,Yes,Yes,Yes,No,Two year,No,Credit card (automatic),77.35,5396.25,No,0.0394,0,Low,2025-12-01
7797-EJMDP,Female,No,No,No,8,Yes,No,DSL,Yes,No,No,Yes,No,Yes,Month-to-month,No,Bank transfer (automatic),66.05,574.5,No,0.3915,0,Medium,2026-04-01
3530-VWVGU,Female,No,Yes,Yes,22,Yes,No,No,No,No,No,No,No,No,Month-to-month,No,Mailed check,19.9,400.3,No,0.1668,0,Low,2025-12-01
2013-SGDXK,Female,No,No,No,1,Yes,No,Fiber optic,No,Yes,No,No,Yes,No,Month-to-month,No,Electronic check,84.3,84.3,Yes,0.8095,1,High,2026-08-01
6368-NWMCE,Female,No,No,No,38,Yes,Yes,DSL,No,Yes,No,Yes,No,Yes,Month-to-month,No,Credit card (automatic),68.15,2656.3,No,0.2958,0,Low,2025-12-01
3633-CDBUW,Male,No,No,Yes,17,Yes,No,DSL,No,Yes,Yes,Yes,Yes,Yes,One year,No,Electronic check,80.85,1445.95,No,0.3,0,Low,2026-03-01
0707-HOVVN,Female,Yes,No,No,70,Yes,Yes,DSL,No,Yes,Yes,Yes,Yes,No,Two year,Yes,Bank transfer (automatic),75.5,5212.65,No,0.0593,0,Low,2025-10-01
8580-QVLOC,Female,Yes,Yes,Yes,72,Yes,Yes,DSL,Yes,Yes,Yes,Yes,Yes,Yes,Two year,No,Credit card (automatic),92.45,6440.25,Yes,0.033,0,Low,2026-07-01
3956-MGXOG,Female,No,No,No,28,Yes,No,Fiber optic,No,No,No,No,No,Yes,Month-to-month,Yes,Electronic check,80.6,2244.95,No,0.7842,0,High,2026-07-01
9274-UARKJ,Female,No,No,No,15,Yes,No,Fiber optic,No,Yes,No,No,Yes,No,Month-to-month,Yes,Bank transfer (automatic),83.2,1130.0,No,0.7381,0,High,2026-06-01
4077-HWUYD,Male,No,Yes,Yes,72,Yes,Yes,DSL,Yes,Yes,Yes,Yes,Yes,Yes,Two year,Yes,Bank transfer (automatic),87.55,6463.15,No,0.0418,0,Low,2026-01-01
2012-NWRPA,Female,Yes,Yes,No,11,Yes,Yes,Fiber optic,No,No,Yes,No,Yes,Yes,Month-to-month,Yes,Electronic check,99.55,1131.2,Yes,0.9157,1,High,2025-09-01
8808-ELEHO,Male,Yes,No,No,8,Yes,Yes,Fiber optic,No,No,Yes,No,No,No,Month-to-month,Yes,Electronic check,81.25,585.95,Yes,0.8775,1,High,2026-05-01
0103-CSITQ,Female,No,Yes,No,57,Yes,Yes,Fiber optic,No,Yes,Yes,Yes,Yes,Yes,One year,Yes,Bank transfer (automatic),109.4,6252.7,No,0.3826,0,Medium,2026-02-01
3506-LCJDC,Male,No,Yes,Yes,1,Yes,No,No,No,No,No,No,No,No,Month-to-month,No,Bank transfer (automatic),19.95,19.95,Yes,0.3218,0,Medium,2026-08-01
8671-KKKOS,Female,No,Yes,No,46,No,No,DSL,Yes,Yes,No,No,Yes,No,Month-to-month,No,Electronic check,45.55,2062.15,No,0.2723,0,Low,2026-05-01
7305-ZWMAJ,Male,No,Yes,No,30,Yes,No,No,No,No,No,No,No,No,One year,No,Credit card (automatic),20.7,587.1,No,0.0778,0,Low,2026-03-01
9518-XXBXE,Male,Yes,Yes,No,10,Yes,No,Fiber optic,Yes,No,No,No,No,No,Month-to-month,No,Electronic check,75.3,720.45,No,0.716,0,High,2026-08-01
3934-HXCFZ,Male,No,Yes,No,23,Yes,Yes,Fiber optic,Yes,Yes,Yes,No,Yes,No,Month-to-month,Yes,Electronic check,99.25,2186.4,Yes,0.7299,0,High,2026-06-01
6578-KRMAW,Male,No,No,No,32,Yes,No,Fiber optic,Yes,Yes,Yes,No,No,Yes,Month-to-month,Yes,Credit card (automatic),93.4,2979.3,No,0.5681,0,Medium,2026-02-01
4860-IJUDE,Male,No,No,No,13,Yes,No,Fiber optic,Yes,No,No,No,No,No,Month-to-month,Yes,Credit card (automatic),73.75,956.65,No,0.6645,0,High,2025-09-01
7666-WKRON,Female,No,No,No,39,Yes,No,Fiber optic,No,No,Yes,Yes,No,No,Two year,Yes,Electronic check,80.45,3201.55,Yes,0.2569,0,Low,2025-10-01
9688-YGXVR,Female,No,No,No,44,Yes,No,Fiber optic,No,Yes,Yes,No,Yes,No,Month-to-month,Yes,Credit card (automatic),88.15,3973.2,No,0.5659,0,Medium,2026-02-01
0423-UDIJQ,Male,Yes,No,No,9,Yes,No,DSL,No,No,No,Yes,No,No,Month-to-month,No,Mailed check,49.2,447.9,No,0.4876,0,Medium,2026-03-01
1945-XISKS,Female,No,Yes,No,67,Yes,No,No,No,No,No,No,No,No,Two year,No,Mailed check,19.65,1335.2,No,0.0095,0,Low,2025-09-01
4910-AQFFX,Male,No,Yes,Yes,9,Yes,Yes,Fiber optic,No,No,Yes,No,No,No,Month-to-month,Yes,Bank transfer (automatic),79.35,661.25,Yes,0.7599,0,High,2025-10-01
2154-KVJFF,Female,No,No,No,15,Yes,Yes,Fiber optic,No,Yes,No,No,No,No,Month-to-month,Yes,Electronic check,79.75,1111.85,Yes,0.807,1,High,2026-05-01
5360-LJCNJ,Female,No,Yes,No,71,Yes,Yes,Fiber optic,No,Yes,Yes,No,Yes,Yes,Two year,Yes,Bank transfer (automatic),105.15,7555.0,No,0.248,0,Low,2026-06-01
2607-FBDFF,Male,No,No,No,1,Yes,No,DSL,No,No,No,Yes,No,No,Month-to-month,No,Credit card (automatic),49.0,49.0,No,0.4989,0,Medium,2025-09-01
9647-ERGBE,Female,No,Yes,Yes,30,Yes,Yes,Fiber optic,No,No,Yes,No,Yes,Yes,Month-to-month,Yes,Electronic check,100.05,3046.15,Yes,0.8159,1,High,2026-03-01
3428-XZMAZ,Male,No,No,No,1,Yes,No,Fiber optic,No,No,No,No,No,No,Month-to-month,Yes,Electronic check,69.35,69.35,Yes,0.863,1,High,2025-09-01
1100-DDVRV,Male,No,Yes,No,17,No,No,DSL,No,Yes,No,No,Yes,Yes,Month-to-month,Yes,Mailed check,49.8,836.35,No,0.7122,0,High,2026-05-01
0378-TOVMS,Female,No,No,No,3,Yes,No,Fiber optic,No,No,No,Yes,No,Yes,Month-to-month,No,Electronic check,85.8,272.2,Yes,0.7811,0,High,2026-07-01
4355-HBJHH,Male,No,Yes,Yes,67,Yes,Yes,DSL,Yes,No,Yes,No,Yes,Yes,Two year,Yes,Electronic check,79.7,5293.4,Yes,0.0952,0,Low,2026-07-01
6728-WYQBC,Male,No,No,No,1,Yes,No,No,No,No,No,No,No,No,Month-to-month,No,Bank transfer (automatic),20.95,20.95,No,0.3737,0,Medium,2026-04-01
9058-CBREO,Female,Yes,No,No,1,Yes,Yes,DSL,No,No,No,No,No,No,Month-to-month,No,Mailed check,50.55,50.55,Yes,0.691,0,High,2026-04-01
9029-FEGVJ,Female,Yes,Yes,No,32,Yes,Yes,Fiber optic,No,No,Yes,No,No,No,Month-to-month,No,Mailed check,79.3,2570.0,No,0.6433,0,High,2026-08-01
7216-KAOID,Male,No,Yes,Yes,41,Yes,No,No,No,No,No,No,No,No,One year,No,Bank transfer (automatic),19.5,798.2,No,0.0402,0,Low,2026-04-01
0318-QUUOB,Male,No,Yes,No,1,Yes,No,Fiber optic,No,No,No,No,Yes,No,Month-to-month,Yes,Electronic check,80.55,80.55,Yes,0.8806,1,High,2026-02-01
6145-NNPNO,Female,No,No,No,1,Yes,No,DSL,No,No,No,No,No,No,Month-to-month,No,Bank transfer (automatic),44.15,44.15,No,0.584,0,Medium,2026-06-01
5520-FVEWJ,Female,No,Yes,Yes,12,Yes,Yes,Fiber optic,No,Yes,Yes,No,No,No,Month-to-month,Yes,Electronic check,84.5,916.9,Yes,0.7749,0,High,2026-04-01
5339-TJFEK,Male,No,Yes,Yes,62,Yes,Yes,Fiber optic,Yes,Yes,No,No,Yes,Yes,Month-to-month,Yes,Electronic check,105.5,6487.2,No,0.5499,0,Medium,2026-07-01
5572-ZDXHY,Female,No,No,No,22,Yes,No,Fiber optic,No,Yes,No,No,No,Yes,Month-to-month,Yes,Mailed check,84.3,1855.65,Yes,0.7322,0,High,2026-03-01
2074-GUHPQ,Female,No,No,Yes,17,Yes,Yes,Fiber optic,No,Yes,Yes,Yes,No,No,Month-to-month,Yes,Credit card (automatic),92.7,1556.85,No,0.5945,0,Medium,2026-07-01
4625-XMOYM,Female,No,Yes,Yes,72,Yes,Yes,No,No,No,No,No,No,No,Two year,Yes,Bank transfer (automatic),26.25,1988.05,No,0.0116,0,Low,2025-09-01
5827-MWCZK,Male,No,Yes,Yes,56,Yes,Yes,Fiber optic,No,Yes,No,Yes,Yes,No,Month-to-month,Yes,Credit card (automatic),96.95,5432.2,No,0.4168,0,Medium,2025-09-01
1385-TQOZW,Female,No,No,No,9,Yes,No,No,No,No,No,No,No,No,Month-to-month,Yes,Credit card (automatic),20.45,147.55,No,0.3794,0,Medium,2025-10-01
5914-XRFQB,Male,No,Yes,No,72,Yes,Yes,Fiber optic,Yes,Yes,Yes,Yes,Yes,Yes,Two year,Yes,Bank transfer (automatic),115.8,8424.9,No,0.1463,0,Low,2026-03-01
4329-YPDDQ,Male,No,No,No,20,Yes,No,Fiber optic,Yes,Yes,Yes,Yes,Yes,Yes,Month-to-month,Yes,Bank transfer (automatic),108.2,2203.7,No,0.6124,0,High,2026-05-01
4804-NCPET,Male,No,Yes,Yes,19,Yes,No,No,No,No,No,No,No,No,Two year,No,Mailed check,20.2,387.4,No,0.057,0,Low,2025-11-01
3750-CKVKH,Male,No,No,No,2,Yes,No,Fiber optic,No,No,No,No,No,No,Month-to-month,Yes,Electronic check,67.75,116.65,Yes,0.8608,1,High,2025-10-01
5944-UGLLK,Male,No,No,No,53,No,No,DSL,No,No,Yes,Yes,Yes,Yes,One year,No,Credit card (automatic),54.9,3045.75,No,0.1574,0,Low,2026-07-01
8063-GBATB,Female,Yes,No,No,27,Yes,Yes,Fiber optic,No,No,No,No,No,Yes,Month-to-month,Yes,Electronic check,85.25,2287.25,Yes,0.8544,1,High,2026-06-01
7787-BNTZM,Male,No,No,No,6,Yes,No,No,No,No,No,No,No,No,Month-to-month,No,Bank transfer (automatic),20.15,130.5,No,0.3276,0,Medium,2026-04-01
2252-ISRNH,Male,No,Yes,Yes,9,Yes,Yes,Fiber optic,No,No,Yes,No,Yes,No,One year,Yes,Electronic check,90.35,767.9,No,0.7304,0,High,2026-02-01
9415-TPKRV,Female,No,Yes,Yes,8,Yes,Yes,DSL,No,Yes,No,No,No,No,Month-to-month,No,Electronic check,55.75,446.8,No,0.5628,0,Medium,2026-02-01
5322-TEUJK,Female,No,Yes,Yes,71,Yes,Yes,Fiber optic,Yes,Yes,Yes,Yes,Yes,Yes,Two year,No,Bank transfer (automatic),114.6,8100.25,No,0.0832,0,Low,2025-09-01
4547-KQRTM,Female,No,No,No,10,Yes,Yes,Fiber optic,No,Yes,No,No,No,No,Month-to-month,Yes,Bank transfer (automatic),80.05,830.7,Yes,0.7735,0,High,2025-11-01
4877-EVATK,Male,No,No,No,1,Yes,No,No,No,No,No,No,No,No,Month-to-month,No,Mailed check,20.0,20.0,Yes,0.3906,0,Medium,2026-07-01
1866-DIOQZ,Female,No,Yes,No,71,No,No,DSL,Yes,Yes,Yes,Yes,Yes,Yes,One year,No,Bank transfer (automatic),66.8,4689.15,No,0.0551,0,Low,2026-01-01
8375-KVTHK,Male,No,Yes,No,68,Yes,No,Fiber optic,No,Yes,No,Yes,Yes,Yes,One year,Yes,Electronic check,100.3,6754.35,No,0.338,0,Medium,2026-05-01
2697-NQBPF,Male,No,No,No,34,Yes,Yes,Fiber optic,No,Yes,No,Yes,Yes,Yes,Month-to-month,Yes,Electronic check,105.35,3540.65,No,0.7614,0,High,2026-05-01
3709-OIJEA,Male,No,No,No,26,Yes,No,Fiber optic,No,Yes,Yes,Yes,No,No,One year,Yes,Electronic check,85.2,2184.6,No,0.4484,0,Medium,2025-12-01
7639-SUPCW,Female,No,No,No,22,Yes,No,DSL,Yes,No,No,No,No,No,Month-to-month,Yes,Credit card (automatic),48.8,1054.6,Yes,0.3842,0,Medium,2025-11-01
1386-ZIKUV,Male,No,No,No,7,Yes,No,No,No,No,No,No,No,No,Month-to-month,Yes,Mailed check,18.95,130.55,No,0.4214,0,Medium,2026-05-01
0599-XNYDO,Female,No,Yes,No,20,Yes,No,Fiber optic,No,No,No,No,No,No,Month-to-month,Yes,Bank transfer (automatic),69.8,1540.35,No,0.7045,0,High,2025-10-01
6377-WHAOX,Female,No,Yes,No,60,Yes,Yes,Fiber optic,No,Yes,Yes,No,Yes,Yes,Month-to-month,Yes,Electronic check,106.15,6411.25,No,0.7034,0,High,2026-02-01
6855-VLGOS,Male,No,Yes,Yes,72,Yes,No,No,No,No,No,No,No,No,Two year,No,Electronic check,20.55,1432.55,No,0.0084,0,Low,2026-07-01
8999-XXGNS,Female,Yes,Yes,No,72,Yes,Yes,Fiber optic,No,Yes,Yes,No,Yes,Yes,One year,Yes,Credit card (automatic),105.75,7629.85,No,0.424,0,Medium,2026-05-01
8746-OQQRW,Male,No,No,No,4,Yes,Yes,No,No,No,No,No,No,No,Month-to-month,No,Mailed check,25.25,101.9,No,0.4138,0,Medium,2026-06-01
3181-MIZBN,Male,No,Yes,Yes,16,Yes,No,No,No,No,No,No,No,No,Month-to-month,No,Electronic check,19.75,313.4,No,0.2662,0,Low,2025-09-01
0471-ARVMX,Female,Yes,Yes,No,62,Yes,Yes,Fiber optic,Yes,No,Yes,No,Yes,Yes,One year,Yes,Electronic check,104.85,6312.9,No,0.4961,0,Medium,2025-11-01
7766-CLTIC,Female,No,No,No,10,Yes,No,DSL,No,No,No,Yes,No,Yes,Month-to-month,Yes,Mailed check,60.95,629.55,No,0.5869,0,Medium,2025-12-01
5650-YLIBA,Male,No,No,No,31,Yes,Yes,Fiber optic,No,Yes,No,No,No,No,Month-to-month,Yes,Electronic check,81.15,2640.55,No,0.7354,0,High,2025-12-01
0825-CPPQH,Female,No,Yes,No,71,Yes,No,No,No,No,No,No,No,No,Two year,No,Credit card (automatic),19.1,1372.45,No,0.0076,0,Low,2025-11-01
9084-OAYKL,Male,No,No,No,58,Yes,No,No,No,No,No,No,No,No,Two year,No,Mailed check,20.8,1212.25,No,0.0144,0,Low,2026-08-01
6122-LJADA,Male,No,Yes,Yes,70,Yes,Yes,DSL,Yes,Yes,Yes,Yes,Yes,Yes,Two year,Yes,Credit card (automatic),90.15,6237.05,No,0.0429,0,Low,2025-10-01
2400-XIWIO,Female,No,Yes,No,71,Yes,Yes,DSL,Yes,Yes,Yes,Yes,Yes,Yes,Two year,No,Electronic check,90.1,6310.9,No,0.0502,0,Low,2026-05-01
7524-VRLPL,Male,Yes,No,No,69,Yes,Yes,DSL,Yes,No,Yes,Yes,No,Yes,Two year,No,Credit card (automatic),74.1,5031.0,No,0.0372,0,Low,2026-04-01
1069-XAIEM,Female,Yes,No,No,1,Yes,Yes,Fiber optic,No,No,No,No,No,Yes,Month-to-month,Yes,Electronic check,85.05,85.05,Yes,0.9244,1,High,2026-04-01
7569-NMZYQ,Female,No,Yes,Yes,72,Yes,Yes,Fiber optic,Yes,Yes,Yes,Yes,Yes,Yes,Two year,Yes,Bank transfer (automatic),118.75,8672.45,No,0.1204,0,Low,2025-11-01
5201-USSQZ,Female,No,Yes,No,26,Yes,No,Fiber optic,No,No,No,Yes,No,Yes,Month-to-month,No,Credit card (automatic),85.9,2196.45,No,0.5617,0,Medium,2025-12-01
2105-PHWON,Female,No,Yes,No,33,Yes,Yes,Fiber optic,No,No,Yes,Yes,No,Yes,Month-to-month,Yes,Credit card (automatic),95.0,3008.15,No,0.6576,0,High,2026-04-01
1494-EJZDW,Female,No,Yes,Yes,10,Yes,No,No,No,No,No,No,No,No,Two year,No,Mailed check,20.15,220.8,No,0.0805,0,Low,2025-12-01
4884-TVUQF,Female,Yes,No,No,57,Yes,Yes,Fiber optic,Yes,No,Yes,Yes,No,Yes,Two year,No,Credit card (automatic),101.3,5779.6,No,0.1386,0,Low,2026-05-01
8003-EWNDZ,Female,No,No,No,10,Yes,No,No,No,No,No,No,No,No,Month-to-month,Yes,Electronic check,21.2,222.65,No,0.4573,0,Medium,2025-09-01
1897-RCFUM,Female,No,Yes,Yes,39,Yes,Yes,No,No,No,No,No,No,No,One year,Yes,Mailed check,24.2,914.6,No,0.0825,0,Low,2025-09-01
9256-JTBNZ,Female,No,No,No,11,Yes,No,No,No,No,No,No,No,No,Month-to-month,No,Bank transfer (automatic),20.3,246.3,No,0.279,0,Low,2026-05-01
4658-HCOHW,Female,No,Yes,Yes,21,Yes,No,Fiber optic,No,Yes,Yes,Yes,Yes,Yes,Month-to-month,Yes,Electronic check,102.8,2110.15,Yes,0.72,0,High,2026-04-01
2211-RMNHO,Female,No,Yes,Yes,68,Yes,Yes,DSL,No,Yes,Yes,Yes,Yes,Yes,Two year,No,Bank transfer (automatic),85.3,5560.0,No,0.0418,0,Low,2025-09-01
2432-TFSMK,Male,No,No,No,18,Yes,Yes,Fiber optic,No,No,Yes,No,Yes,No,One year,Yes,Credit card (automatic),89.6,1633.0,No,0.6582,0,High,2026-07-01
3440-JPSCL,Female,No,No,No,6,Yes,No,Fiber optic,No,No,Yes,Yes,Yes,Yes,Month-to-month,Yes,Mailed check,99.95,547.65,Yes,0.8005,1,High,2025-09-01
4929-ROART,Male,No,No,No,18,Yes,Yes,DSL,Yes,No,No,No,No,No,Month-to-month,No,Mailed check,56.25,969.85,No,0.398,0,Medium,2026-08-01
1834-ABKHQ,Female,No,Yes,Yes,52,Yes,No,DSL,No,No,Yes,No,No,No,One year,Yes,Bank transfer (automatic),50.95,2610.65,No,0.1043,0,Low,2026-05-01
1741-WTPON,Male,No,Yes,Yes,56,Yes,Yes,Fiber optic,Yes,Yes,Yes,Yes,Yes,Yes,Two year,No,Mailed check,115.85,6567.9,No,0.1224,0,Low,2026-08-01
3932-IJWDZ,Male,No,No,No,45,Yes,Yes,Fiber optic,No,No,Yes,Yes,Yes,Yes,Month-to-month,Yes,Bank transfer (automatic),103.65,4747.85,No,0.6657,0,High,2026-08-01
1240-HCBOH,Female,No,No,No,67,Yes,Yes,No,No,No,No,No,No,No,Two year,Yes,Mailed check,26.1,1759.55,No,0.0188,0,Low,2025-12-01
3594-KADLU,Male,No,Yes,No,3,No,No,DSL,Yes,No,No,Yes,No,No,Month-to-month,No,Mailed check,35.1,101.1,No,0.4867,0,Medium,2026-06-01
8065-BVEPF,Male,Yes,No,No,65,Yes,No,Fiber optic,No,Yes,Yes,No,Yes,Yes,Month-to-month,Yes,Bank transfer (automatic),99.1,6496.15,No,0.5746,0,Medium,2025-11-01
3796-ENZGF,Male,No,Yes,No,63,Yes,Yes,DSL,No,Yes,No,Yes,No,Yes,Two year,No,Mailed check,67.25,4234.15,No,0.0485,0,Low,2026-02-01
1734-ZMNTZ,Female,No,Yes,Yes,11,Yes,Yes,No,No,No,No,No,No,No,Two year,No,Mailed check,25.0,300.7,No,0.0961,0,Low,2025-11-01
2853-CWQFQ,Male,No,No,Yes,1,Yes,No,DSL,No,No,No,Yes,No,Yes,Month-to-month,Yes,Mailed check,59.55,59.55,No,0.6114,0,High,2026-02-01
0813-TAXXS,Male,No,No,No,55,Yes,Yes,DSL,No,No,Yes,No,Yes,Yes,Two year,Yes,Bank transfer (automatic),77.8,4323.35,No,0.1636,0,Low,2026-07-01
2519-TWKFS,Male,No,Yes,Yes,25,Yes,Yes,DSL,No,No,No,Yes,No,No,One year,Yes,Mailed check,55.1,1466.1,No,0.2417,0,Low,2026-02-01
2889-FPWRM,Male,No,Yes,No,72,Yes,Yes,Fiber optic,Yes,Yes,Yes,Yes,Yes,Yes,One year,Yes,Bank transfer (automatic),117.8,8684.8,Yes,0.2505,0,Low,2025-10-01
0626-QXNGV,Female,No,Yes,No,72,Yes,Yes,No,No,No,No,No,No,No,Two year,Yes,Credit card (automatic),24.15,1776.45,No,0.0144,0,Low,2025-12-01
6723-CEGQI,Female,No,No,Yes,65,No,No,DSL,No,Yes,No,Yes,Yes,No,Two year,No,Mailed check,45.25,2933.95,No,0.0293,0,Low,2026-06-01
6987-XQSJT,Female,Yes,No,No,54,Yes,Yes,Fiber optic,No,Yes,No,No,No,No,Month-to-month,Yes,Electronic check,79.5,4370.25,Yes,0.6276,0,High,2026-03-01
4732-RRJZC,Male,No,Yes,Yes,7,Yes,No,No,No,No,No,No,No,No,Month-to-month,No,Mailed check,20.25,144.35,No,0.2803,0,Low,2026-03-01
9499-XPZXM,Female,No,Yes,No,72,Yes,Yes,DSL,Yes,Yes,No,Yes,No,No,Two year,No,Bank transfer (automatic),64.75,4804.75,No,0.0165,0,Low,2026-02-01
4338-EYCER,Male,No,Yes,No,21,Yes,No,DSL,No,No,No,No,Yes,No,Month-to-month,No,Bank transfer (automatic),54.6,1125.2,No,0.4551,0,Medium,2025-12-01
3007-FDPEA,Female,No,No,No,2,Yes,No,No,No,No,No,No,No,No,Month-to-month,Yes,Bank transfer (automatic),20.7,39.85,No,0.45,0,Medium,2026-04-01
6350-XFYGW,Male,Yes,No,No,4,Yes,No,Fiber optic,No,No,Yes,No,Yes,Yes,Month-to-month,Yes,Electronic check,94.75,422.4,No,0.9138,1,High,2026-04-01
4290-BSXUX,Male,No,Yes,No,3,Yes,Yes,Fiber optic,No,No,No,Yes,No,No,Month-to-month,Yes,Bank transfer (automatic),79.65,251.75,Yes,0.7767,0,High,2026-07-01
8513-OLYGY,Male,No,Yes,No,72,Yes,Yes,Fiber optic,Yes,Yes,Yes,Yes,Yes,Yes,Two year,No,Credit card (automatic),115.8,8332.15,No,0.1046,0,Low,2026-04-01
0311-QYWSS,Female,No,No,No,6,Yes,No,DSL,Yes,No,No,No,No,No,Month-to-month,Yes,Electronic check,49.45,314.6,No,0.6153,0,High,2026-08-01
8705-DWKTI,Male,No,No,No,52,Yes,No,Fiber optic,No,No,Yes,No,No,Yes,Month-to-month,Yes,Credit card (automatic),83.8,4331.4,No,0.5625,0,Medium,2026-06-01
8755-IWJHN,Male,Yes,Yes,No,69,Yes,Yes,Fiber optic,No,Yes,Yes,No,No,Yes,Month-to-month,Yes,Bank transfer (automatic),95.35,6382.0,No,0.5262,0,Medium,2025-09-01
0325-XBFAC,Male,No,No,No,8,Yes,No,Fiber optic,No,No,Yes,No,Yes,Yes,Month-to-month,Yes,Electronic check,94.7,740.3,Yes,0.8857,1,High,2026-01-01
4480-QQRHC,Female,Yes,No,No,8,Yes,No,Fiber optic,No,No,Yes,No,No,No,Month-to-month,Yes,Bank transfer (automatic),74.05,600.15,No,0.7996,1,High,2026-01-01
0929-PECLO,Female,Yes,No,No,63,Yes,Yes,Fiber optic,No,No,Yes,No,No,Yes,Month-to-month,Yes,Bank transfer (automatic),89.6,5538.8,No,0.5945,0,Medium,2025-09-01
3680-CTHUH,Male,No,No,No,60,Yes,Yes,Fiber optic,Yes,Yes,Yes,Yes,Yes,Yes,One year,Yes,Credit card (automatic),116.6,7049.5,No,0.2971,0,Low,2025-11-01
1202-KKGFU,Female,No,Yes,No,12,Yes,No,DSL,Yes,No,No,Yes,No,No,Month-to-month,No,Bank transfer (automatic),54.2,690.5,No,0.2972,0,Low,2026-06-01
6112-KTHFQ,Female,No,No,No,13,Yes,No,No,No,No,No,No,No,No,Month-to-month,Yes,Mailed check,19.3,279.3,No,0.3568,0,Medium,2026-01-01
1852-XEMDW,Male,No,No,No,22,Yes,Yes,DSL,Yes,Yes,Yes,No,No,No,Month-to-month,No,Mailed check,65.05,1427.55,No,0.3264,0,Medium,2025-10-01
2462-XIIJB,Male,No,No,No,5,Yes,Yes,Fiber optic,No,No,Yes,No,Yes,No,Month-to-month,Yes,Electronic check,92.5,452.7,Yes,0.8859,1,High,2025-12-01
4760-XOHVN,Female,No,Yes,Yes,1,Yes,No,No,No,No,No,No,No,No,Month-to-month,No,Mailed check,19.45,19.45,Yes,0.3324,0,Medium,2025-12-01
1820-DJFPH,Female,No,Yes,Yes,72,Yes,Yes,No,No,No,No,No,No,No,Two year,Yes,Bank transfer (automatic),24.05,1709.15,No,0.0112,0,Low,2025-11-01
9426-SXNHE,Female,No,No,No,2,Yes,No,No,No,No,No,No,No,No,Month-to-month,No,Bank transfer (automatic),18.75,53.15,No,0.3658,0,Medium,2025-10-01
9068-FHQHD,Female,No,Yes,Yes,40,Yes,No,No,No,No,No,No,No,No,Two year,No,Bank transfer (automatic),20.15,777.35,No,0.0221,0,Low,2026-06-01
1269-FOYWN,Male,No,Yes,Yes,44,Yes,No,No,No,No,No,No,No,No,One year,No,Bank transfer (automatic),20.0,860.85,No,0.0354,0,Low,2026-06-01
9470-YFUYI,Male,Yes,Yes,No,71,Yes,No,DSL,Yes,Yes,No,Yes,Yes,No,One year,Yes,Bank transfer (automatic),71.0,5012.1,No,0.0558,0,Low,2026-02-01
7817-BOQPW,Female,No,No,No,2,Yes,Yes,Fiber optic,No,No,No,No,No,No,Month-to-month,Yes,Electronic check,75.55,166.3,Yes,0.8814,1,High,2026-04-01
7402-EYFXX,Male,Yes,No,No,26,Yes,Yes,Fiber optic,No,No,No,No,Yes,Yes,Month-to-month,Yes,Electronic check,93.6,2404.1,No,0.8868,1,High,2026-08-01
1853-UDXBW,Male,No,Yes,Yes,1,Yes,No,Fiber optic,No,No,No,No,No,No,Month-to-month,Yes,Electronic check,70.0,70.0,Yes,0.8311,1,High,2026-07-01
9895-VFOXH,Female,No,No,No,1,No,No,DSL,No,No,No,No,No,No,Month-to-month,No,Mailed check,24.4,24.4,No,0.6982,0,High,2025-09-01
5458-CQJTA,Male,No,Yes,Yes,65,Yes,No,DSL,Yes,No,No,Yes,Yes,Yes,Two year,Yes,Bank transfer (automatic),74.8,4820.15,Yes,0.0399,0,Low,2026-08-01
1230-QAJDW,Male,No,No,No,3,Yes,Yes,DSL,No,No,No,Yes,Yes,No,Month-to-month,Yes,Mailed check,65.25,209.9,No,0.6788,0,High,2025-09-01
5701-ZIKJE,Male,No,No,No,13,Yes,No,DSL,No,No,No,Yes,No,No,Month-to-month,Yes,Mailed check,50.55,610.75,No,0.4904,0,Medium,2025-09-01
5219-YIPTK,Female,No,Yes,No,33,Yes,Yes,Fiber optic,No,Yes,Yes,No,Yes,Yes,Month-to-month,Yes,Electronic check,104.4,3409.6,Yes,0.8148,1,High,2026-01-01
5032-MIYKT,Female,No,No,No,1,Yes,No,Fiber optic,No,No,No,No,No,No,Month-to-month,Yes,Mailed check,70.7,70.7,No,0.8171,1,High,2026-05-01
7396-VJUZB,Male,No,Yes,Yes,4,Yes,No,DSL,No,No,No,No,No,No,Month-to-month,No,Mailed check,45.25,155.35,No,0.5126,0,Medium,2025-09-01
9717-QEBGU,Male,No,No,No,2,Yes,No,Fiber optic,No,No,No,No,No,No,Month-to-month,Yes,Electronic check,70.3,144.0,No,0.8581,1,High,2025-12-01
5172-RKOCB,Male,No,Yes,No,72,Yes,Yes,Fiber optic,Yes,Yes,No,Yes,Yes,Yes,Two year,Yes,Credit card (automatic),108.95,7875.0,No,0.1418,0,Low,2025-12-01
6509-TSGWN,Female,No,Yes,Yes,37,Yes,Yes,No,No,No,No,No,No,No,Month-to-month,No,Mailed check,26.45,911.6,No,0.1196,0,Low,2026-01-01
3540-RZJYU,Female,No,No,No,15,Yes,No,Fiber optic,Yes,No,No,No,Yes,No,Month-to-month,No,Electronic check,86.2,1270.2,Yes,0.6851,0,High,2026-08-01
3178-CIFOT,Female,No,No,No,23,Yes,No,No,No,No,No,No,No,No,One year,Yes,Credit card (automatic),19.65,478.1,No,0.1433,0,Low,2025-12-01
2091-MJTFX,Female,No,Yes,Yes,30,No,No,DSL,No,No,No,Yes,Yes,Yes,Month-to-month,No,Credit card (automatic),51.2,1561.5,Yes,0.3953,0,Medium,2025-11-01
4530-NDRKU,Female,No,Yes,Yes,42,Yes,No,No,No,No,No,No,No,No,One year,Yes,Electronic check,19.05,761.85,No,0.0762,0,Low,2025-10-01
5985-TBABQ,Female,No,No,No,32,Yes,Yes,DSL,Yes,No,No,No,Yes,Yes,One year,No,Mailed check,74.75,2282.95,No,0.2584,0,Low,2025-11-01
9800-ONTFE,Female,No,Yes,Yes,22,Yes,Yes,Fiber optic,No,No,No,No,No,No,Month-to-month,Yes,Bank transfer (automatic),75.8,1615.1,No,0.6843,0,High,2025-10-01
6743-HHQPF,Male,No,Yes,No,42,No,No,DSL,No,No,No,No,No,No,Month-to-month,Yes,Credit card (automatic),25.1,1097.15,No,0.3705,0,Medium,2026-03-01
8455-HIRAQ,Female,No,No,No,8,Yes,No,DSL,No,No,No,No,No,No,Month-to-month,No,Mailed check,44.45,369.3,No,0.5349,0,Medium,2026-02-01
6616-AALSR,Female,No,Yes,Yes,65,Yes,Yes,Fiber optic,Yes,No,Yes,No,Yes,Yes,Two year,Yes,Credit card (automatic),104.3,6725.3,No,0.1862,0,Low,2026-02-01
0883-EIBTI,Female,No,No,No,2,Yes,No,No,No,No,No,No,No,No,Month-to-month,No,Mailed check,19.5,31.55,Yes,0.3769,0,Medium,2026-06-01
9415-ZNBSX,Female,No,Yes,Yes,70,Yes,Yes,DSL,Yes,Yes,Yes,Yes,Yes,Yes,Two year,Yes,Bank transfer (automatic),89.0,6293.2,No,0.0427,0,Low,2026-03-01
4018-KJYUY,Male,No,No,Yes,22,Yes,No,No,No,No,No,No,No,No,Month-to-month,No,Credit card (automatic),20.15,432.5,No,0.1647,0,Low,2025-10-01
0722-TROQR,Female,Yes,No,No,4,Yes,Yes,Fiber optic,No,No,No,No,No,No,Month-to-month,Yes,Electronic check,74.9,321.75,Yes,0.8956,1,High,2026-01-01
7571-YXDAD,Female,No,No,No,2,Yes,Yes,Fiber optic,No,No,No,No,No,No,Month-to-month,No,Credit card (automatic),74.9,147.15,Yes,0.7815,0,High,2025-12-01
3884-UEBXB,Female,No,Yes,Yes,67,No,No,DSL,Yes,Yes,No,No,No,No,Two year,No,Bank transfer (automatic),36.15,2434.45,No,0.0175,0,Low,2026-06-01
8780-RSYYU,Female,No,No,No,25,Yes,No,No,No,No,No,No,No,No,Month-to-month,Yes,Credit card (automatic),19.2,532.1,No,0.241,0,Low,2025-12-01
5537-UXXVS,Female,No,Yes,No,20,Yes,No,No,No,No,No,No,No,No,Month-to-month,No,Bank transfer (automatic),19.25,375.25,No,0.2068,0,Low,2025-10-01
1791-PQHBB,Female,No,No,Yes,2,Yes,No,DSL,Yes,No,No,No,No,Yes,Month-to-month,Yes,Credit card (automatic),61.2,125.95,No,0.5682,0,Medium,2026-05-01
8701-DGLVH,Male,No,No,No,51,Yes,No,No,No,No,No,No,No,No,Two year,No,Mailed check,20.45,1042.65,No,0.0192,0,Low,2026-02-01
8741-LQOBK,Female,No,Yes,Yes,46,No,No,DSL,Yes,Yes,No,No,No,No,Month-to-month,No,Bank transfer (automatic),35.05,1620.25,No,0.1351,0,Low,2025-10-01
3393-FMZPV,Female,No,No,No,25,Yes,Yes,Fiber optic,No,Yes,No,No,Yes,Yes,Month-to-month,Yes,Electronic check,100.25,2387.75,Yes,0.8436,1,High,2026-05-01
8082-GHXOP,Male,No,No,Yes,13,Yes,No,DSL,No,No,No,No,No,No,Month-to-month,No,Mailed check,44.0,659.35,No,0.4412,0,Medium,2025-11-01
6402-ZFPPI,Female,Yes,No,No,25,Yes,Yes,Fiber optic,Yes,Yes,No,No,Yes,Yes,Month-to-month,Yes,Mailed check,102.8,2660.2,Yes,0.7724,0,High,2026-07-01
0980-FEXWF,Male,No,Yes,Yes,26,Yes,No,DSL,No,No,Yes,No,No,No,One year,No,Mailed check,50.35,1285.8,No,0.1811,0,Low,2026-06-01
7486-KSRVI,Male,No,No,No,43,Yes,Yes,Fiber optic,No,No,No,Yes,Yes,Yes,One year,Yes,Electronic check,100.0,4211.55,Yes,0.5879,0,Medium,2026-01-01
3011-WQKSZ,Male,No,No,Yes,19,Yes,No,No,No,No,No,No,No,No,Month-to-month,Yes,Electronic check,20.0,377.55,No,0.319,0,Medium,2026-03-01
8443-WVPSS,Male,No,Yes,No,10,Yes,No,Fiber optic,No,Yes,No,Yes,Yes,Yes,Month-to-month,Yes,Electronic check,99.85,990.9,Yes,0.8163,1,High,2026-03-01
3006-XIMLN,Female,No,No,Yes,2,Yes,Yes,Fiber optic,No,No,No,No,Yes,Yes,Month-to-month,Yes,Bank transfer (automatic),94.2,193.8,Yes,0.8667,1,High,2026-04-01
8218-FFJDS,Female,No,Yes,No,72,Yes,Yes,DSL,Yes,Yes,No,Yes,Yes,Yes,Two year,Yes,Bank transfer (automatic),86.4,6058.95,No,0.0474,0,Low,2025-09-01
1986-PHGZF,Male,Yes,No,No,18,Yes,Yes,DSL,Yes,Yes,No,No,No,No,Month-to-month,Yes,Credit card (automatic),58.4,964.9,No,0.4888,0,Medium,2025-12-01
9965-YOKZB,Male,Yes,No,No,9,Yes,Yes,Fiber optic,No,No,No,No,No,Yes,Month-to-month,Yes,Electronic check,83.85,790.15,Yes,0.9102,1,High,2025-11-01
0504-HHAPI,Female,Yes,No,No,27,Yes,Yes,Fiber optic,No,No,Yes,No,No,Yes,Month-to-month,No,Credit card (automatic),88.3,2467.75,Yes,0.7394,0,High,2026-05-01
9360-OMDZZ,Male,No,No,No,24,Yes,Yes,Fiber optic,No,No,No,No,Yes,Yes,Month-to-month,Yes,Electronic check,94.1,2322.85,No,0.8736,1,High,2025-09-01
6305-YLBMM,Male,No,No,No,69,Yes,No,Fiber optic,No,Yes,Yes,Yes,Yes,Yes,One year,Yes,Bank transfer (automatic),104.05,7262.0,Yes,0.2676,0,Low,2026-03-01
0345-XMMUG,Female,No,Yes,No,46,Yes,Yes,Fiber optic,No,Yes,Yes,Yes,Yes,Yes,Two year,Yes,Credit card (automatic),108.9,4854.3,No,0.2914,0,Low,2026-05-01
8024-XNAFQ,Female,Yes,No,No,72,Yes,Yes,Fiber optic,Yes,Yes,Yes,Yes,No,Yes,Two year,Yes,Bank transfer (automatic),107.4,7748.75,No,0.1273,0,Low,2026-08-01
3647-GMGDH,Male,No,Yes,No,22,Yes,No,Fiber optic,No,No,Yes,No,Yes,Yes,Month-to-month,Yes,Credit card (automatic),94.7,1914.9,Yes,0.7826,0,High,2025-12-01
2988-GBIVW,Female,Yes,Yes,No,70,Yes,Yes,Fiber optic,Yes,No,No,No,No,Yes,Month-to-month,Yes,Electronic check,90.85,6470.1,No,0.5563,0,Medium,2025-09-01
2832-SCUCO,Female,No,No,No,2,Yes,No,No,No,No,No,No,No,No,Month-to-month,No,Electronic check,19.9,57.4,No,0.4525,0,Medium,2026-05-01
7036-ZZKBD,Male,No,Yes,No,31,Yes,No,DSL,No,No,Yes,Yes,No,Yes,Month-to-month,Yes,Credit card (automatic),66.4,2019.8,No,0.3945,0,Medium,2025-09-01
3791-LGQCY,Female,Yes,Yes,No,56,Yes,Yes,Fiber optic,No,No,Yes,No,Yes,Yes,Month-to-month,Yes,Bank transfer (automatic),100.65,5688.05,Yes,0.7115,0,High,2025-09-01
0265-PSUAE,Female,No,Yes,Yes,16,Yes,No,Fiber optic,Yes,No,Yes,No,Yes,Yes,Month-to-month,No,Bank transfer (automatic),100.7,1522.7,No,0.5969,0,Medium,2026-08-01
0463-TXOAK,Male,No,No,Yes,52,Yes,Yes,No,No,No,No,No,No,No,Two year,No,Credit card (automatic),25.6,1334.5,No,0.0185,0,Low,2026-07-01
0594-UFTUL,Male,No,Yes,Yes,13,Yes,No,No,No,No,No,No,No,No,Month-to-month,Yes,Mailed check,19.85,252.0,No,0.3051,0,Medium,2026-05-01
9509-MPYOD,Female,No,No,No,35,Yes,No,No,No,No,No,No,No,No,One year,No,Mailed check,20.75,700.45,No,0.0664,0,Low,2026-07-01
9128-CPXKI,Female,No,No,No,59,Yes,No,Fiber optic,No,No,Yes,No,Yes,Yes,Two year,No,Electronic check,95.8,5655.45,No,0.2671,0,Low,2025-09-01
0129-KPTWJ,Male,No,Yes,No,72,Yes,No,Fiber optic,No,No,Yes,No,Yes,Yes,Month-to-month,Yes,Electronic check,94.65,6747.35,No,0.5912,0,Medium,2025-10-01
8166-ZZTFS,Female,Yes,Yes,No,66,Yes,Yes,DSL,No,Yes,Yes,No,Yes,Yes,Two year,Yes,Bank transfer (automatic),80.55,5265.1,Yes,0.1266,0,Low,2025-12-01
5855-EIBDE,Female,No,Yes,No,49,Yes,Yes,Fiber optic,Yes,Yes,Yes,Yes,No,Yes,Two year,No,Credit card (automatic),106.65,5174.35,No,0.1213,0,Low,2025-09-01
5365-LLFYV,Female,No,No,No,2,Yes,No,DSL,No,No,No,No,No,No,Month-to-month,Yes,Mailed check,45.85,105.6,No,0.6732,0,High,2026-07-01
5956-YHHRX,Male,Yes,No,No,21,Yes,Yes,Fiber optic,No,Yes,Yes,No,Yes,Yes,Month-to-month,Yes,Electronic check,104.35,2271.85,No,0.8827,1,High,2025-09-01
6008-NAIXK,Male,Yes,No,No,54,No,No,DSL,No,Yes,Yes,No,Yes,Yes,One year,Yes,Electronic check,55.45,2966.95,No,0.3487,0,Medium,2026-03-01
2956-GGUCQ,Male,Yes,Yes,No,24,Yes,Yes,Fiber optic,Yes,No,No,No,No,No,Month-to-month,Yes,Electronic check,78.85,1772.25,Yes,0.7528,0,High,2026-07-01
1928-BXYIV,Male,No,No,No,1,Yes,Yes,DSL,Yes,Yes,No,No,No,No,Month-to-month,No,Electronic check,61.15,61.15,No,0.5775,0,Medium,2026-05-01
5760-FXFVO,Male,No,No,No,6,Yes,No,Fiber optic,Yes,Yes,No,No,No,No,Month-to-month,Yes,Electronic check,78.95,494.95,No,0.7472,0,High,2025-11-01
6595-COKXZ,Female,No,No,No,1,Yes,No,DSL,No,No,No,No,No,No,Month-to-month,Yes,Mailed check,44.45,44.45,Yes,0.6839,0,High,2026-02-01
0961-ZWLVI,Male,No,No,Yes,49,Yes,Yes,Fiber optic,Yes,Yes,Yes,No,Yes,Yes,One year,Yes,Credit card (automatic),109.2,5290.45,No,0.3628,0,Medium,2026-03-01
5181-OABFK,Female,No,Yes,Yes,56,Yes,No,DSL,Yes,Yes,Yes,No,No,No,Two year,Yes,Credit card (automatic),61.3,3346.8,No,0.0317,0,Low,2026-06-01
4007-NHVHI,Female,Yes,No,No,56,Yes,Yes,Fiber optic,Yes,Yes,No,No,No,Yes,Month-to-month,Yes,Electronic check,96.85,5219.65,No,0.6038,0,High,2026-02-01
7816-VGHTO,Female,No,Yes,Yes,6,No,No,DSL,No,Yes,Yes,Yes,No,No,Two year,No,Mailed check,40.55,217.5,No,0.1718,0,Low,2025-12-01
5871-DGTXZ,Male,No,No,No,32,Yes,No,No,No,No,No,No,No,No,One year,No,Mailed check,19.8,607.7,No,0.0763,0,Low,2026-06-01
7550-WIQVA,Male,No,Yes,Yes,50,Yes,Yes,Fiber optic,Yes,Yes,Yes,No,Yes,Yes,One year,Yes,Electronic check,108.25,5431.4,No,0.4453,0,Medium,2026-07-01
7544-ZVIKX,Male,No,Yes,Yes,58,Yes,Yes,Fiber optic,No,No,Yes,Yes,Yes,Yes,One year,Yes,Bank transfer (automatic),105.05,6004.85,No,0.3507,0,Medium,2026-02-01
0016-QLJIS,Female,No,Yes,Yes,65,Yes,Yes,DSL,Yes,Yes,Yes,Yes,Yes,Yes,Two year,Yes,Mailed check,90.45,5957.9,No,0.0519,0,Low,2025-09-01
7508-DQAKK,Female,No,No,No,64,Yes,Yes,DSL,Yes,Yes,Yes,Yes,Yes,Yes,Two year,Yes,Credit card (automatic),86.4,5442.05,No,0.0608,0,Low,2026-03-01
5176-OLSKT,Female,No,Yes,No,66,Yes,Yes,DSL,Yes,Yes,Yes,No,No,No,Two year,No,Bank transfer (automatic),66.9,4370.25,No,0.0266,0,Low,2026-07-01
9356-AXGMP,Male,No,Yes,No,38,Yes,Yes,Fiber optic,Yes,No,Yes,Yes,Yes,Yes,One year,Yes,Electronic check,110.7,4428.6,No,0.5322,0,Medium,2026-08-01
3556-BVQGL,Female,No,Yes,No,20,Yes,No,No,No,No,No,No,No,No,One year,Yes,Mailed check,20.0,416.45,No,0.1643,0,Low,2026-01-01
0362-ZBZWJ,Male,No,No,No,36,Yes,Yes,Fiber optic,No,No,No,No,No,Yes,Month-to-month,Yes,Electronic check,84.9,3067.2,Yes,0.7936,0,High,2025-10-01
8979-CAMGB,Male,Yes,No,No,64,Yes,Yes,Fiber optic,No,No,Yes,Yes,Yes,Yes,One year,No,Electronic check,102.1,6688.1,No,0.4306,0,Medium,2026-03-01
4211-MMAZN,Male,No,No,No,1,Yes,No,No,No,No,No,No,No,No,Month-to-month,No,Mailed check,20.25,20.25,Yes,0.3899,0,Medium,2026-06-01
7581-EBBOU,Female,No,No,No,60,Yes,No,DSL,No,Yes,Yes,Yes,Yes,No,One year,Yes,Credit card (automatic),70.15,4224.7,No,0.0924,0,Low,2026-08-01
4274-OWWYO,Male,No,No,No,1,Yes,No,Fiber optic,No,Yes,No,No,No,No,Month-to-month,Yes,Electronic check,74.35,74.35,Yes,0.84,1,High,2025-09-01
5073-RZGBK,Female,No,Yes,Yes,50,Yes,Yes,DSL,Yes,Yes,Yes,Yes,No,Yes,One year,Yes,Bank transfer (automatic),80.05,4042.2,No,0.0969,0,Low,2025-12-01
1541-ETJZO,Male,No,No,No,1,Yes,Yes,DSL,No,No,Yes,Yes,No,No,Month-to-month,No,Mailed check,62.05,62.05,Yes,0.5451,0,Medium,2026-02-01
2192-CKRLV,Female,No,Yes,No,72,No,No,DSL,Yes,Yes,Yes,No,No,Yes,Two year,Yes,Electronic check,49.2,3580.95,No,0.0575,0,Low,2025-10-01
3154-HMWUU,Male,No,Yes,No,60,Yes,No,No,No,No,No,No,No,No,Two year,Yes,Bank transfer (automatic),20.5,1198.8,No,0.0176,0,Low,2026-07-01
6119-SPUDB,Male,No,No,No,46,No,No,DSL,Yes,No,Yes,Yes,No,No,Two year,No,Mailed check,38.25,1755.35,No,0.0437,0,Low,2025-10-01
6522-OIQSX,Female,No,Yes,Yes,69,No,No,DSL,No,Yes,Yes,No,Yes,Yes,Two year,Yes,Credit card (automatic),54.95,3772.5,No,0.0696,0,Low,2026-04-01
7813-ZGGAW,Male,Yes,No,No,31,Yes,Yes,Fiber optic,No,No,Yes,Yes,Yes,No,Month-to-month,Yes,Bank transfer (automatic),96.6,2877.95,No,0.6953,0,High,2026-08-01
8748-HFWBO,Male,No,Yes,Yes,19,Yes,No,No,No,No,No,No,No,No,One year,No,Mailed check,19.9,357.7,No,0.1019,0,Low,2026-05-01
1052-QJIBV,Female,No,Yes,Yes,71,Yes,No,No,No,No,No,No,No,No,Two year,No,Credit card (automatic),19.9,1397.3,No,0.0061,0,Low,2026-06-01
1319-YLZJG,Male,No,Yes,No,12,Yes,No,Fiber optic,Yes,Yes,Yes,No,No,No,Month-to-month,Yes,Electronic check,84.6,959.9,No,0.6968,0,High,2025-12-01
4106-HADHQ,Male,No,Yes,Yes,39,Yes,No,DSL,Yes,No,Yes,Yes,Yes,Yes,One year,No,Credit card (automatic),80.0,3182.95,Yes,0.1082,0,Low,2026-06-01
0723-FDLAY,Male,No,No,No,44,Yes,Yes,DSL,No,Yes,Yes,Yes,Yes,Yes,One year,Yes,Bank transfer (automatic),85.25,3704.15,No,0.2401,0,Low,2026-02-01
3050-RLLXC,Female,No,Yes,Yes,56,Yes,Yes,DSL,Yes,Yes,Yes,Yes,Yes,No,Two year,No,Credit card (automatic),81.25,4620.4,No,0.0299,0,Low,2025-09-01
9298-WGMRW,Female,No,Yes,No,72,Yes,Yes,Fiber optic,Yes,Yes,Yes,Yes,Yes,Yes,Two year,Yes,Bank transfer (automatic),115.5,8312.75,No,0.1413,0,Low,2026-01-01
2369-UAPKZ,Male,No,No,No,5,Yes,Yes,Fiber optic,No,Yes,Yes,No,Yes,Yes,Month-to-month,No,Mailed check,104.1,541.9,Yes,0.8184,1,High,2026-01-01
3088-LHEFH,Female,No,No,No,11,Yes,Yes,Fiber optic,Yes,No,No,No,No,No,Month-to-month,Yes,Bank transfer (automatic),79.0,929.3,No,0.7233,0,High,2026-03-01
2778-OCLGR,Male,Yes,Yes,No,24,No,No,DSL,Yes,No,No,No,No,Yes,Month-to-month,No,Bank transfer (automatic),39.1,971.3,Yes,0.4853,0,Medium,2025-12-01
6583-KQJLK,Female,Yes,Yes,No,15,Yes,No,Fiber optic,No,Yes,No,No,Yes,Yes,Month-to-month,Yes,Electronic check,94.65,1285.05,No,0.8674,1,High,2026-02-01
8544-JNBOX,Male,No,No,No,72,Yes,No,No,No,No,No,No,No,No,Two year,Yes,Mailed check,20.8,1521.2,No,0.0116,0,Low,2026-02-01
6681-ZSEXG,Male,No,Yes,No,56,Yes,Yes,DSL,No,Yes,Yes,No,No,No,Two year,No,Credit card (automatic),59.5,3389.25,No,0.0544,0,Low,2025-12-01
6139-ZZRBQ,Male,Yes,No,No,64,Yes,No,No,No,No,No,No,No,No,Two year,Yes,Bank transfer (automatic),20.05,1198.05,No,0.018,0,Low,2026-05-01
6116-RFVHN,Female,No,Yes,No,34,Yes,Yes,Fiber optic,No,No,Yes,No,Yes,Yes,Month-to-month,Yes,Electronic check,100.45,3414.65,No,0.833,1,High,2025-12-01
0637-KVDLV,Male,No,No,No,2,Yes,Yes,Fiber optic,No,No,No,No,No,No,Month-to-month,Yes,Electronic check,76.5,162.45,Yes,0.8822,1,High,2026-06-01
8884-FEEWR,Male,No,No,No,35,Yes,No,No,No,No,No,No,No,No,One year,No,Bank transfer (automatic),20.6,754.0,No,0.0647,0,Low,2025-12-01
3125-RAHBV,Male,No,No,No,22,Yes,No,No,No,No,No,No,No,No,One year,No,Credit card (automatic),20.3,467.15,No,0.1084,0,Low,2026-07-01
6633-MPWBS,Male,No,No,No,5,Yes,No,DSL,No,No,No,Yes,No,No,Month-to-month,Yes,Electronic check,49.2,216.9,Yes,0.6403,0,High,2026-01-01
0373-AIVNJ,Male,No,No,No,9,No,No,DSL,Yes,Yes,Yes,No,No,No,One year,No,Mailed check,39.55,373.0,No,0.3019,0,Medium,2025-09-01
8785-EPNCG,Male,No,No,No,11,Yes,Yes,No,No,No,No,No,No,No,Month-to-month,No,Credit card (automatic),23.15,245.2,Yes,0.338,0,Medium,2025-10-01
1682-VCOIO,Male,No,No,No,23,Yes,No,No,No,No,No,No,No,No,One year,No,Mailed check,20.45,481.1,No,0.1087,0,Low,2026-06-01
5729-KLZAR,Female,No,Yes,Yes,4,Yes,No,Fiber optic,No,No,No,No,No,Yes,Month-to-month,No,Electronic check,80.85,302.75,Yes,0.7971,1,High,2026-07-01
2072-ZVJJX,Male,No,Yes,No,68,Yes,Yes,No,No,No,No,No,No,No,Two year,No,Bank transfer (automatic),25.25,1728.2,No,0.0118,0,Low,2025-11-01
8849-AYPTR,Male,No,Yes,No,33,Yes,No,Fiber optic,No,No,No,No,Yes,Yes,Month-to-month,No,Electronic check,91.25,2964.05,No,0.7351,0,High,2026-04-01
9518-IMLHK,Male,No,No,No,31,Yes,No,DSL,Yes,Yes,Yes,Yes,Yes,No,Month-to-month,Yes,Bank transfer (automatic),72.45,2156.25,No,0.2565,0,Low,2026-03-01
1582-RAFML,Male,No,No,No,1,Yes,Yes,DSL,No,Yes,No,Yes,No,No,Month-to-month,No,Mailed check,60.1,60.1,Yes,0.5184,0,Medium,2025-10-01
3646-ITDGM,Female,No,No,No,56,Yes,No,No,No,No,No,No,No,No,Two year,No,Bank transfer (automatic),19.7,1051.9,No,0.0142,0,Low,2026-02-01
8740-CRYFY,Male,No,No,No,1,Yes,No,Fiber optic,No,No,No,No,Yes,No,Month-to-month,Yes,Electronic check,78.95,78.95,Yes,0.8835,1,High,2026-05-01
3569-VLDHH,Male,No,Yes,Yes,66,Yes,No,DSL,Yes,Yes,Yes,Yes,Yes,No,One year,Yes,Electronic check,75.1,5013.0,No,0.0636,0,Low,2026-08-01
8224-KDLKN,Male,No,Yes,Yes,72,Yes,Yes,No,No,No,No,No,No,No,Two year,No,Bank transfer (automatic),25.0,1738.9,No,0.0078,0,Low,2026-07-01
7594-LZNWR,Male,Yes,No,No,34,Yes,No,Fiber optic,No,No,No,No,No,No,Month-to-month,No,Credit card (automatic),69.15,2275.1,No,0.5606,0,Medium,2025-10-01
4001-TSBTV,Female,No,Yes,Yes,58,Yes,No,Fiber optic,No,Yes,Yes,No,Yes,No,Month-to-month,Yes,Electronic check,91.55,5511.65,No,0.5081,0,Medium,2025-11-01
2962-XPMCQ,Male,No,No,No,2,Yes,No,DSL,No,No,No,No,No,No,Month-to-month,Yes,Electronic check,45.15,98.5,Yes,0.7424,0,High,2026-02-01
8727-XDPUD,Male,No,No,No,37,No,No,DSL,No,No,No,No,Yes,No,Two year,No,Credit card (automatic),35.8,1316.9,No,0.1433,0,Low,2025-10-01
1043-UXOVO,Female,No,No,No,71,Yes,Yes,Fiber optic,Yes,Yes,Yes,Yes,Yes,Yes,Two year,Yes,Credit card (automatic),113.15,7993.3,No,0.1443,0,Low,2026-03-01
1064-FBXNK,Male,No,Yes,Yes,1,Yes,No,No,No,No,No,No,No,No,One year,No,Credit card (automatic),19.85,19.85,No,0.1899,0,Low,2025-09-01
3996-ZNWYK,Male,Yes,Yes,Yes,71,Yes,No,No,No,No,No,No,No,No,Two year,No,Credit card (automatic),19.8,1388.45,No,0.0075,0,Low,2025-10-01
2878-DHMIN,Male,No,Yes,Yes,35,Yes,No,No,No,No,No,No,No,No,One year,No,Electronic check,19.9,666.0,No,0.0723,0,Low,2025-09-01
7762-ONLJY,Female,No,Yes,Yes,6,Yes,No,No,No,No,No,No,No,No,One year,No,Mailed check,19.7,94.45,No,0.1627,0,Low,2025-12-01
1678-FYZOW,Female,No,No,No,3,Yes,No,Fiber optic,No,No,No,No,Yes,No,Month-to-month,Yes,Electronic check,79.4,244.65,Yes,0.8749,1,High,2026-06-01
5795-BKOYE,Female,No,Yes,Yes,69,Yes,No,DSL,No,Yes,Yes,Yes,No,No,One year,No,Bank transfer (automatic),59.1,4134.7,No,0.0286,0,Low,2025-11-01
8627-EHGIP,Male,No,No,No,44,No,No,DSL,No,Yes,Yes,No,Yes,Yes,One year,Yes,Mailed check,53.95,2375.4,Yes,0.3152,0,Medium,2026-08-01
7402-PWYJJ,Female,No,Yes,No,53,Yes,Yes,Fiber optic,No,No,No,Yes,No,Yes,One year,Yes,Electronic check,91.15,4862.5,No,0.4523,0,Medium,2025-12-01
5480-TBGPH,Female,No,Yes,No,24,Yes,No,Fiber optic,No,Yes,Yes,No,Yes,Yes,Month-to-month,Yes,Credit card (automatic),99.3,2431.35,Yes,0.7512,0,High,2025-09-01
0018-NYROU,Female,No,Yes,No,5,Yes,No,Fiber optic,No,No,No,No,No,No,Month-to-month,Yes,Electronic check,68.95,351.5,No,0.8443,1,High,2026-01-01
7501-VTYLJ,Female,No,No,Yes,2,Yes,No,DSL,No,Yes,No,No,No,No,Month-to-month,No,Mailed check,51.55,106.2,No,0.482,0,Medium,2026-05-01
7608-RGIRO,Male,No,No,Yes,62,Yes,Yes,No,No,No,No,No,No,No,Two year,Yes,Mailed check,24.4,1413.0,No,0.0182,0,Low,2025-10-01
0480-BIXDE,Female,No,Yes,No,19,Yes,No,Fiber optic,No,No,Yes,No,Yes,Yes,Month-to-month,Yes,Electronic check,96.8,1743.05,No,0.8457,1,High,2025-09-01
5895-QSXOD,Male,No,No,No,9,Yes,No,Fiber optic,No,No,No,No,No,No,Month-to-month,No,Mailed check,70.05,657.5,No,0.7115,0,High,2026-07-01
9814-AOUDH,Male,No,No,No,53,Yes,No,No,No,No,No,No,No,No,Two year,No,Credit card (automatic),19.5,1050.5,No,0.0169,0,Low,2026-04-01
6175-IRFIT,Male,No,No,No,5,Yes,No,Fiber optic,No,No,No,No,No,Yes,Month-to-month,No,Mailed check,78.75,426.35,No,0.7893,0,High,2026-01-01
8760-ZRHKE,Female,Yes,Yes,Yes,71,Yes,Yes,DSL,Yes,Yes,No,No,Yes,No,One year,No,Electronic check,69.2,4982.5,No,0.0783,0,Low,2026-06-01
1622-HSHSF,Female,No,No,No,1,Yes,No,No,No,No,No,No,No,No,Month-to-month,Yes,Mailed check,19.55,19.55,No,0.479,0,Medium,2026-07-01
8854-CCVSQ,Male,No,No,No,18,Yes,Yes,Fiber optic,No,Yes,No,No,No,No,Month-to-month,Yes,Electronic check,80.65,1451.9,Yes,0.798,1,High,2026-01-01
6749-UTDVX,Male,No,No,No,72,Yes,Yes,Fiber optic,No,Yes,Yes,No,Yes,Yes,Two year,Yes,Electronic check,103.65,7634.8,No,0.3272,0,Medium,2026-03-01
5542-DHSXL,Female,No,Yes,No,4,Yes,No,DSL,Yes,Yes,No,No,No,No,Month-to-month,No,Mailed check,54.7,235.05,No,0.4167,0,Medium,2025-09-01
9102-OXKFY,Male,No,No,No,59,Yes,Yes,DSL,No,No,Yes,No,No,No,Two year,No,Credit card (automatic),54.15,3116.15,No,0.0542,0,Low,2025-12-01
0511-JTEOY,Female,No,No,No,1,Yes,No,Fiber optic,No,No,No,No,No,No,Month-to-month,No,Mailed check,71.1,71.1,Yes,0.7536,0,High,2026-04-01
5216-WASFJ,Female,Yes,Yes,No,31,Yes,Yes,Fiber optic,No,No,No,No,No,Yes,Month-to-month,Yes,Electronic check,84.85,2633.4,No,0.8392,1,High,2025-11-01
7808-DVWEP,Male,No,Yes,No,3,Yes,No,No,No,No,No,No,No,No,Month-to-month,No,Bank transfer (automatic),20.0,49.65,No,0.3533,0,Medium,2026-08-01
7067-KSAZT,Female,Yes,Yes,No,65,Yes,Yes,Fiber optic,No,Yes,Yes,No,Yes,Yes,One year,Yes,Electronic check,106.25,6979.8,Yes,0.5577,0,Medium,2026-08-01
2284-VFLKH,Male,No,Yes,No,49,Yes,No,Fiber optic,No,No,Yes,Yes,Yes,Yes,One year,Yes,Credit card (automatic),99.25,4920.8,No,0.3995,0,Medium,2025-12-01
0366-NQSHS,Male,No,No,No,2,Yes,No,No,No,No,No,No,No,No,Month-to-month,No,Mailed check,19.35,46.35,No,0.3825,0,Medium,2026-01-01
6532-YLWSI,Female,No,Yes,No,53,Yes,No,No,No,No,No,No,No,No,One year,No,Bank transfer (automatic),20.8,1021.8,Yes,0.0295,0,Low,2025-11-01
3807-BPOMJ,Female,No,Yes,No,55,Yes,No,Fiber optic,Yes,No,No,No,Yes,Yes,One year,Yes,Electronic check,94.75,5276.1,No,0.4302,0,Medium,2026-03-01
3892-NXAZG,Male,No,Yes,Yes,72,Yes,Yes,Fiber optic,Yes,Yes,Yes,Yes,Yes,Yes,Two year,Yes,Credit card (automatic),114.05,8289.2,No,0.12,0,Low,2025-10-01
4948-WBBKL,Female,Yes,No,No,36,Yes,Yes,Fiber optic,No,No,No,No,No,No,Month-to-month,Yes,Bank transfer (automatic),74.9,2659.45,No,0.6886,0,High,2026-01-01
4182-BGSIQ,Female,No,Yes,Yes,10,Yes,No,No,No,No,No,No,No,No,Month-to-month,Yes,Bank transfer (automatic),19.8,196.75,No,0.3158,0,Medium,2026-03-01
9300-AGZNL,Male,Yes,No,No,1,Yes,Yes,Fiber optic,No,No,No,No,Yes,Yes,Month-to-month,Yes,Electronic check,94.0,94.0,Yes,0.9379,1,High,2026-04-01
0988-AADSA,Female,No,Yes,Yes,72,Yes,Yes,DSL,Yes,Yes,Yes,Yes,No,Yes,Two year,No,Bank transfer (automatic),80.85,5824.75,No,0.0201,0,Low,2026-04-01
9972-NKTFD,Female,No,No,No,28,Yes,No,DSL,No,Yes,No,Yes,No,No,Month-to-month,No,Bank transfer (automatic),54.65,1517.5,No,0.2368,0,Low,2025-11-01
3717-LNXKW,Male,No,Yes,No,38,Yes,Yes,Fiber optic,Yes,No,No,No,Yes,No,Month-to-month,No,Bank transfer (automatic),91.7,3479.05,No,0.5105,0,Medium,2026-06-01
5734-EJKXG,Female,No,No,No,61,Yes,Yes,Fiber optic,Yes,Yes,Yes,Yes,Yes,Yes,One year,Yes,Electronic check,118.6,7365.7,No,0.3731,0,Medium,2026-05-01
2207-RYYRL,Male,No,Yes,Yes,52,Yes,Yes,No,No,No,No,No,No,No,Two year,No,Mailed check,24.55,1331.05,No,0.0194,0,Low,2026-06-01
6729-FZWSY,Male,No,No,No,67,Yes,No,No,No,No,No,No,No,No,One year,Yes,Mailed check,19.45,1195.95,No,0.0257,0,Low,2026-02-01
9695-IDRZR,Female,No,No,Yes,34,Yes,Yes,Fiber optic,Yes,Yes,Yes,Yes,Yes,Yes,Two year,Yes,Credit card (automatic),116.15,3946.9,No,0.2301,0,Low,2026-07-01
8144-DGHXP,Female,No,No,No,54,Yes,No,DSL,Yes,No,Yes,Yes,Yes,Yes,Two year,No,Electronic check,80.6,4299.95,No,0.0676,0,Low,2026-01-01
7814-LEEVE,Female,No,Yes,No,1,Yes,No,No,No,No,No,No,No,No,Month-to-month,Yes,Bank transfer (automatic),20.3,20.3,No,0.459,0,Medium,2026-06-01
1112-CUNAO,Female,Yes,No,No,15,Yes,Yes,Fiber optic,No,Yes,No,No,No,Yes,Month-to-month,No,Electronic check,89.85,1424.95,Yes,0.8303,1,High,2025-11-01
5175-AOBHI,Female,No,No,No,4,Yes,No,DSL,No,No,No,No,No,No,Month-to-month,Yes,Mailed check,46.0,193.6,Yes,0.6562,0,High,2025-11-01
5174-RNGBH,Female,No,No,No,9,Yes,No,DSL,No,Yes,No,Yes,Yes,No,Month-to-month,No,Mailed check,66.25,620.55,Yes,0.4371,0,Medium,2026-03-01
8631-WUXGY,Female,No,No,Yes,46,Yes,No,Fiber optic,No,Yes,Yes,No,Yes,Yes,Month-to-month,Yes,Electronic check,99.8,4391.25,No,0.6556,0,High,2026-03-01
7270-BDIOA,Female,No,No,No,22,Yes,Yes,Fiber optic,No,No,No,Yes,Yes,No,Month-to-month,Yes,Electronic check,90.0,1993.8,Yes,0.7826,0,High,2026-05-01
9565-JSNFM,Male,No,No,No,38,Yes,No,Fiber optic,No,No,No,No,No,No,One year,Yes,Bank transfer (automatic),70.45,2597.6,Yes,0.3918,0,Medium,2025-12-01
5906-DVAPM,Female,No,Yes,Yes,55,Yes,Yes,DSL,Yes,Yes,No,Yes,Yes,No,One year,Yes,Credit card (automatic),75.0,4213.9,No,0.0795,0,Low,2026-07-01
6654-QGBZZ,Female,No,No,No,1,Yes,No,No,No,No,No,No,No,No,Month-to-month,No,Mailed check,19.9,19.9,No,0.3864,0,Medium,2025-12-01
8348-JLBUG,Male,Yes,Yes,No,64,Yes,No,Fiber optic,Yes,No,Yes,No,No,No,One year,No,Credit card (automatic),80.3,5017.7,No,0.143,0,Low,2026-03-01
0607-DAAHE,Male,No,No,Yes,53,Yes,No,No,No,No,No,No,No,No,Two year,No,Bank transfer (automatic),19.75,1052.35,Yes,0.0133,0,Low,2026-08-01
5641-DMBFJ,Female,No,Yes,No,58,Yes,Yes,DSL,Yes,No,Yes,Yes,Yes,Yes,Two year,Yes,Electronic check,84.3,4916.4,No,0.1117,0,Low,2026-03-01
9200-NLNPD,Male,No,Yes,No,56,No,No,DSL,No,No,Yes,Yes,Yes,Yes,One year,Yes,Bank transfer (automatic),54.05,2959.8,No,0.1858,0,Low,2026-05-01
2664-XJZNO,Male,No,Yes,Yes,72,Yes,No,Fiber optic,Yes,No,Yes,Yes,Yes,Yes,Two year,Yes,Credit card (automatic),104.9,7559.55,No,0.0993,0,Low,2026-07-01
9732-KPKBW,Male,No,No,No,1,Yes,No,DSL,Yes,No,No,Yes,No,No,Month-to-month,Yes,Electronic check,53.95,53.95,Yes,0.5729,0,Medium,2026-08-01
3339-EAQNV,Male,Yes,Yes,No,72,Yes,Yes,Fiber optic,No,Yes,No,No,Yes,Yes,One year,Yes,Credit card (automatic),97.25,7133.1,No,0.4242,0,Medium,2026-02-01
0921-OHLVP,Male,No,No,No,22,Yes,Yes,Fiber optic,No,No,No,No,No,Yes,Month-to-month,No,Electronic check,83.05,1799.3,No,0.7971,1,High,2026-02-01
3389-YGYAI,Female,Yes,No,No,8,Yes,Yes,Fiber optic,No,Yes,Yes,No,Yes,Yes,Month-to-month,Yes,Electronic check,105.5,829.55,Yes,0.9068,1,High,2025-11-01
9560-ARGQJ,Female,No,No,Yes,16,Yes,No,Fiber optic,No,No,No,No,Yes,No,Month-to-month,Yes,Electronic check,81.0,1312.15,Yes,0.79,0,High,2026-03-01
8350-NYMVI,Female,No,No,No,39,No,No,DSL,No,Yes,Yes,Yes,No,No,Month-to-month,No,Bank transfer (automatic),41.1,1597.05,No,0.2146,0,Low,2026-08-01
1600-DILPE,Female,No,No,No,12,Yes,No,DSL,No,No,No,No,No,No,Month-to-month,Yes,Bank transfer (automatic),45.0,524.35,No,0.5728,0,Medium,2026-02-01
0536-ESJEP,Male,No,Yes,No,54,Yes,No,DSL,Yes,Yes,No,No,Yes,Yes,Two year,Yes,Bank transfer (automatic),74.55,4191.45,No,0.0849,0,Low,2026-01-01
4654-GGUII,Female,No,No,No,18,No,No,DSL,Yes,Yes,No,Yes,No,No,One year,Yes,Mailed check,40.2,711.95,No,0.2385,0,Low,2025-10-01
6478-HRRCZ,Male,No,Yes,No,32,Yes,No,DSL,Yes,Yes,No,Yes,No,Yes,One year,No,Mailed check,70.5,2201.75,No,0.1156,0,Low,2026-01-01
8510-BBWMU,Female,No,No,No,41,Yes,No,No,No,No,No,No,No,No,One year,Yes,Mailed check,19.75,806.95,No,0.0747,0,Low,2025-11-01
6857-TKDJV,Male,No,Yes,Yes,67,Yes,Yes,No,No,No,No,No,No,No,Two year,No,Bank transfer (automatic),24.65,1620.45,No,0.0097,0,Low,2026-08-01
2360-RDGRO,Male,No,Yes,No,65,Yes,Yes,Fiber optic,Yes,No,Yes,No,Yes,Yes,Month-to-month,Yes,Electronic check,104.25,6812.95,No,0.6233,0,High,2026-03-01
0584-BJQGZ,Female,No,No,No,25,Yes,Yes,DSL,Yes,Yes,Yes,Yes,Yes,No,Month-to-month,Yes,Bank transfer (automatic),78.35,1837.9,No,0.3411,0,Medium,2025-10-01
5134-IKDAY,Female,No,Yes,Yes,1,Yes,No,Fiber optic,No,No,No,No,No,No,Month-to-month,Yes,Electronic check,69.8,69.8,Yes,0.8288,1,High,2025-09-01
1360-XFJMR,Female,No,Yes,No,67,Yes,Yes,Fiber optic,No,Yes,Yes,Yes,Yes,Yes,One year,Yes,Credit card (automatic),109.7,7344.45,No,0.3327,0,Medium,2026-07-01
3070-DVEYC,Male,Yes,No,No,7,Yes,Yes,Fiber optic,No,No,No,No,No,No,Month-to-month,No,Mailed check,73.75,545.15,Yes,0.8029,1,High,2026-08-01
5730-RIITO,Female,Yes,No,No,43,No,No,DSL,Yes,Yes,No,No,No,No,Month-to-month,Yes,Credit card (automatic),33.45,1500.25,No,0.2888,0,Low,2026-06-01
9058-MJLZC,Female,No,No,No,24,Yes,No,Fiber optic,Yes,No,No,No,Yes,Yes,Month-to-month,Yes,Electronic check,94.6,2283.15,No,0.7755,0,High,2025-10-01
5707-ORNDZ,Male,Yes,No,No,9,Yes,Yes,DSL,Yes,No,No,No,No,No,Month-to-month,No,Electronic check,54.55,494.05,Yes,0.6058,0,High,2025-10-01
0902-XKXPN,Male,No,Yes,Yes,69,Yes,No,No,No,No,No,No,No,No,Two year,No,Bank transfer (automatic),20.2,1376.5,No,0.0067,0,Low,2025-11-01
5177-RVZNU,Female,No,No,Yes,37,Yes,No,No,No,No,No,No,No,No,One year,No,Bank transfer (automatic),20.3,755.4,No,0.047,0,Low,2026-06-01
0056-EPFBG,Male,No,Yes,Yes,20,No,No,DSL,Yes,No,Yes,Yes,No,No,Two year,Yes,Credit card (automatic),39.4,825.4,No,0.1198,0,Low,2026-06-01
8993-IZEUX,Male,No,No,No,7,Yes,No,Fiber optic,No,No,No,No,No,No,Month-to-month,No,Bank transfer (automatic),69.15,488.65,No,0.7126,0,High,2026-07-01
8696-JKZNU,Female,Yes,No,No,37,Yes,Yes,Fiber optic,No,No,No,No,No,No,Month-to-month,Yes,Electronic check,76.25,2841.55,Yes,0.7584,0,High,2025-10-01
5380-AFSSK,Female,No,No,No,5,Yes,Yes,Fiber optic,No,No,No,No,Yes,Yes,Month-to-month,Yes,Mailed check,93.9,486.85,Yes,0.8899,1,High,2025-10-01
8190-ZTQFB,Male,No,No,No,41,No,No,DSL,No,No,Yes,No,Yes,Yes,One year,Yes,Electronic check,51.35,2075.1,No,0.4417,0,Medium,2026-07-01
0931-MHTEM,Female,No,No,No,54,Yes,No,Fiber optic,Yes,Yes,No,No,Yes,Yes,One year,Yes,Credit card (automatic),100.05,5299.65,No,0.3178,0,Medium,2026-08-01
2055-PDADH,Female,Yes,No,No,3,Yes,No,Fiber optic,No,No,No,No,No,No,Month-to-month,Yes,Electronic check,70.4,204.7,Yes,0.8746,1,High,2026-05-01
7515-LODFU,Male,Yes,No,No,69,Yes,No,No,No,No,No,No,No,No,Two year,No,Credit card (automatic),20.3,1356.3,No,0.0103,0,Low,2025-10-01
0440-UEDAI,Female,No,No,No,53,Yes,No,Fiber optic,No,Yes,Yes,Yes,No,Yes,One year,Yes,Credit card (automatic),94.45,5042.75,No,0.2807,0,Low,2025-09-01
1337-BOZWO,Male,No,Yes,Yes,18,No,No,DSL,No,Yes,Yes,No,Yes,No,One year,No,Credit card (automatic),46.4,812.4,No,0.2979,0,Low,2025-09-01
0868-VJRDR,Male,No,Yes,No,64,Yes,No,Fiber optic,Yes,Yes,No,Yes,Yes,Yes,Two year,Yes,Credit card (automatic),104.05,6605.55,No,0.1265,0,Low,2026-05-01
8714-EUHJO,Female,No,Yes,Yes,31,Yes,Yes,Fiber optic,No,Yes,No,No,No,Yes,Month-to-month,Yes,Electronic check,91.15,2995.45,Yes,0.7522,0,High,2026-07-01
6344-SFJVH,Female,No,No,No,20,No,No,DSL,No,No,No,No,No,No,Month-to-month,No,Credit card (automatic),24.9,505.95,No,0.4989,0,Medium,2026-04-01
3950-VPYJB,Male,No,Yes,Yes,57,Yes,No,DSL,Yes,Yes,No,Yes,No,No,One year,No,Mailed check,59.6,3509.4,No,0.0321,0,Low,2025-12-01
8041-TMEID,Male,Yes,Yes,No,63,Yes,Yes,Fiber optic,Yes,Yes,Yes,No,Yes,Yes,Two year,No,Credit card (automatic),108.5,6991.9,No,0.1938,0,Low,2026-06-01
7321-ZNSLA,Male,No,Yes,Yes,13,No,No,DSL,Yes,Yes,No,Yes,No,No,Two year,No,Mailed check,40.55,590.35,No,0.1012,0,Low,2025-09-01
6941-KXRRV,Female,Yes,Yes,No,48,Yes,No,DSL,No,Yes,No,No,No,Yes,One year,Yes,Bank transfer (automatic),58.95,2789.7,No,0.2083,0,Low,2026-06-01
3721-CNEYS,Female,No,No,No,2,Yes,No,Fiber optic,No,No,No,No,No,No,Month-to-month,Yes,Electronic check,70.95,137.95,Yes,0.8548,1,High,2026-07-01
8727-JQFHV,Male,No,Yes,Yes,57,Yes,No,No,No,No,No,No,No,No,Two year,No,Mailed check,20.75,1123.15,No,0.0117,0,Low,2026-05-01
9475-NNDGC,Male,No,Yes,No,71,Yes,Yes,Fiber optic,No,Yes,Yes,Yes,Yes,Yes,One year,Yes,Bank transfer (automatic),113.15,7953.25,No,0.3143,0,Medium,2026-07-01
1355-KUSBG,Female,No,Yes,Yes,7,Yes,Yes,DSL,No,No,No,No,No,No,Month-to-month,No,Electronic check,48.8,349.8,No,0.6185,0,High,2026-04-01
3688-FTHLT,Female,No,No,No,16,Yes,Yes,DSL,No,No,No,No,No,Yes,Month-to-month,Yes,Bank transfer (automatic),63.05,1067.05,No,0.6641,0,High,2026-02-01
0899-LIIBW,Male,No,Yes,No,34,Yes,Yes,Fiber optic,No,No,Yes,No,Yes,Yes,Month-to-month,No,Electronic check,100.85,3527.3,No,0.7811,0,High,2025-12-01
2568-OIADY,Female,No,Yes,No,37,Yes,Yes,Fiber optic,No,No,Yes,No,Yes,Yes,Month-to-month,Yes,Electronic check,99.5,3762.0,Yes,0.8256,1,High,2026-08-01
1384-RCUXW,Male,No,No,No,16,Yes,Yes,Fiber optic,No,Yes,No,No,No,No,Month-to-month,Yes,Mailed check,80.55,1248.9,No,0.7527,0,High,2026-05-01
5825-XJOCM,Male,No,No,Yes,48,Yes,Yes,DSL,Yes,Yes,Yes,No,No,No,One year,Yes,Bank transfer (automatic),64.4,3035.35,No,0.0982,0,Low,2025-11-01
6848-YLDFR,Male,No,Yes,Yes,58,Yes,No,DSL,No,Yes,No,Yes,Yes,Yes,One year,Yes,Credit card (automatic),75.2,4300.8,No,0.1117,0,Low,2026-08-01
8125-QPFJD,Female,No,Yes,No,72,Yes,Yes,DSL,Yes,No,Yes,Yes,Yes,Yes,Two year,Yes,Bank transfer (automatic),84.9,6065.3,No,0.0545,0,Low,2025-09-01
2320-YKQBO,Female,No,No,No,7,Yes,No,No,No,No,No,No,No,No,Month-to-month,No,Mailed check,19.3,144.95,No,0.3294,0,Medium,2026-04-01
1193-RTSLK,Female,No,No,No,38,Yes,No,Fiber optic,Yes,Yes,Yes,No,No,No,Month-to-month,Yes,Credit card (automatic),83.9,3233.6,Yes,0.4396,0,Medium,2025-11-01
2302-ANTDP,Female,Yes,Yes,No,48,Yes,Yes,Fiber optic,Yes,Yes,Yes,Yes,Yes,Yes,Month-to-month,No,Electronic check,117.45,5438.9,Yes,0.5506,0,Medium,2026-04-01
5923-GXUOC,Male,No,No,No,10,Yes,No,Fiber optic,Yes,Yes,Yes,No,Yes,Yes,Month-to-month,Yes,Electronic check,104.4,1081.45,Yes,0.8041,1,High,2026-01-01
4973-RLZVI,Female,No,No,No,30,Yes,No,DSL,Yes,Yes,Yes,Yes,Yes,No,One year,No,Credit card (automatic),74.65,2308.6,No,0.1084,0,Low,2026-02-01
7869-ZYDST,Male,No,Yes,No,31,Yes,Yes,DSL,No,No,No,No,Yes,No,Month-to-month,Yes,Credit card (automatic),59.05,1882.8,No,0.5334,0,Medium,2026-05-01
4501-UYKBC,Female,Yes,No,No,46,Yes,Yes,DSL,No,No,Yes,Yes,No,Yes,One year,Yes,Credit card (automatic),69.1,3255.35,No,0.2422,0,Low,2026-06-01
1215-EXRMO,Male,No,Yes,No,50,Yes,No,No,No,No,No,No,No,No,Two year,No,Mailed check,20.55,1067.65,No,0.02,0,Low,2026-01-01
2305-MRGLV,Male,No,Yes,No,28,Yes,No,Fiber optic,No,No,No,Yes,No,No,Month-to-month,No,Bank transfer (automatic),76.55,2065.4,No,0.4642,0,Medium,2026-08-01
8404-VIOMB,Female,No,No,No,66,No,No,DSL,Yes,Yes,Yes,Yes,Yes,Yes,Two year,Yes,Bank transfer (automatic),62.5,4136.4,No,0.0508,0,Low,2026-02-01
5233-GEEAX,Male,Yes,No,No,8,No,No,DSL,No,No,Yes,No,No,No,Month-to-month,Yes,Electronic check,29.4,221.9,Yes,0.8018,1,High,2025-10-01
2359-KLTEK,Female,No,Yes,Yes,41,Yes,No,Fiber optic,No,No,Yes,No,Yes,Yes,Month-to-month,Yes,Bank transfer (automatic),94.9,3848.0,No,0.6358,0,High,2025-09-01
5304-EFJLP,Male,Yes,Yes,No,72,Yes,Yes,Fiber optic,No,Yes,Yes,Yes,Yes,Yes,Two year,Yes,Bank transfer (automatic),111.65,8022.85,No,0.2261,0,Low,2025-11-01
2673-ZALNP,Female,No,No,No,7,Yes,No,No,No,No,No,No,No,No,One year,No,Mailed check,19.9,173.15,No,0.1931,0,Low,2026-05-01
9184-GALIL,Female,No,Yes,Yes,38,Yes,No,No,No,No,No,No,No,No,Month-to-month,No,Mailed check,20.45,781.25,No,0.0924,0,Low,2026-03-01
4393-RYCRE,Male,No,No,No,44,Yes,No,Fiber optic,Yes,Yes,Yes,No,Yes,Yes,One year,Yes,Electronic check,106.05,4510.8,No,0.4607,0,Medium,2026-01-01
9746-MDMBK,Male,No,Yes,Yes,47,Yes,Yes,Fiber optic,Yes,Yes,Yes,Yes,Yes,Yes,One year,Yes,Bank transfer (automatic),113.45,5317.8,No,0.2985,0,Low,2026-02-01
3162-ZJZFU,Male,No,Yes,Yes,53,Yes,No,Fiber optic,No,Yes,No,Yes,Yes,No,Month-to-month,Yes,Electronic check,92.55,4779.45,No,0.4474,0,Medium,2026-07-01
8404-GFGCZ,Male,No,Yes,No,4,Yes,Yes,DSL,No,No,Yes,No,Yes,No,Month-to-month,No,Electronic check,65.6,250.1,No,0.7218,0,High,2026-03-01
8875-AKBYH,Male,Yes,No,No,20,Yes,Yes,Fiber optic,No,No,No,No,Yes,No,Month-to-month,Yes,Electronic check,84.35,1745.2,No,0.872,1,High,2025-09-01
4432-ADRLB,Male,No,No,No,2,Yes,No,DSL,No,No,No,No,No,No,Month-to-month,No,Mailed check,44.65,74.9,Yes,0.5922,0,Medium,2025-09-01
0533-UCAAU,Male,Yes,Yes,No,57,Yes,Yes,DSL,No,Yes,Yes,No,Yes,No,One year,Yes,Credit card (automatic),71.1,4140.1,No,0.2027,0,Low,2026-02-01
1394-SUIUH,Female,Yes,Yes,No,44,Yes,No,Fiber optic,Yes,Yes,No,Yes,No,No,Month-to-month,Yes,Electronic check,85.15,3670.5,No,0.4454,0,Medium,2026-01-01
3521-MNKLV,Male,No,No,No,24,Yes,No,DSL,No,No,Yes,No,No,No,Month-to-month,Yes,Mailed check,49.7,1167.8,No,0.4749,0,Medium,2026-07-01
2533-TIBIX,Male,No,Yes,Yes,15,No,No,DSL,Yes,No,No,No,No,No,Month-to-month,Yes,Bank transfer (automatic),30.2,469.65,No,0.4809,0,Medium,2026-03-01
8993-PHFWD,Female,No,No,No,3,No,No,DSL,No,No,No,No,No,No,Month-to-month,No,Electronic check,25.25,58.9,Yes,0.7414,0,High,2026-06-01
1565-RHDJD,Female,No,No,Yes,4,Yes,Yes,Fiber optic,No,Yes,Yes,No,No,No,Month-to-month,No,Bank transfer (automatic),84.05,333.55,Yes,0.6796,0,High,2026-04-01
7137-RYLPP,Male,Yes,Yes,No,37,Yes,Yes,Fiber optic,No,No,No,No,Yes,No,Month-to-month,Yes,Electronic check,85.7,3171.15,Yes,0.8039,1,High,2026-01-01
3765-JXVKY,Female,No,No,No,1,Yes,No,Fiber optic,No,Yes,No,No,No,No,Month-to-month,Yes,Electronic check,74.7,74.7,Yes,0.837,1,High,2026-04-01
5092-STPKP,Female,No,No,No,24,Yes,No,DSL,Yes,No,No,Yes,No,No,Month-to-month,No,Credit card (automatic),56.35,1381.2,No,0.2188,0,Low,2026-04-01
7330-WZLNC,Female,No,No,No,5,Yes,Yes,Fiber optic,No,Yes,No,No,Yes,No,Month-to-month,Yes,Electronic check,90.8,455.5,Yes,0.8723,1,High,2026-05-01
0114-PEGZZ,Female,No,No,No,33,Yes,Yes,Fiber optic,No,Yes,Yes,No,Yes,Yes,Month-to-month,No,Electronic check,107.55,3645.5,No,0.7569,0,High,2025-11-01
3359-DSRKA,Female,No,Yes,Yes,58,Yes,No,No,No,No,No,No,No,No,Two year,Yes,Mailed check,19.85,1158.85,No,0.0161,0,Low,2026-04-01
8639-NHQEI,Female,No,Yes,Yes,72,Yes,Yes,Fiber optic,Yes,Yes,No,No,Yes,No,Two year,Yes,Bank transfer (automatic),95.9,6954.15,No,0.1017,0,Low,2025-12-01
7161-DFHUF,Female,No,Yes,No,71,Yes,Yes,No,No,No,No,No,No,No,Two year,No,Mailed check,23.85,1672.1,No,0.0107,0,Low,2026-06-01
3957-LXOLK,Female,Yes,No,No,28,Yes,Yes,Fiber optic,No,Yes,Yes,No,Yes,Yes,Month-to-month,Yes,Electronic check,106.15,3152.5,Yes,0.8638,1,High,2026-06-01
3720-DBRWL,Male,No,Yes,No,51,Yes,No,DSL,Yes,Yes,Yes,Yes,Yes,Yes,Two year,Yes,Credit card (automatic),83.85,4307.1,No,0.0677,0,Low,2026-04-01
6635-MYYYZ,Female,No,No,No,30,Yes,No,DSL,Yes,Yes,Yes,Yes,Yes,Yes,One year,No,Bank transfer (automatic),85.35,2530.4,Yes,0.1406,0,Low,2026-08-01
8565-WUXZU,Male,Yes,Yes,No,72,Yes,No,Fiber optic,Yes,Yes,No,Yes,No,No,Two year,Yes,Credit card (automatic),84.8,6141.65,No,0.0646,0,Low,2026-03-01
5281-BUZGT,Male,Yes,No,No,36,Yes,Yes,Fiber optic,Yes,No,No,No,Yes,No,Month-to-month,Yes,Electronic check,90.85,3186.7,Yes,0.7375,0,High,2025-09-01
4994-OBRSZ,Male,No,No,Yes,14,Yes,No,DSL,Yes,Yes,Yes,Yes,No,Yes,Two year,No,Bank transfer (automatic),76.1,1054.8,No,0.0819,0,Low,2026-04-01
0562-FGDCR,Female,No,Yes,Yes,72,Yes,Yes,DSL,Yes,Yes,No,Yes,Yes,No,Two year,No,Mailed check,74.55,5430.65,No,0.0192,0,Low,2026-06-01
2436-QBZFP,Female,No,Yes,Yes,22,No,No,DSL,No,Yes,No,No,Yes,No,Month-to-month,No,Electronic check,39.2,849.9,No,0.5253,0,Medium,2025-10-01
3420-YJLQT,Female,No,No,No,2,Yes,Yes,Fiber optic,No,Yes,No,No,No,No,Month-to-month,No,Electronic check,79.55,151.75,No,0.8109,1,High,2025-10-01
6040-CGACY,Female,No,No,No,15,Yes,No,No,No,No,No,No,No,No,Month-to-month,No,Mailed check,19.6,299.4,No,0.2578,0,Low,2025-12-01
6582-PLFUU,Male,No,Yes,Yes,51,Yes,No,No,No,No,No,No,No,No,Two year,No,Credit card (automatic),19.55,1086.75,No,0.0148,0,Low,2026-07-01
8242-PDSGJ,Male,No,Yes,No,70,No,No,DSL,Yes,No,Yes,Yes,No,No,Two year,Yes,Credit card (automatic),39.15,2692.75,No,0.0241,0,Low,2026-03-01
0264-CNITK,Female,No,Yes,Yes,71,Yes,No,No,No,No,No,No,No,No,Two year,No,Bank transfer (automatic),20.1,1389.6,No,0.006,0,Low,2026-08-01
0089-IIQKO,Female,No,Yes,Yes,39,Yes,Yes,Fiber optic,No,No,No,Yes,Yes,Yes,Month-to-month,Yes,Credit card (automatic),99.95,3767.4,No,0.6331,0,High,2026-07-01
7839-NUIAA,Female,No,Yes,Yes,61,Yes,Yes,DSL,Yes,Yes,No,No,No,No,Month-to-month,No,Electronic check,59.8,3641.5,No,0.1237,0,Low,2026-03-01
6075-QMNRR,Female,No,No,No,52,Yes,No,DSL,Yes,No,No,No,No,No,Month-to-month,Yes,Bank transfer (automatic),49.75,2535.55,No,0.1711,0,Low,2026-05-01
5378-IKEEG,Female,No,No,No,1,No,No,DSL,No,No,No,No,Yes,No,Month-to-month,Yes,Electronic check,35.75,35.75,Yes,0.8443,1,High,2025-12-01
5966-EMAZU,Male,No,Yes,No,64,Yes,Yes,Fiber optic,Yes,No,Yes,Yes,Yes,Yes,One year,Yes,Mailed check,108.5,6880.85,No,0.3032,0,Medium,2025-10-01
0440-EKDCF,Male,No,Yes,No,62,Yes,No,DSL,No,Yes,Yes,Yes,No,No,Two year,Yes,Credit card (automatic),60.15,3753.2,No,0.036,0,Low,2026-01-01
4774-HHGGS,Male,No,Yes,No,30,Yes,No,No,No,No,No,No,No,No,Two year,No,Mailed check,19.05,637.55,No,0.0462,0,Low,2026-04-01
2718-GAXQD,Female,Yes,Yes,Yes,4,Yes,No,DSL,No,No,No,No,No,No,Month-to-month,No,Electronic check,46.0,181.6,Yes,0.6308,0,High,2025-11-01
2055-BFOCC,Male,Yes,Yes,No,63,Yes,No,DSL,Yes,Yes,Yes,Yes,Yes,Yes,One year,Yes,Bank transfer (automatic),84.0,5329.55,No,0.1049,0,Low,2025-11-01
8180-AKMJV,Female,No,No,No,1,Yes,No,DSL,No,No,No,No,No,No,Month-to-month,Yes,Credit card (automatic),44.55,44.55,No,0.673,0,High,2025-09-01
4298-OYIFC,Male,No,Yes,No,15,Yes,Yes,Fiber optic,No,No,Yes,Yes,Yes,Yes,Month-to-month,Yes,Electronic check,103.45,1539.8,No,0.8514,1,High,2026-05-01
5566-SOEZD,Male,No,Yes,Yes,27,Yes,No,Fiber optic,Yes,Yes,No,No,No,No,One year,Yes,Credit card (automatic),80.65,2209.75,No,0.2976,0,Low,2026-07-01
9842-EFSYY,Female,No,No,Yes,4,No,No,DSL,Yes,Yes,Yes,No,Yes,Yes,Month-to-month,Yes,Mailed check,57.2,223.75,No,0.6641,0,High,2026-06-01
2272-WUSPA,Female,No,Yes,No,72,Yes,Yes,Fiber optic,Yes,Yes,Yes,No,Yes,Yes,Two year,Yes,Electronic check,110.75,7751.7,No,0.2341,0,Low,2026-01-01
4584-LBNMK,Male,Yes,Yes,No,45,Yes,Yes,No,No,No,No,No,No,No,One year,No,Credit card (automatic),24.7,1174.35,No,0.0679,0,Low,2026-04-01
3898-GUYTS,Female,Yes,No,No,45,Yes,Yes,Fiber optic,Yes,Yes,No,Yes,Yes,No,Month-to-month,Yes,Electronic check,97.05,4385.05,No,0.5845,0,Medium,2026-08-01
0930-EHUZA,Female,No,No,No,36,Yes,No,DSL,Yes,Yes,Yes,Yes,Yes,No,One year,Yes,Mailed check,76.35,2606.35,No,0.128,0,Low,2026-04-01
6413-XKKPU,Male,No,Yes,Yes,17,Yes,No,Fiber optic,Yes,No,Yes,No,Yes,No,Month-to-month,Yes,Electronic check,89.4,1539.45,Yes,0.7031,0,High,2025-12-01
9975-SKRNR,Male,No,No,No,1,Yes,No,No,No,No,No,No,No,No,Month-to-month,No,Mailed check,18.9,18.9,No,0.3934,0,Medium,2026-01-01
3703-KBKZP,Male,Yes,No,No,16,Yes,Yes,Fiber optic,No,No,No,No,No,No,Month-to-month,Yes,Bank transfer (automatic),74.45,1261.35,No,0.8095,1,High,2026-05-01
1449-XQEMT,Male,No,No,No,3,Yes,No,No,No,No,No,No,No,No,Month-to-month,Yes,Mailed check,19.8,58.15,Yes,0.4616,0,Medium,2026-02-01
2626-URJFX,Male,No,Yes,Yes,4,Yes,Yes,DSL,No,No,No,No,No,No,Month-to-month,Yes,Electronic check,50.9,225.6,Yes,0.7244,0,High,2026-07-01
4973-MGTON,Female,No,Yes,No,71,Yes,No,DSL,Yes,Yes,Yes,Yes,Yes,Yes,Two year,Yes,Credit card (automatic),84.4,5969.3,No,0.0385,0,Low,2026-07-01
3682-YEUWS,Male,No,Yes,Yes,10,Yes,Yes,No,No,No,No,No,No,No,Month-to-month,Yes,Mailed check,24.4,253.9,No,0.3886,0,Medium,2025-09-01
1223-UNPKS,Male,No,Yes,Yes,20,Yes,No,No,No,No,No,No,No,No,Two year,No,Mailed check,20.05,400.0,No,0.0548,0,Low,2026-05-01
2612-RRIDN,Male,No,No,No,4,Yes,No,Fiber optic,No,No,No,No,Yes,No,Month-to-month,Yes,Electronic check,81.0,340.85,Yes,0.8722,1,High,2026-01-01
4735-ASGMA,Male,No,No,No,26,Yes,Yes,Fiber optic,No,No,Yes,No,Yes,Yes,Month-to-month,Yes,Electronic check,98.35,2515.3,Yes,0.8624,1,High,2026-03-01
3446-QDSZF,Female,No,No,No,4,Yes,No,DSL,No,No,No,No,Yes,No,Month-to-month,No,Credit card (automatic),55.5,227.35,No,0.6022,0,High,2025-12-01
3669-LVWZB,Male,No,No,No,5,No,No,DSL,No,Yes,No,No,Yes,Yes,Month-to-month,Yes,Mailed check,51.0,305.95,Yes,0.7942,0,High,2026-01-01
6892-EZDTG,Female,No,Yes,No,4,Yes,Yes,Fiber optic,No,Yes,No,No,Yes,No,Month-to-month,Yes,Electronic check,91.65,365.4,Yes,0.873,1,High,2025-12-01
5117-IFGPS,Male,Yes,Yes,No,29,Yes,Yes,Fiber optic,No,No,No,No,No,Yes,Month-to-month,Yes,Electronic check,84.3,2357.75,No,0.8467,1,High,2025-09-01
7379-FNIUJ,Male,No,No,No,2,Yes,No,Fiber optic,Yes,Yes,No,No,Yes,Yes,Month-to-month,No,Electronic check,100.2,198.5,No,0.7795,0,High,2026-06-01
1627-AFWVJ,Female,No,No,No,29,Yes,No,No,No,No,No,No,No,No,Two year,No,Mailed check,19.4,554.25,No,0.047,0,Low,2025-10-01
9725-SCPZG,Male,No,No,Yes,1,Yes,No,Fiber optic,No,No,No,No,Yes,Yes,Month-to-month,Yes,Electronic check,90.85,90.85,Yes,0.8855,1,High,2026-01-01
5884-GCYMI,Male,No,No,No,1,Yes,No,Fiber optic,No,No,No,No,No,No,Month-to-month,No,Mailed check,69.4,69.4,Yes,0.7604,0,High,2025-11-01
3217-FZDMN,Female,Yes,No,No,8,Yes,No,Fiber optic,No,No,Yes,No,Yes,Yes,Month-to-month,Yes,Credit card (automatic),94.45,742.95,Yes,0.8664,1,High,2025-10-01
4486-EFAEB,Male,No,No,No,13,Yes,No,No,No,No,No,No,No,No,Month-to-month,Yes,Electronic check,20.4,251.65,No,0.4308,0,Medium,2026-01-01
0060-FUALY,Female,No,Yes,No,59,Yes,Yes,Fiber optic,Yes,Yes,No,No,Yes,No,Month-to-month,Yes,Electronic check,94.75,5597.65,No,0.5234,0,Medium,2026-08-01
7853-GVUDZ,Female,No,Yes,Yes,1,Yes,No,No,No,No,No,No,No,No,Month-to-month,Yes,Credit card (automatic),20.15,20.15,Yes,0.4063,0,Medium,2026-08-01
7480-QNVZJ,Male,Yes,No,No,50,Yes,Yes,Fiber optic,No,No,No,No,Yes,Yes,Month-to-month,Yes,Electronic check,95.7,4816.7,Yes,0.8093,1,High,2026-01-01
6954-OOYZZ,Male,No,Yes,No,18,Yes,No,DSL,No,No,No,No,No,No,Month-to-month,Yes,Bank transfer (automatic),44.35,768.05,No,0.5199,0,Medium,2026-03-01
7088-FBAWU,Female,No,Yes,Yes,17,Yes,No,DSL,Yes,Yes,No,No,Yes,Yes,Month-to-month,No,Mailed check,74.55,1215.8,No,0.3749,0,Medium,2026-08-01
8313-AFGBW,Male,No,Yes,No,47,Yes,No,DSL,No,Yes,Yes,No,Yes,Yes,Two year,No,Electronic check,73.6,3522.65,No,0.1409,0,Low,2025-11-01
3943-KDREE,Female,No,No,No,26,Yes,Yes,Fiber optic,No,No,No,No,No,No,Month-to-month,Yes,Bank transfer (automatic),74.95,1834.95,Yes,0.7075,0,High,2026-08-01
9239-ZBZZV,Female,No,No,No,6,No,No,DSL,No,No,Yes,No,Yes,Yes,Month-to-month,Yes,Electronic check,47.95,305.1,Yes,0.8529,1,High,2025-10-01
3097-IDVPU,Male,No,Yes,Yes,19,Yes,Yes,DSL,No,No,No,No,No,No,Month-to-month,No,Credit card (automatic),50.1,910.45,No,0.4225,0,Medium,2025-11-01
4398-HSCJH,Female,No,No,No,3,Yes,Yes,DSL,No,No,No,Yes,Yes,No,Month-to-month,Yes,Electronic check,63.6,155.65,Yes,0.7401,0,High,2026-01-01
2197-OMWGI,Female,Yes,Yes,Yes,68,No,No,DSL,No,Yes,Yes,No,Yes,Yes,Two year,Yes,Electronic check,53.0,3656.25,No,0.1198,0,Low,2025-09-01
2303-PJYHN,Female,No,Yes,No,2,Yes,No,No,No,No,No,No,No,No,Month-to-month,No,Bank transfer (automatic),19.85,52.0,No,0.3603,0,Medium,2026-06-01
9795-VOWON,Male,No,No,No,7,No,No,DSL,No,No,No,No,No,No,One year,Yes,Credit card (automatic),24.35,150.85,No,0.5524,0,Medium,2026-07-01
1237-WIYYZ,Female,No,No,No,18,Yes,No,No,No,No,No,No,No,No,Month-to-month,Yes,Mailed check,19.55,389.25,No,0.3093,0,Medium,2026-01-01
1987-AUELQ,Female,No,Yes,No,71,Yes,Yes,No,No,No,No,No,No,No,Two year,No,Credit card (automatic),25.05,1873.7,No,0.0106,0,Low,2026-07-01
7852-LECYP,Male,Yes,Yes,No,13,Yes,Yes,Fiber optic,Yes,Yes,No,No,No,Yes,Month-to-month,No,Credit card (automatic),93.8,1261.0,No,0.7043,0,High,2026-06-01
4430-UZIPO,Male,No,No,No,3,No,No,DSL,No,Yes,No,Yes,No,No,Month-to-month,Yes,Mailed check,36.85,108.7,Yes,0.6384,0,High,2026-06-01
4822-LPTYJ,Male,No,Yes,No,72,Yes,Yes,Fiber optic,No,Yes,Yes,No,Yes,Yes,Two year,Yes,Bank transfer (automatic),103.75,7346.2,No,0.2369,0,Low,2026-06-01
8165-CBKXO,Male,No,Yes,Yes,66,No,No,DSL,No,Yes,Yes,No,Yes,Yes,Two year,Yes,Credit card (automatic),56.75,3708.4,No,0.0782,0,Low,2026-03-01
6527-PZFPV,Male,No,Yes,Yes,24,Yes,No,No,No,No,No,No,No,No,One year,Yes,Credit card (automatic),20.8,469.65,No,0.1119,0,Low,2025-10-01
4855-SNKMY,Female,No,No,No,1,Yes,No,DSL,No,No,No,No,No,No,Month-to-month,Yes,Electronic check,44.1,44.1,Yes,0.7477,0,High,2026-08-01
9593-CVZKR,Female,No,Yes,Yes,56,Yes,Yes,No,No,No,No,No,No,No,Two year,Yes,Mailed check,24.45,1385.85,No,0.0232,0,Low,2026-04-01
8595-SIZNC,Female,Yes,Yes,No,22,Yes,Yes,No,No,No,No,No,No,No,One year,No,Bank transfer (automatic),25.6,548.8,No,0.1525,0,Low,2026-07-01
8008-HAWED,Male,No,No,No,14,No,No,DSL,No,No,Yes,No,Yes,Yes,Month-to-month,Yes,Electronic check,50.75,712.75,Yes,0.8114,1,High,2026-08-01
7124-UGSUR,Female,Yes,Yes,No,61,Yes,Yes,Fiber optic,No,Yes,Yes,No,Yes,Yes,One year,Yes,Credit card (automatic),104.4,6405.0,Yes,0.4881,0,Medium,2025-11-01
1862-SKORY,Female,Yes,Yes,No,40,No,No,DSL,No,Yes,No,No,Yes,No,Month-to-month,Yes,Electronic check,39.3,1637.4,Yes,0.5565,0,Medium,2026-01-01
5236-XMZJY,Female,No,No,No,42,Yes,No,DSL,Yes,Yes,Yes,No,No,No,Month-to-month,No,Bank transfer (automatic),59.65,2536.55,No,0.1523,0,Low,2025-11-01
4827-DPADN,Female,No,Yes,Yes,72,Yes,Yes,DSL,Yes,No,Yes,Yes,Yes,Yes,Two year,Yes,Bank transfer (automatic),83.3,6042.7,No,0.0443,0,Low,2025-09-01
2694-CIUMO,Female,No,No,No,12,Yes,Yes,Fiber optic,No,No,No,Yes,No,No,Month-to-month,Yes,Credit card (automatic),79.55,958.25,No,0.7284,0,High,2026-08-01
5846-ABOBJ,Male,No,Yes,No,71,Yes,Yes,No,No,No,No,No,No,No,Two year,No,Bank transfer (automatic),24.45,1730.65,No,0.0104,0,Low,2026-08-01
1439-LCGVL,Female,No,Yes,No,26,Yes,No,No,No,No,No,No,No,No,One year,No,Mailed check,19.2,459.6,No,0.094,0,Low,2026-08-01
0909-SDHNU,Female,No,No,Yes,7,No,No,DSL,Yes,No,No,No,No,No,Month-to-month,No,Mailed check,29.8,201.95,No,0.4811,0,Medium,2026-07-01
4647-XXZAM,Female,No,Yes,Yes,6,Yes,No,DSL,No,No,No,No,No,No,Month-to-month,No,Mailed check,45.5,285.2,No,0.4909,0,Medium,2026-04-01
1502-XFCVR,Female,No,No,No,58,Yes,No,Fiber optic,Yes,Yes,Yes,No,Yes,Yes,One year,Yes,Electronic check,106.45,6145.85,Yes,0.3838,0,Medium,2026-03-01
7740-KKCXF,Male,No,Yes,No,51,No,No,DSL,No,Yes,No,No,No,No,Month-to-month,Yes,Credit card (automatic),30.05,1529.45,No,0.261,0,Low,2026-08-01
5360-XGYAZ,Male,No,Yes,Yes,72,No,No,DSL,Yes,Yes,Yes,Yes,Yes,Yes,Two year,Yes,Bank transfer (automatic),65.65,4664.5,No,0.0339,0,Low,2026-03-01
9692-TUSXH,Female,No,No,No,18,Yes,No,Fiber optic,Yes,No,No,No,Yes,Yes,Month-to-month,Yes,Electronic check,96.05,1740.7,Yes,0.7997,1,High,2026-04-01
7912-SYRQT,Female,No,No,No,7,Yes,Yes,Fiber optic,No,No,No,No,No,No,Month-to-month,Yes,Bank transfer (automatic),75.1,552.95,Yes,0.8161,1,High,2025-11-01
3557-HTYWR,Female,No,No,No,47,Yes,Yes,DSL,Yes,Yes,No,Yes,No,Yes,Two year,No,Mailed check,74.05,3496.3,No,0.0545,0,Low,2026-05-01
4816-JBHOV,Male,Yes,No,No,2,Yes,No,DSL,No,No,No,No,No,No,Month-to-month,Yes,Electronic check,44.7,93.7,Yes,0.7787,0,High,2026-06-01
8920-NAVAY,Male,Yes,No,No,62,Yes,Yes,Fiber optic,No,Yes,Yes,Yes,Yes,Yes,One year,Yes,Bank transfer (automatic),110.75,7053.35,No,0.4197,0,Medium,2026-05-01
1699-TLDLZ,Female,No,Yes,Yes,16,Yes,No,No,No,No,No,No,No,No,Two year,No,Mailed check,19.7,301.55,No,0.0632,0,Low,2026-02-01
5600-PDUJF,Male,No,No,No,6,Yes,No,DSL,No,No,No,Yes,No,No,Month-to-month,Yes,Credit card (automatic),49.5,312.7,No,0.5469,0,Medium,2025-11-01
8292-TYSPY,Male,No,No,No,19,Yes,No,DSL,No,No,Yes,Yes,No,No,Month-to-month,Yes,Credit card (automatic),55.0,1046.5,Yes,0.4204,0,Medium,2025-09-01
0567-XRHCU,Female,No,Yes,Yes,69,No,No,DSL,Yes,No,Yes,No,No,Yes,Two year,Yes,Credit card (automatic),43.95,2960.1,No,0.0393,0,Low,2026-04-01
1867-BDVFH,Male,No,Yes,Yes,11,Yes,Yes,Fiber optic,No,No,No,No,No,No,Month-to-month,Yes,Electronic check,74.35,834.2,Yes,0.821,1,High,2026-05-01
2067-QYTCF,Female,No,Yes,No,64,Yes,Yes,Fiber optic,No,Yes,Yes,Yes,Yes,Yes,Month-to-month,Yes,Electronic check,111.15,6953.4,No,0.6034,0,High,2026-06-01
2359-QWQUL,Female,No,Yes,No,39,Yes,No,Fiber optic,Yes,No,Yes,Yes,Yes,Yes,One year,Yes,Credit card (automatic),104.7,4134.85,Yes,0.3604,0,Medium,2026-08-01
9103-TCIHJ,Female,No,No,No,15,Yes,Yes,DSL,Yes,No,No,No,No,No,Month-to-month,Yes,Mailed check,55.7,899.8,Yes,0.5185,0,Medium,2026-02-01
7407-SUJIZ,Male,No,No,No,25,Yes,No,No,No,No,No,No,No,No,Month-to-month,No,Mailed check,20.6,541.5,No,0.1873,0,Low,2026-06-01
9150-KPBJQ,Female,No,No,No,6,Yes,No,No,No,No,No,No,No,No,Two year,No,Credit card (automatic),19.65,116.85,No,0.1117,0,Low,2026-05-01
0052-DCKON,Male,No,Yes,No,66,Yes,Yes,Fiber optic,Yes,Yes,Yes,Yes,Yes,Yes,One year,No,Bank transfer (automatic),115.8,7942.15,No,0.2088,0,Low,2025-12-01
3654-ARMGP,Female,No,No,No,61,Yes,Yes,DSL,No,Yes,Yes,Yes,Yes,Yes,Two year,No,Credit card (automatic),88.65,5321.25,No,0.0665,0,Low,2026-07-01
9699-UBQFS,Female,Yes,Yes,No,43,Yes,Yes,Fiber optic,Yes,Yes,No,No,Yes,No,Month-to-month,Yes,Electronic check,94.5,4156.8,No,0.6733,0,High,2025-09-01
9367-TCUYN,Female,No,No,No,12,Yes,No,No,No,No,No,No,No,No,Month-to-month,No,Mailed check,20.1,223.6,No,0.2812,0,Low,2026-04-01
1261-FWTTE,Male,Yes,No,No,23,No,No,DSL,No,No,No,No,No,Yes,Month-to-month,Yes,Bank transfer (automatic),34.65,768.45,No,0.6813,0,High,2026-08-01
3528-HFRIQ,Male,Yes,Yes,No,71,No,No,DSL,No,Yes,Yes,No,Yes,Yes,Month-to-month,Yes,Bank transfer (automatic),52.3,3765.05,No,0.2939,0,Low,2026-04-01
0708-SJDIS,Female,No,No,No,34,Yes,Yes,DSL,No,No,No,Yes,Yes,No,Month-to-month,No,Mailed check,65.0,2157.5,No,0.3391,0,Medium,2026-08-01
4140-WJAWW,Female,No,No,No,5,Yes,No,No,No,No,No,No,No,No,Month-to-month,No,Credit card (automatic),19.85,108.05,Yes,0.3363,0,Medium,2025-09-01
2073-QBVBI,Female,No,Yes,No,41,No,No,DSL,No,Yes,No,Yes,No,No,One year,No,Mailed check,35.45,1391.65,No,0.1146,0,Low,2026-03-01
6928-ONTRW,Female,No,Yes,Yes,72,Yes,No,No,No,No,No,No,No,No,Two year,No,Credit card (automatic),19.7,1379.8,No,0.0058,0,Low,2026-06-01
3320-VEOYC,Male,Yes,No,No,14,Yes,Yes,Fiber optic,No,No,No,No,Yes,Yes,Month-to-month,Yes,Electronic check,95.6,1273.3,No,0.9128,1,High,2026-04-01
5231-FIQPA,Female,No,No,No,41,Yes,No,No,No,No,No,No,No,No,Two year,Yes,Mailed check,19.85,810.45,No,0.0411,0,Low,2026-07-01
6617-WLBQC,Female,No,Yes,Yes,23,Yes,Yes,Fiber optic,Yes,No,No,No,No,No,One year,No,Credit card (automatic),81.85,1810.85,No,0.3186,0,Medium,2026-02-01
2599-CIPQE,Male,No,Yes,Yes,71,Yes,No,Fiber optic,Yes,Yes,Yes,Yes,Yes,Yes,Two year,No,Credit card (automatic),109.3,7782.85,No,0.0654,0,Low,2026-05-01
6653-CBBOM,Female,No,No,No,1,Yes,No,Fiber optic,No,No,No,No,No,No,Month-to-month,Yes,Electronic check,70.3,70.3,Yes,0.8596,1,High,2026-02-01
8774-GSBUN,Male,No,Yes,No,72,Yes,Yes,No,No,No,No,No,No,No,Two year,No,Mailed check,25.4,1797.1,No,0.0105,0,Low,2026-07-01
7326-RIGQZ,Male,No,Yes,Yes,6,Yes,No,Fiber optic,No,No,No,No,No,No,Month-to-month,Yes,Electronic check,69.8,377.85,No,0.8068,1,High,2025-10-01
1401-FTHFQ,Male,No,Yes,Yes,23,Yes,No,No,No,No,No,No,No,No,One year,Yes,Credit card (automatic),20.0,445.3,No,0.117,0,Low,2025-12-01
3247-ZVOUO,Male,Yes,Yes,No,10,Yes,Yes,Fiber optic,No,No,No,No,No,Yes,Month-to-month,No,Electronic check,85.55,851.75,Yes,0.8674,1,High,2025-10-01
0254-FNMCI,Female,No,No,No,72,Yes,No,Fiber optic,Yes,Yes,Yes,Yes,Yes,Yes,Two year,Yes,Electronic check,109.9,7624.2,No,0.1427,0,Low,2026-05-01
1848-LBZHY,Female,No,Yes,No,7,Yes,No,DSL,Yes,No,No,No,No,No,Month-to-month,Yes,Bank transfer (automatic),50.3,355.1,No,0.5098,0,Medium,2025-11-01
6101-IMRMM,Male,No,No,Yes,6,Yes,No,Fiber optic,No,No,Yes,No,Yes,Yes,Month-to-month,No,Mailed check,94.5,575.45,Yes,0.7673,0,High,2025-12-01
8118-TJAFG,Male,No,Yes,Yes,9,Yes,No,Fiber optic,No,Yes,No,Yes,Yes,Yes,Month-to-month,Yes,Electronic check,101.5,906.85,No,0.7811,0,High,2026-07-01
5429-LWCMV,Female,No,No,No,12,Yes,Yes,Fiber optic,No,Yes,No,No,No,Yes,Month-to-month,Yes,Electronic check,89.15,1057.55,No,0.8621,1,High,2026-01-01
7298-IZWLY,Female,No,No,No,1,Yes,No,No,No,No,No,No,No,No,Month-to-month,Yes,Mailed check,19.4,19.4,No,0.4794,0,Medium,2025-10-01
9758-MFWGD,Female,Yes,Yes,Yes,48,No,No,DSL,No,Yes,No,No,No,No,One year,No,Bank transfer (automatic),29.9,1388.75,No,0.1104,0,Low,2025-09-01
3955-JBZZM,Male,No,No,No,20,Yes,No,Fiber optic,No,No,No,No,Yes,No,Month-to-month,No,Electronic check,78.8,1641.3,No,0.7517,0,High,2025-11-01
1268-ASBGA,Female,Yes,Yes,No,16,Yes,Yes,Fiber optic,No,No,No,No,No,Yes,Month-to-month,Yes,Credit card (automatic),85.35,1375.15,Yes,0.8471,1,High,2026-07-01
8943-URTMR,Female,No,No,No,2,Yes,No,Fiber optic,No,No,No,No,Yes,No,Month-to-month,Yes,Mailed check,79.65,152.7,Yes,0.84,1,High,2026-03-01
4815-TUMEQ,Female,No,No,No,10,Yes,No,No,No,No,No,No,No,No,One year,Yes,Mailed check,19.3,185.2,No,0.2337,0,Low,2026-08-01
4713-LZDRV,Female,Yes,No,No,2,Yes,No,Fiber optic,No,No,No,No,No,Yes,Month-to-month,Yes,Electronic check,79.6,195.05,Yes,0.9058,1,High,2025-11-01
9909-IDLEK,Male,No,Yes,Yes,20,Yes,Yes,Fiber optic,No,Yes,No,Yes,Yes,No,Month-to-month,No,Mailed check,96.8,1826.7,No,0.5566,0,Medium,2026-01-01
4092-OFQZS,Male,No,Yes,No,20,Yes,No,No,No,No,No,No,No,No,One year,No,Mailed check,20.65,417.5,No,0.1203,0,Low,2025-10-01
1561-BWHIN,Male,No,Yes,Yes,19,Yes,No,No,No,No,No,No,No,No,One year,No,Mailed check,19.8,344.5,No,0.1017,0,Low,2026-01-01
4325-NFSKC,Male,Yes,No,No,19,Yes,Yes,Fiber optic,Yes,No,No,No,Yes,No,Month-to-month,Yes,Electronic check,90.6,1660.0,Yes,0.8168,1,High,2026-03-01
9927-DSWDF,Male,No,Yes,No,22,Yes,No,Fiber optic,Yes,Yes,No,Yes,Yes,Yes,Month-to-month,Yes,Electronic check,104.6,2180.55,No,0.6809,0,High,2026-06-01
9500-LTVBP,Female,No,No,No,35,Yes,Yes,Fiber optic,No,No,No,Yes,No,No,Month-to-month,No,Credit card (automatic),80.05,2835.9,No,0.4858,0,Medium,2026-01-01
7252-NTGSS,Female,No,No,No,1,Yes,No,DSL,No,No,No,No,No,No,Month-to-month,No,Mailed check,45.15,45.15,No,0.5962,0,Medium,2026-06-01
8149-AIQCG,Male,No,No,No,39,Yes,Yes,Fiber optic,No,No,No,No,No,No,Month-to-month,Yes,Credit card (automatic),73.15,2730.85,No,0.6277,0,High,2026-04-01
1360-JYXKQ,Female,Yes,Yes,No,54,Yes,No,Fiber optic,No,No,Yes,Yes,Yes,Yes,One year,Yes,Electronic check,99.1,5437.1,No,0.5028,0,Medium,2025-12-01
2955-PSXOE,Female,No,No,No,1,Yes,No,No,No,No,No,No,No,No,Month-to-month,Yes,Bank transfer (automatic),20.2,20.2,Yes,0.462,0,Medium,2026-07-01
7762-URZQH,Male,No,Yes,No,66,Yes,Yes,Fiber optic,Yes,No,Yes,No,Yes,Yes,Two year,Yes,Credit card (automatic),106.05,6981.35,Yes,0.2251,0,Low,2026-02-01
0899-WZRSD,Male,No,No,No,56,Yes,Yes,Fiber optic,Yes,No,No,Yes,Yes,Yes,Month-to-month,Yes,Mailed check,105.35,5794.45,No,0.5162,0,Medium,2025-10-01
3255-GRXMG,Male,No,No,Yes,18,Yes,No,DSL,No,No,No,No,No,No,Month-to-month,Yes,Credit card (automatic),45.65,747.2,No,0.4637,0,Medium,2026-08-01
4828-FAZPK,Female,No,Yes,Yes,16,Yes,Yes,Fiber optic,No,Yes,No,No,No,No,Month-to-month,Yes,Credit card (automatic),79.95,1267.95,No,0.6935,0,High,2026-07-01
6094-ZIVKX,Female,No,No,No,68,Yes,No,DSL,Yes,No,Yes,No,No,No,One year,Yes,Credit card (automatic),54.45,3674.95,No,0.0555,0,Low,2025-09-01
6925-BAYGL,Female,Yes,Yes,No,53,Yes,Yes,No,No,No,No,No,No,No,Two year,No,Credit card (automatic),25.1,1275.6,No,0.0258,0,Low,2026-07-01
3262-EIDHV,Female,No,Yes,Yes,72,Yes,Yes,DSL,Yes,No,Yes,Yes,Yes,Yes,Two year,No,Credit card (automatic),84.7,5893.9,No,0.0298,0,Low,2026-08-01
7354-OIJLX,Male,No,No,No,9,Yes,Yes,Fiber optic,No,No,No,No,No,No,Month-to-month,Yes,Electronic check,75.85,724.65,No,0.8601,1,High,2026-06-01
1376-HHBDV,Female,No,No,No,30,Yes,No,DSL,Yes,No,No,No,No,No,Month-to-month,Yes,Mailed check,48.8,1536.75,No,0.3336,0,Medium,2025-12-01
6907-NZZIJ,Female,No,No,No,36,Yes,Yes,Fiber optic,No,Yes,No,No,Yes,Yes,Month-to-month,Yes,Electronic check,99.15,3615.6,Yes,0.8108,1,High,2026-04-01
6133-OZILE,Female,No,No,No,18,No,No,DSL,No,No,Yes,Yes,No,No,Month-to-month,Yes,Electronic check,35.2,607.3,No,0.6014,0,High,2026-03-01
4135-FRWKJ,Female,Yes,Yes,Yes,55,Yes,Yes,DSL,Yes,No,Yes,Yes,Yes,No,One year,No,Electronic check,76.25,4154.55,No,0.1027,0,Low,2026-04-01
2911-UREFD,Female,No,Yes,No,39,No,No,DSL,Yes,No,Yes,No,Yes,Yes,Month-to-month,No,Electronic check,55.9,2184.35,Yes,0.4419,0,Medium,2026-04-01
3744-ZRRDZ,Male,No,No,No,21,Yes,Yes,Fiber optic,No,Yes,No,No,No,No,Month-to-month,Yes,Electronic check,82.35,1852.85,Yes,0.7864,0,High,2026-04-01
5673-TIYIB,Male,No,No,No,2,No,No,DSL,No,Yes,Yes,Yes,No,No,Month-to-month,Yes,Credit card (automatic),40.4,77.15,Yes,0.6274,0,High,2026-03-01
6551-ZCOTS,Male,Yes,No,No,33,Yes,Yes,No,No,No,No,No,No,No,One year,Yes,Bank transfer (automatic),24.9,847.8,No,0.1474,0,Low,2026-05-01
7191-ADRGF,Male,No,Yes,No,44,No,No,DSL,No,Yes,Yes,No,Yes,Yes,Two year,No,Bank transfer (automatic),54.3,2390.45,No,0.1353,0,Low,2026-03-01
5018-LXQQG,Female,No,Yes,Yes,30,Yes,No,DSL,Yes,No,No,Yes,No,Yes,Month-to-month,No,Bank transfer (automatic),66.3,1923.5,No,0.1948,0,Low,2025-09-01
6892-BOGQE,Female,No,Yes,No,71,Yes,No,No,No,No,No,No,No,No,Two year,Yes,Bank transfer (automatic),20.9,1493.2,No,0.011,0,Low,2025-09-01
1602-IJQQE,Female,No,No,No,4,Yes,Yes,Fiber optic,No,No,No,No,No,No,Month-to-month,No,Electronic check,75.35,338.1,Yes,0.8289,1,High,2026-08-01
4628-WQCQQ,Male,No,No,Yes,35,Yes,No,Fiber optic,No,No,Yes,No,Yes,No,One year,Yes,Electronic check,85.15,3030.6,Yes,0.5173,0,Medium,2026-07-01
1746-TGTWV,Male,No,Yes,No,1,Yes,No,Fiber optic,No,No,Yes,No,No,No,Month-to-month,No,Credit card (automatic),75.35,75.35,No,0.7371,0,High,2026-04-01
5995-SNNEW,Male,Yes,Yes,No,23,Yes,Yes,Fiber optic,No,Yes,Yes,No,Yes,Yes,Month-to-month,Yes,Electronic check,104.45,2184.85,No,0.869,1,High,2025-11-01
8050-WYBND,Female,No,No,Yes,22,No,No,DSL,No,No,Yes,No,Yes,Yes,One year,Yes,Credit card (automatic),49.45,1031.4,No,0.4605,0,Medium,2026-06-01
2821-WARNZ,Female,No,No,Yes,49,Yes,No,No,No,No,No,No,No,No,One year,No,Credit card (automatic),19.45,921.3,No,0.0288,0,Low,2025-10-01
4879-GZLFH,Female,No,Yes,Yes,42,Yes,No,Fiber optic,No,No,Yes,No,Yes,Yes,Month-to-month,Yes,Electronic check,92.15,3875.4,No,0.7148,0,High,2026-01-01
1644-IRKSF,Female,No,Yes,Yes,33,Yes,No,Fiber optic,No,No,Yes,No,Yes,Yes,One year,Yes,Electronic check,93.8,3124.5,Yes,0.6076,0,High,2025-12-01
8314-HTWVE,Female,No,Yes,Yes,7,Yes,No,No,No,No,No,No,No,No,Two year,No,Mailed check,19.85,144.15,No,0.0905,0,Low,2025-09-01
9402-ROUMJ,Female,No,Yes,Yes,67,Yes,Yes,Fiber optic,Yes,No,Yes,Yes,No,Yes,One year,Yes,Bank transfer (automatic),100.25,6689.0,No,0.1789,0,Low,2026-06-01
2507-QZPQS,Male,No,No,No,15,Yes,Yes,Fiber optic,No,Yes,No,Yes,No,Yes,Month-to-month,No,Electronic check,95.7,1451.1,No,0.7369,0,High,2026-03-01
7159-NOKYQ,Male,No,Yes,No,67,Yes,Yes,Fiber optic,No,Yes,Yes,No,No,Yes,Two year,Yes,Electronic check,93.15,6368.2,No,0.2781,0,Low,2025-12-01
5707-ZMDJP,Male,No,Yes,Yes,53,Yes,No,DSL,Yes,Yes,No,Yes,Yes,No,Two year,Yes,Mailed check,69.7,3729.6,No,0.0374,0,Low,2026-03-01
8779-YIQQA,Male,No,Yes,Yes,21,Yes,No,No,No,No,No,No,No,No,One year,No,Mailed check,19.8,350.1,No,0.0935,0,Low,2025-09-01
7136-IHZJA,Female,No,Yes,Yes,40,Yes,No,DSL,Yes,Yes,No,Yes,No,Yes,Month-to-month,Yes,Mailed check,71.35,2847.2,No,0.1929,0,Low,2026-02-01
8966-OIQHG,Female,No,Yes,Yes,22,Yes,No,No,No,No,No,No,No,No,One year,No,Bank transfer (automatic),20.75,452.35,No,0.0842,0,Low,2026-03-01
7074-STDCN,Male,No,No,No,39,No,No,DSL,No,No,No,Yes,No,Yes,Month-to-month,Yes,Electronic check,40.6,1494.5,No,0.4888,0,Medium,2026-01-01
3705-PSNGL,Male,No,No,No,45,Yes,No,No,No,No,No,No,No,No,One year,Yes,Electronic check,20.4,930.45,Yes,0.0866,0,Low,2026-06-01
8739-QOTTN,Female,No,Yes,No,2,Yes,No,No,No,No,No,No,No,No,Month-to-month,No,Mailed check,20.35,41.85,No,0.3727,0,Medium,2025-11-01
1399-OUPJN,Female,No,Yes,Yes,57,Yes,No,No,No,No,No,No,No,No,Two year,No,Bank transfer (automatic),19.75,1272.05,No,0.0113,0,Low,2025-10-01
0277-BKSQP,Male,No,Yes,Yes,8,Yes,No,DSL,No,No,No,No,Yes,No,Month-to-month,Yes,Electronic check,54.4,475.1,No,0.6914,0,High,2026-03-01
6502-HCJTI,Male,Yes,Yes,No,7,Yes,Yes,Fiber optic,Yes,Yes,No,No,No,Yes,Month-to-month,Yes,Credit card (automatic),94.7,673.1,Yes,0.7995,1,High,2026-07-01
2606-RMDHZ,Male,No,No,No,6,No,No,DSL,No,Yes,No,No,No,No,Month-to-month,Yes,Credit card (automatic),30.5,208.7,Yes,0.6884,0,High,2026-01-01
5774-XZTQC,Female,No,Yes,Yes,7,Yes,No,No,No,No,No,No,No,No,Month-to-month,No,Mailed check,20.45,150.75,No,0.2764,0,Low,2025-09-01
2676-SSLTO,Male,No,No,No,49,Yes,Yes,DSL,No,No,No,Yes,Yes,No,Two year,Yes,Bank transfer (automatic),66.15,3199.0,No,0.1022,0,Low,2026-08-01
6266-QHOJZ,Female,No,No,No,65,Yes,Yes,Fiber optic,Yes,Yes,No,Yes,No,No,One year,Yes,Electronic check,89.85,5844.65,No,0.198,0,Low,2026-02-01
7269-JISCY,Female,No,No,No,55,Yes,No,DSL,No,No,No,No,No,No,One year,No,Bank transfer (automatic),45.05,2462.6,No,0.0836,0,Low,2025-11-01
0363-SVHYR,Male,No,Yes,Yes,71,Yes,Yes,DSL,Yes,Yes,Yes,Yes,Yes,Yes,Two year,No,Bank transfer (automatic),86.85,6263.8,No,0.0294,0,Low,2026-04-01
8547-NSBBO,Male,No,No,No,35,Yes,Yes,Fiber optic,Yes,Yes,Yes,Yes,No,No,Month-to-month,Yes,Mailed check,96.75,3403.4,No,0.4546,0,Medium,2025-12-01
8258-GSTJK,Male,Yes,No,No,3,Yes,Yes,Fiber optic,No,No,No,No,No,No,Month-to-month,Yes,Electronic check,77.0,237.75,Yes,0.8978,1,High,2026-08-01
6861-OKBCE,Female,No,No,Yes,11,Yes,No,No,No,No,No,No,No,No,Month-to-month,No,Credit card (automatic),20.1,221.35,Yes,0.2369,0,Low,2025-12-01
9940-RHLFB,Female,No,No,No,1,Yes,No,Fiber optic,No,No,Yes,No,No,No,Month-to-month,No,Electronic check,75.3,75.3,Yes,0.7995,1,High,2026-03-01
6591-QGOYB,Male,No,No,No,17,Yes,Yes,Fiber optic,Yes,Yes,Yes,Yes,Yes,No,Month-to-month,Yes,Bank transfer (automatic),106.65,1672.1,No,0.5979,0,Medium,2026-03-01
9070-BCKQP,Female,No,Yes,No,72,Yes,Yes,Fiber optic,Yes,No,Yes,Yes,Yes,Yes,Two year,Yes,Credit card (automatic),110.15,7881.2,No,0.1541,0,Low,2025-11-01
6421-SZVEM,Female,No,Yes,Yes,28,Yes,No,Fiber optic,Yes,No,No,No,No,Yes,One year,Yes,Bank transfer (automatic),82.85,2320.8,No,0.3941,0,Medium,2026-02-01
1328-EUZHC,Female,No,Yes,No,18,Yes,No,No,No,No,No,No,No,No,Two year,No,Mailed check,20.1,370.5,No,0.0724,0,Low,2025-10-01
2995-UPRYS,Female,Yes,Yes,No,40,Yes,No,Fiber optic,No,Yes,No,Yes,Yes,Yes,One year,Yes,Credit card (automatic),99.2,4062.2,Yes,0.4684,0,Medium,2026-04-01
8878-RYUKI,Female,No,No,No,52,Yes,No,DSL,No,No,Yes,No,No,Yes,Month-to-month,Yes,Electronic check,59.45,3043.7,No,0.3921,0,Medium,2026-06-01
9633-DENPU,Female,No,Yes,No,47,Yes,No,DSL,No,Yes,No,No,Yes,No,Month-to-month,Yes,Bank transfer (automatic),58.6,2723.4,No,0.2965,0,Low,2026-08-01
7811-JIVPF,Female,No,No,No,23,Yes,No,DSL,No,No,Yes,No,No,No,Month-to-month,No,Credit card (automatic),49.7,1081.25,No,0.3741,0,Medium,2025-12-01
7113-HIPFI,Male,No,Yes,Yes,66,Yes,No,DSL,Yes,Yes,Yes,Yes,No,No,Two year,No,Mailed check,65.85,4097.05,No,0.0121,0,Low,2025-12-01
8541-QVFKM,Female,No,No,No,8,Yes,Yes,Fiber optic,No,No,No,No,No,No,Month-to-month,Yes,Electronic check,73.5,632.2,No,0.8642,1,High,2026-03-01
6686-YPGHK,Male,Yes,No,No,47,Yes,No,Fiber optic,Yes,No,No,No,No,Yes,Month-to-month,No,Mailed check,85.5,4042.3,Yes,0.4727,0,Medium,2026-05-01
1383-EZRWL,Female,No,No,No,7,Yes,No,No,No,No,No,No,No,No,Month-to-month,No,Mailed check,20.05,164.85,Yes,0.3285,0,Medium,2026-08-01
9258-CNWAC,Female,No,Yes,Yes,71,Yes,Yes,Fiber optic,Yes,Yes,Yes,Yes,Yes,Yes,Two year,No,Credit card (automatic),113.65,8166.8,No,0.0862,0,Low,2025-09-01
5371-VYLSX,Female,Yes,No,No,50,Yes,Yes,Fiber optic,Yes,Yes,No,No,No,No,Month-to-month,Yes,Electronic check,83.4,4113.7,No,0.5566,0,Medium,2025-11-01
6374-AFWOX,Male,No,Yes,No,46,Yes,No,DSL,Yes,Yes,Yes,Yes,No,No,Two year,No,Mailed check,65.65,3047.15,No,0.0304,0,Low,2025-12-01
4759-TRPLW,Male,No,No,No,1,Yes,No,Fiber optic,No,No,No,No,No,No,Month-to-month,No,Electronic check,70.4,70.4,Yes,0.8107,1,High,2025-12-01
5317-FLPJF,Female,No,No,No,66,No,No,DSL,Yes,No,Yes,Yes,Yes,Yes,Two year,Yes,Bank transfer (automatic),61.35,4193.4,No,0.0587,0,Low,2026-02-01
7621-VPNET,Female,No,Yes,No,42,Yes,Yes,Fiber optic,No,No,Yes,Yes,No,No,Month-to-month,Yes,Credit card (automatic),85.9,3729.75,No,0.5283,0,Medium,2026-07-01
6034-YMTOB,Female,No,No,No,5,Yes,No,Fiber optic,No,No,No,Yes,No,No,Month-to-month,Yes,Mailed check,75.65,399.45,No,0.7321,0,High,2025-09-01
8563-IIOXK,Male,No,Yes,Yes,7,Yes,No,DSL,Yes,No,No,No,No,No,One year,Yes,Electronic check,49.75,331.3,Yes,0.3735,0,Medium,2026-06-01
4903-CNOZC,Male,No,No,No,29,Yes,Yes,DSL,No,Yes,Yes,No,No,Yes,One year,No,Credit card (automatic),70.9,1964.6,No,0.2676,0,Low,2026-04-01
4353-HYOJD,Female,No,Yes,Yes,27,Yes,No,DSL,No,Yes,No,No,No,No,Month-to-month,No,Mailed check,49.85,1336.15,No,0.2754,0,Low,2026-04-01
8020-BWHYL,Female,Yes,No,No,15,Yes,No,Fiber optic,No,Yes,No,No,No,No,Month-to-month,Yes,Credit card (automatic),75.3,1147.45,Yes,0.7401,0,High,2026-05-01
7267-FRMJW,Female,No,Yes,Yes,25,Yes,No,No,No,No,No,No,No,No,Two year,No,Mailed check,20.1,486.05,No,0.0438,0,Low,2025-10-01
2982-VPSGI,Female,No,Yes,No,11,Yes,Yes,Fiber optic,No,No,No,No,Yes,Yes,Month-to-month,Yes,Electronic check,94.0,1078.9,Yes,0.9036,1,High,2026-05-01
4188-FRABG,Male,No,Yes,No,57,Yes,Yes,Fiber optic,Yes,Yes,Yes,Yes,Yes,No,Month-to-month,Yes,Electronic check,103.05,5925.75,No,0.4669,0,Medium,2025-11-01
8199-ZLLSA,Male,No,No,No,67,Yes,Yes,Fiber optic,Yes,Yes,Yes,Yes,Yes,Yes,One year,Yes,Bank transfer (automatic),118.35,7804.15,Yes,0.2585,0,Low,2026-03-01
4128-ETESU,Female,Yes,Yes,No,47,Yes,Yes,Fiber optic,No,No,Yes,No,Yes,Yes,Month-to-month,No,Electronic check,99.7,4747.2,No,0.7546,0,High,2026-05-01
0620-DLSLK,Female,No,No,No,13,Yes,No,Fiber optic,No,No,No,No,Yes,No,Month-to-month,Yes,Mailed check,81.9,1028.9,No,0.7877,0,High,2026-04-01
4625-EWPTF,Male,No,No,No,8,No,No,DSL,Yes,No,No,No,No,No,Month-to-month,Yes,Electronic check,30.45,226.45,Yes,0.6917,0,High,2025-12-01
5980-NOPLP,Female,No,Yes,No,44,Yes,Yes,Fiber optic,No,No,No,No,Yes,Yes,Month-to-month,Yes,Electronic check,96.1,4364.1,Yes,0.8017,1,High,2026-01-01
3850-OKINF,Male,No,Yes,Yes,71,Yes,Yes,DSL,Yes,No,No,No,Yes,No,One year,Yes,Electronic check,66.2,4692.55,No,0.1023,0,Low,2026-02-01
6892-XPFPU,Male,Yes,Yes,No,24,Yes,Yes,Fiber optic,No,Yes,Yes,No,Yes,Yes,Month-to-month,Yes,Electronic check,104.25,2433.9,Yes,0.8702,1,High,2025-09-01
8010-EZLOU,Male,Yes,No,No,15,Yes,Yes,Fiber optic,No,Yes,No,No,No,No,Month-to-month,Yes,Electronic check,80.2,1217.25,Yes,0.8407,1,High,2026-05-01
1156-ZFYDO,Female,No,No,No,1,Yes,No,No,No,No,No,No,No,No,Month-to-month,No,Electronic check,19.75,19.75,No,0.4625,0,Medium,2025-10-01
3295-YVUSR,Male,Yes,No,No,2,Yes,Yes,Fiber optic,No,No,No,No,No,No,Month-to-month,Yes,Mailed check,72.6,154.3,No,0.8744,1,High,2026-02-01
8016-NCFVO,Male,Yes,No,No,55,Yes,Yes,Fiber optic,Yes,Yes,Yes,Yes,Yes,Yes,Month-to-month,Yes,Electronic check,116.5,6382.55,No,0.6224,0,High,2026-04-01
4119-ZYPZY,Male,Yes,No,No,71,Yes,Yes,Fiber optic,No,Yes,No,Yes,Yes,Yes,Two year,Yes,Electronic check,106.8,7623.2,No,0.302,0,Medium,2025-09-01
5549-ZGHFB,Male,No,Yes,Yes,50,Yes,Yes,No,No,No,No,No,No,No,Two year,No,Mailed check,24.95,1261.45,No,0.0209,0,Low,2026-08-01
7577-SWIFR,Male,No,No,No,1,Yes,No,Fiber optic,No,No,No,No,Yes,Yes,Month-to-month,Yes,Electronic check,89.25,89.25,No,0.9082,1,High,2026-01-01
0303-WMMRN,Male,No,No,No,5,Yes,No,No,No,No,No,No,No,No,Month-to-month,Yes,Mailed check,19.25,86.05,No,0.4413,0,Medium,2025-09-01
6408-OTUBZ,Female,No,No,No,66,Yes,Yes,Fiber optic,Yes,Yes,Yes,Yes,Yes,No,One year,Yes,Bank transfer (automatic),104.55,6779.05,No,0.1854,0,Low,2026-04-01
5204-HMGYF,Female,No,Yes,Yes,49,Yes,No,DSL,Yes,Yes,Yes,Yes,Yes,Yes,One year,Yes,Mailed check,87.2,4345.0,No,0.1068,0,Low,2026-03-01
1078-TDCRN,Female,Yes,Yes,No,3,No,No,DSL,No,Yes,No,No,No,No,Month-to-month,Yes,Electronic check,30.75,82.85,No,0.8068,1,High,2026-04-01
3727-OVPRY,Male,No,Yes,Yes,66,Yes,Yes,No,No,No,No,No,No,No,One year,Yes,Credit card (automatic),25.7,1714.55,No,0.0279,0,Low,2026-06-01
3797-FKOGQ,Male,No,No,Yes,11,Yes,Yes,Fiber optic,No,No,No,No,No,Yes,Month-to-month,No,Electronic check,86.2,893.2,No,0.8052,1,High,2026-02-01
7622-NXQZR,Male,No,No,No,28,No,No,DSL,No,No,No,Yes,No,No,Month-to-month,Yes,Credit card (automatic),30.1,810.85,No,0.4256,0,Medium,2026-06-01
6196-HBOBZ,Male,No,Yes,No,65,Yes,Yes,Fiber optic,Yes,Yes,Yes,No,Yes,No,Two year,Yes,Electronic check,99.35,6347.55,No,0.1973,0,Low,2026-01-01
3970-XGJDU,Female,No,No,No,62,Yes,No,No,No,No,No,No,No,No,Two year,Yes,Credit card (automatic),19.2,1123.65,No,0.0161,0,Low,2026-03-01
7017-VFULY,Female,No,Yes,No,2,Yes,No,No,No,No,No,No,No,No,Month-to-month,No,Bank transfer (automatic),20.1,43.15,No,0.3592,0,Medium,2025-10-01
5562-YJQGT,Female,No,No,No,2,Yes,No,No,No,No,No,No,No,No,Month-to-month,No,Credit card (automatic),20.35,35.1,No,0.3635,0,Medium,2026-04-01
8807-OPMBM,Female,No,Yes,Yes,55,Yes,Yes,No,No,No,No,No,No,No,Two year,Yes,Credit card (automatic),25.65,1388.0,No,0.0229,0,Low,2025-12-01
5439-WIKXB,Male,Yes,Yes,No,41,Yes,No,Fiber optic,No,Yes,No,No,Yes,Yes,Month-to-month,Yes,Electronic check,94.55,3851.45,No,0.7771,0,High,2026-05-01
9874-QLCLH,Female,No,Yes,Yes,17,Yes,Yes,Fiber optic,Yes,No,Yes,No,Yes,Yes,Month-to-month,Yes,Electronic check,104.2,1743.5,Yes,0.7991,1,High,2026-06-01
8294-UIMBA,Female,No,No,No,30,Yes,No,Fiber optic,No,No,No,Yes,Yes,Yes,One year,Yes,Bank transfer (automatic),94.4,2638.1,No,0.5021,0,Medium,2026-07-01
8109-YUOHE,Male,No,No,No,17,Yes,No,DSL,Yes,Yes,No,No,No,No,One year,No,Mailed check,56.1,946.95,No,0.1832,0,Low,2026-08-01
5840-NVDCG,Female,No,Yes,Yes,16,Yes,No,DSL,Yes,Yes,No,Yes,No,Yes,Two year,No,Bank transfer (automatic),68.25,1114.85,No,0.0802,0,Low,2025-10-01
8092-NLTGF,Male,No,No,No,72,Yes,Yes,No,No,No,No,No,No,No,Two year,No,Bank transfer (automatic),24.75,1777.6,No,0.0101,0,Low,2025-10-01
5928-QLDHB,Male,No,No,No,9,Yes,Yes,Fiber optic,No,No,No,No,No,No,Month-to-month,Yes,Electronic check,76.25,684.85,No,0.8585,1,High,2026-08-01
9840-EFJQB,Female,No,No,No,1,Yes,No,Fiber optic,No,Yes,No,No,No,No,Month-to-month,No,Electronic check,74.35,74.35,No,0.7799,0,High,2026-01-01
0696-UKTOX,Male,No,No,Yes,23,Yes,No,DSL,No,Yes,No,Yes,No,No,Month-to-month,No,Electronic check,54.15,1312.45,No,0.3072,0,Medium,2025-09-01
4801-KFYKL,Male,No,No,Yes,8,Yes,No,No,No,No,No,No,No,No,Month-to-month,No,Bank transfer (automatic),19.45,159.2,No,0.2635,0,Low,2025-12-01
3472-OAOOR,Male,No,Yes,Yes,19,No,No,DSL,Yes,Yes,No,No,No,No,Month-to-month,Yes,Mailed check,34.95,610.2,No,0.4126,0,Medium,2026-07-01
6135-OZQVA,Female,No,No,No,7,Yes,Yes,DSL,Yes,No,No,No,No,No,Month-to-month,Yes,Electronic check,53.65,404.35,No,0.6624,0,High,2026-01-01
8062-YBDOE,Male,Yes,No,No,1,Yes,No,Fiber optic,No,No,No,No,No,No,Month-to-month,Yes,Electronic check,69.65,69.65,Yes,0.8843,1,High,2025-09-01
2252-JHJGE,Male,No,No,No,61,Yes,Yes,Fiber optic,Yes,No,Yes,No,Yes,Yes,One year,No,Electronic check,104.0,6363.45,No,0.3803,0,Medium,2026-05-01
4188-PCPIG,Female,No,Yes,No,57,Yes,No,DSL,Yes,Yes,No,Yes,Yes,No,Two year,Yes,Credit card (automatic),70.35,4124.65,No,0.0394,0,Low,2025-11-01
6000-APYLU,Male,No,No,No,9,Yes,No,Fiber optic,No,No,No,No,No,Yes,Month-to-month,Yes,Electronic check,80.8,713.1,Yes,0.8651,1,High,2026-01-01
7105-BENQF,Male,No,No,Yes,15,Yes,No,DSL,Yes,No,Yes,No,No,Yes,One year,No,Mailed check,64.85,950.75,No,0.2281,0,Low,2025-09-01
7721-DVEKZ,Female,No,No,No,1,Yes,No,No,No,No,No,No,No,No,Month-to-month,No,Mailed check,19.65,19.65,No,0.3871,0,Medium,2026-04-01
3566-VVORZ,Female,No,Yes,No,12,Yes,No,DSL,No,No,No,No,No,No,Month-to-month,No,Bank transfer (automatic),45.9,505.95,No,0.4734,0,Medium,2026-02-01
9507-HSMMZ,Male,No,No,No,54,Yes,No,No,No,No,No,No,No,No,Two year,No,Mailed check,20.0,1149.65,No,0.0172,0,Low,2026-07-01
2480-SQIOB,Male,No,Yes,Yes,4,Yes,No,DSL,No,No,No,No,No,No,Month-to-month,No,Electronic check,44.8,169.65,No,0.5913,0,Medium,2026-01-01
0947-IDHRQ,Female,No,No,No,7,Yes,No,Fiber optic,No,No,No,No,Yes,No,Month-to-month,Yes,Mailed check,80.3,526.7,Yes,0.8175,1,High,2025-11-01
7813-TKCVO,Female,No,Yes,No,20,Yes,No,No,No,No,No,No,No,No,One year,No,Mailed check,20.35,393.15,No,0.1181,0,Low,2025-10-01
0128-MKWSG,Female,No,No,Yes,26,No,No,DSL,Yes,No,No,Yes,No,Yes,Month-to-month,No,Mailed check,45.8,1147.0,No,0.2928,0,Low,2025-11-01
3672-YITQD,Male,Yes,Yes,No,36,Yes,Yes,Fiber optic,No,No,No,No,No,Yes,Month-to-month,Yes,Electronic check,84.1,3021.6,Yes,0.8221,1,High,2026-02-01
4350-ZTLPI,Female,No,Yes,No,53,Yes,Yes,Fiber optic,No,Yes,Yes,Yes,Yes,Yes,One year,Yes,Bank transfer (automatic),108.95,5718.2,No,0.4,0,Medium,2025-10-01
9048-JVYVF,Male,No,No,No,3,Yes,No,DSL,No,No,No,Yes,Yes,Yes,Month-to-month,Yes,Electronic check,69.35,191.35,Yes,0.7519,0,High,2026-01-01
0361-HJRDX,Female,No,No,No,68,No,No,DSL,Yes,Yes,Yes,Yes,Yes,Yes,Two year,No,Credit card (automatic),64.35,4539.6,No,0.0351,0,Low,2026-07-01
5727-MYATE,Male,No,Yes,Yes,72,Yes,Yes,DSL,Yes,Yes,Yes,Yes,Yes,Yes,Two year,Yes,Credit card (automatic),90.8,6397.6,No,0.0403,0,Low,2026-06-01
3823-KYNQY,Male,No,No,No,12,Yes,Yes,No,No,No,No,No,No,No,One year,No,Credit card (automatic),24.95,280.4,No,0.19,0,Low,2026-04-01
8988-ECPJR,Female,Yes,Yes,Yes,34,Yes,Yes,Fiber optic,No,Yes,No,No,No,No,Month-to-month,Yes,Mailed check,79.6,2718.3,Yes,0.6324,0,High,2026-07-01
7570-WELNY,Female,No,Yes,No,68,Yes,Yes,Fiber optic,Yes,Yes,No,No,No,No,Two year,Yes,Bank transfer (automatic),84.7,5711.05,No,0.0992,0,Low,2026-06-01
3021-VLNRJ,Female,No,No,Yes,50,Yes,No,DSL,Yes,No,Yes,Yes,Yes,No,One year,Yes,Credit card (automatic),70.8,3478.15,No,0.0779,0,Low,2026-04-01
3776-EKTKM,Female,Yes,No,No,1,No,No,DSL,No,No,No,No,Yes,No,Month-to-month,Yes,Electronic check,36.45,36.45,Yes,0.8675,1,High,2026-07-01
2080-CAZNM,Female,Yes,No,No,41,Yes,Yes,Fiber optic,No,Yes,Yes,No,Yes,Yes,Month-to-month,Yes,Electronic check,104.4,4133.95,No,0.8137,1,High,2025-10-01
1028-FFNJK,Male,Yes,Yes,No,30,Yes,Yes,Fiber optic,No,No,No,Yes,Yes,Yes,Month-to-month,Yes,Electronic check,101.5,2917.65,No,0.827,1,High,2026-06-01
6907-FLBER,Male,No,No,No,1,Yes,Yes,DSL,No,Yes,No,No,No,No,Month-to-month,No,Electronic check,54.3,54.3,No,0.6834,0,High,2025-12-01
3001-UNBTL,Male,Yes,Yes,Yes,29,Yes,Yes,Fiber optic,No,No,Yes,No,Yes,Yes,Month-to-month,Yes,Electronic check,103.95,2964.8,No,0.844,1,High,2026-05-01
5982-PSMKW,Female,No,Yes,Yes,23,Yes,Yes,DSL,Yes,Yes,Yes,Yes,Yes,Yes,Two year,Yes,Credit card (automatic),91.1,2198.3,No,0.1388,0,Low,2026-07-01
3507-GASNP,Male,No,No,Yes,60,Yes,No,No,No,No,No,No,No,No,Two year,No,Mailed check,19.95,1189.9,No,0.0105,0,Low,2026-02-01
7096-ZNBZI,Female,No,Yes,No,72,Yes,Yes,No,No,No,No,No,No,No,Two year,No,Credit card (automatic),26.45,1914.5,No,0.01,0,Low,2025-10-01
1902-XBTFB,Male,No,No,Yes,22,Yes,No,Fiber optic,No,Yes,Yes,No,Yes,No,Month-to-month,Yes,Electronic check,89.4,2001.5,Yes,0.7301,0,High,2026-01-01
1676-MQAOA,Male,No,No,No,72,Yes,No,DSL,Yes,Yes,Yes,Yes,Yes,No,Two year,Yes,Bank transfer (automatic),75.1,5336.35,No,0.025,0,Low,2026-01-01
0786-IVLAW,Female,Yes,No,No,66,Yes,Yes,Fiber optic,No,Yes,Yes,No,Yes,Yes,One year,No,Bank transfer (automatic),108.1,7238.6,No,0.3744,0,Medium,2026-08-01
7566-DSRLQ,Female,No,Yes,No,72,Yes,Yes,Fiber optic,No,Yes,Yes,Yes,Yes,Yes,Two year,Yes,Electronic check,110.15,7998.8,No,0.2569,0,Low,2026-08-01
0643-OKLRP,Female,Yes,Yes,No,47,Yes,Yes,Fiber optic,Yes,No,No,No,No,No,Month-to-month,No,Electronic check,80.35,3825.85,Yes,0.5201,0,Medium,2026-03-01
7245-JMTTQ,Female,No,No,No,51,Yes,Yes,Fiber optic,No,Yes,Yes,Yes,Yes,Yes,One year,Yes,Electronic check,111.5,5703.25,No,0.51,0,Medium,2026-08-01
6050-IJRHS,Female,No,Yes,Yes,70,Yes,Yes,Fiber optic,No,Yes,Yes,No,Yes,Yes,One year,Yes,Electronic check,106.5,7397.0,No,0.4162,0,Medium,2026-02-01
6202-JVYEU,Male,No,No,No,9,Yes,No,No,No,No,No,No,No,No,One year,Yes,Electronic check,19.9,164.6,No,0.3052,0,Medium,2026-01-01
8591-TKMZH,Male,No,Yes,Yes,59,Yes,Yes,Fiber optic,Yes,Yes,No,Yes,Yes,Yes,Two year,Yes,Mailed check,111.1,6555.2,No,0.156,0,Low,2026-07-01
0734-OXWBT,Male,No,No,Yes,3,Yes,No,DSL,No,No,No,Yes,Yes,Yes,Month-to-month,No,Mailed check,70.7,225.65,No,0.5467,0,Medium,2026-05-01
4282-ACRXS,Male,Yes,Yes,No,38,No,No,DSL,No,No,No,No,No,No,Month-to-month,Yes,Electronic check,24.85,955.75,No,0.5462,0,Medium,2026-03-01
0365-TRTPY,Female,No,No,No,37,Yes,Yes,Fiber optic,Yes,Yes,Yes,No,No,No,Month-to-month,No,Bank transfer (automatic),91.2,3382.3,No,0.4129,0,Medium,2026-02-01
7349-ALMUX,Male,No,No,No,37,Yes,No,DSL,Yes,Yes,Yes,Yes,No,No,Two year,No,Bank transfer (automatic),65.6,2313.8,No,0.0373,0,Low,2026-05-01
9381-NDKME,Female,Yes,Yes,No,24,No,No,DSL,No,No,Yes,No,No,Yes,Month-to-month,Yes,Credit card (automatic),40.65,933.3,Yes,0.6606,0,High,2026-06-01
6502-KUGLL,Female,No,Yes,Yes,14,Yes,No,DSL,Yes,Yes,No,Yes,No,No,Month-to-month,No,Bank transfer (automatic),59.45,780.85,No,0.2058,0,Low,2026-02-01
1841-YSJGV,Male,No,Yes,No,72,Yes,Yes,Fiber optic,Yes,Yes,No,Yes,Yes,Yes,Two year,Yes,Credit card (automatic),109.95,7852.4,No,0.1398,0,Low,2025-09-01
2794-XIMMO,Male,No,Yes,No,53,No,No,DSL,No,Yes,Yes,Yes,Yes,Yes,One year,Yes,Electronic check,60.45,3184.25,Yes,0.2474,0,Low,2025-10-01
8382-SHQEH,Female,No,Yes,No,8,Yes,Yes,Fiber optic,No,No,No,No,No,Yes,Month-to-month,Yes,Electronic check,84.9,764.95,Yes,0.8929,1,High,2025-10-01
3511-BFTJW,Male,No,Yes,Yes,72,No,No,DSL,Yes,Yes,Yes,No,No,No,Two year,No,Credit card (automatic),38.5,2763.0,No,0.015,0,Low,2026-02-01
7668-XCFYV,Female,Yes,Yes,No,17,Yes,Yes,Fiber optic,No,No,No,No,Yes,Yes,Month-to-month,Yes,Electronic check,92.55,1614.7,No,0.9079,1,High,2026-04-01
2983-ZANRP,Female,No,Yes,Yes,2,Yes,No,Fiber optic,No,Yes,No,No,No,No,Month-to-month,Yes,Bank transfer (automatic),73.55,145.4,Yes,0.7322,0,High,2026-06-01
7845-URHJN,Female,No,Yes,No,8,Yes,No,No,No,No,No,No,No,No,Month-to-month,No,Bank transfer (automatic),20.15,156.25,Yes,0.3021,0,Medium,2025-11-01
3034-ZBEQN,Female,No,Yes,No,48,No,No,DSL,No,Yes,Yes,No,No,No,One year,No,Mailed check,34.7,1604.5,Yes,0.1196,0,Low,2026-06-01
5018-HEKFO,Female,No,No,No,10,Yes,Yes,No,No,No,No,No,No,No,Month-to-month,Yes,Mailed check,24.5,270.15,No,0.4429,0,Medium,2026-04-01
2923-ARZLG,Male,No,Yes,Yes,0,Yes,No,No,No,No,No,No,No,No,One year,Yes,Mailed check,19.7,0.0,No,0.2723,0,Low,2025-09-01
3976-NLDEZ,Male,No,No,No,1,Yes,No,No,No,No,No,No,No,No,Month-to-month,No,Mailed check,20.6,20.6,No,0.389,0,Medium,2026-01-01
2282-YGNOR,Female,No,No,No,29,Yes,No,DSL,Yes,No,Yes,Yes,No,No,One year,No,Credit card (automatic),58.0,1734.5,No,0.1029,0,Low,2025-12-01
5336-UFNZP,Female,Yes,Yes,Yes,65,Yes,Yes,Fiber optic,No,Yes,Yes,No,Yes,Yes,One year,Yes,Electronic check,107.45,7047.5,No,0.5011,0,Medium,2026-07-01
6854-EXGSF,Female,No,No,No,8,Yes,Yes,DSL,Yes,Yes,Yes,No,No,No,Month-to-month,Yes,Bank transfer (automatic),65.5,573.15,No,0.5085,0,Medium,2026-08-01
1241-EZFMJ,Male,No,Yes,No,61,Yes,Yes,No,No,No,No,No,No,No,Two year,No,Bank transfer (automatic),25.45,1538.6,No,0.0156,0,Low,2026-06-01
9233-PSYHO,Female,Yes,No,No,45,Yes,Yes,Fiber optic,No,No,Yes,No,Yes,Yes,One year,Yes,Bank transfer (automatic),100.15,4459.8,No,0.609,0,High,2026-03-01
5376-PCKNB,Male,No,Yes,Yes,72,Yes,Yes,Fiber optic,No,Yes,Yes,No,Yes,Yes,One year,Yes,Credit card (automatic),104.45,7459.0,No,0.3237,0,Medium,2026-02-01
8044-BGWPI,Male,No,Yes,Yes,12,Yes,No,No,No,No,No,No,No,No,Month-to-month,Yes,Electronic check,21.15,306.05,No,0.3852,0,Medium,2025-12-01
4060-LDNLU,Male,No,No,No,7,Yes,Yes,Fiber optic,No,No,No,No,Yes,Yes,Month-to-month,No,Electronic check,96.2,639.7,No,0.8764,1,High,2026-06-01
3589-PPVKW,Male,No,No,No,9,Yes,No,DSL,No,No,No,No,No,No,Month-to-month,Yes,Mailed check,44.4,348.15,No,0.6181,0,High,2025-10-01
8327-LZKAS,Female,Yes,Yes,No,43,Yes,Yes,Fiber optic,No,No,Yes,Yes,Yes,Yes,One year,Yes,Electronic check,107.55,4533.9,Yes,0.6251,0,High,2025-12-01
5887-IKKYO,Male,No,Yes,Yes,58,Yes,Yes,Fiber optic,No,No,Yes,Yes,No,Yes,Two year,No,Bank transfer (automatic),94.35,5563.65,No,0.1309,0,Low,2025-10-01
1075-BGWOH,Male,Yes,Yes,No,16,Yes,Yes,Fiber optic,No,No,Yes,No,Yes,Yes,Month-to-month,Yes,Electronic check,98.75,1587.55,Yes,0.9071,1,High,2026-02-01
1755-RMCXH,Male,No,Yes,Yes,2,Yes,No,No,No,No,No,No,No,No,Month-to-month,No,Mailed check,20.3,40.25,No,0.325,0,Medium,2025-12-01
0302-JOIVN,Female,No,Yes,No,8,Yes,No,Fiber optic,No,Yes,Yes,No,Yes,Yes,Month-to-month,No,Electronic check,101.15,842.9,Yes,0.8126,1,High,2025-11-01
3858-XHYJO,Female,No,Yes,No,40,Yes,Yes,Fiber optic,Yes,No,Yes,No,Yes,Yes,One year,No,Bank transfer (automatic),105.75,4228.55,No,0.4016,0,Medium,2026-01-01
4299-SIMNS,Male,No,No,No,9,Yes,Yes,Fiber optic,Yes,No,No,No,No,No,Month-to-month,Yes,Electronic check,81.15,784.45,No,0.8004,1,High,2026-07-01
7025-IWFHT,Male,No,No,No,41,Yes,No,Fiber optic,No,Yes,No,Yes,Yes,No,One year,Yes,Electronic check,89.55,3729.75,No,0.4191,0,Medium,2026-03-01
6261-LHRTG,Female,No,No,No,26,Yes,No,DSL,No,Yes,Yes,No,No,No,Month-to-month,Yes,Credit card (automatic),54.75,1406.9,No,0.4031,0,Medium,2026-06-01
7841-FCRQD,Female,No,Yes,No,33,Yes,No,DSL,No,Yes,No,Yes,No,No,One year,Yes,Credit card (automatic),53.75,1857.3,No,0.1594,0,Low,2026-07-01
2056-EVGZL,Male,No,Yes,Yes,68,Yes,No,Fiber optic,No,Yes,Yes,Yes,Yes,Yes,One year,No,Credit card (automatic),105.75,7322.5,No,0.1726,0,Low,2026-07-01
8777-MBMTS,Female,Yes,Yes,No,65,Yes,No,Fiber optic,No,Yes,Yes,Yes,Yes,Yes,Two year,Yes,Credit card (automatic),105.85,6725.5,No,0.1958,0,Low,2026-01-01
7753-USQYQ,Male,No,No,No,55,Yes,No,DSL,No,Yes,No,Yes,No,Yes,One year,Yes,Electronic check,64.2,3627.3,No,0.1609,0,Low,2026-07-01
5366-IJEQJ,Male,No,No,No,20,Yes,Yes,Fiber optic,No,No,Yes,No,Yes,No,Month-to-month,Yes,Electronic check,88.7,1761.45,Yes,0.8427,1,High,2026-07-01
7661-CPURM,Male,No,No,No,19,Yes,No,Fiber optic,No,No,No,Yes,No,Yes,One year,Yes,Credit card (automatic),87.7,1725.95,No,0.5344,0,Medium,2026-08-01
6233-HXJMX,Female,No,No,No,45,Yes,Yes,Fiber optic,No,No,Yes,No,No,Yes,Month-to-month,Yes,Credit card (automatic),89.3,4192.15,No,0.6789,0,High,2026-01-01
5902-WBLSE,Female,No,Yes,Yes,70,Yes,No,No,No,No,No,No,No,No,Two year,Yes,Credit card (automatic),20.15,1411.2,No,0.0092,0,Low,2025-11-01
1981-INRFU,Female,No,No,No,2,Yes,No,Fiber optic,No,No,No,No,Yes,No,Month-to-month,Yes,Electronic check,79.75,164.5,Yes,0.8777,1,High,2026-04-01
4971-PUYQO,Female,No,No,No,27,Yes,Yes,Fiber optic,No,No,No,No,Yes,Yes,Month-to-month,Yes,Mailed check,94.55,2724.6,Yes,0.8246,1,High,2026-08-01
3239-TPHPZ,Female,No,Yes,No,12,Yes,No,No,No,No,No,No,No,No,Two year,Yes,Electronic check,20.05,264.55,No,0.1673,0,Low,2026-07-01
5115-GZDEL,Male,No,No,Yes,72,No,No,DSL,Yes,Yes,Yes,Yes,Yes,Yes,Two year,No,Credit card (automatic),67.2,4671.7,No,0.0237,0,Low,2026-03-01
3338-CVVEH,Male,No,No,No,12,Yes,Yes,Fiber optic,No,No,No,No,Yes,Yes,Month-to-month,No,Electronic check,94.55,1173.55,No,0.8654,1,High,2025-10-01
8485-GJCDN,Female,Yes,No,No,5,Yes,No,Fiber optic,No,No,No,No,No,No,Month-to-month,Yes,Mailed check,69.05,318.5,Yes,0.8289,1,High,2026-02-01
2615-YVMYX,Male,Yes,Yes,No,71,Yes,Yes,Fiber optic,Yes,Yes,Yes,No,Yes,Yes,Month-to-month,Yes,Electronic check,107.5,7713.55,No,0.6119,0,High,2026-05-01
2851-STERV,Male,Yes,No,No,35,Yes,No,DSL,No,No,Yes,Yes,Yes,Yes,One year,Yes,Electronic check,73.0,2471.25,No,0.3891,0,Medium,2026-03-01
4393-GEADV,Male,No,Yes,Yes,70,Yes,Yes,Fiber optic,Yes,Yes,Yes,Yes,Yes,Yes,Two year,No,Credit card (automatic),114.75,7842.3,No,0.0846,0,Low,2026-01-01
8486-AYEQH,Female,No,No,No,31,Yes,Yes,Fiber optic,No,No,No,No,No,No,Month-to-month,Yes,Electronic check,76.05,2227.8,No,0.7494,0,High,2026-01-01
1527-SXDPN,Male,No,Yes,Yes,52,Yes,Yes,Fiber optic,No,No,Yes,Yes,No,Yes,Two year,Yes,Bank transfer (automatic),96.25,4990.25,Yes,0.2001,0,Low,2025-09-01
6029-WTIPC,Male,Yes,No,No,37,Yes,Yes,Fiber optic,No,No,Yes,No,Yes,Yes,Month-to-month,Yes,Electronic check,101.1,3744.05,Yes,0.853,1,High,2025-12-01
8634-CILSZ,Male,No,No,No,69,Yes,Yes,Fiber optic,No,Yes,No,Yes,Yes,Yes,One year,Yes,Bank transfer (automatic),104.7,7220.35,Yes,0.3217,0,Medium,2026-05-01
5419-JKZNQ,Male,Yes,Yes,No,30,Yes,Yes,Fiber optic,No,No,No,No,No,No,Month-to-month,No,Mailed check,77.9,2351.45,No,0.6611,0,High,2025-11-01
2495-KZNFB,Female,No,No,No,33,Yes,Yes,Fiber optic,Yes,No,No,No,No,Yes,Month-to-month,Yes,Electronic check,90.65,2989.6,No,0.7322,0,High,2026-08-01
1409-PHXTF,Male,Yes,Yes,No,54,Yes,Yes,Fiber optic,No,Yes,Yes,Yes,Yes,Yes,Two year,Yes,Electronic check,110.45,6077.75,No,0.3932,0,Medium,2025-09-01
4560-WQAQW,Female,No,No,No,59,Yes,Yes,DSL,Yes,No,No,Yes,No,Yes,One year,No,Bank transfer (automatic),68.7,4070.95,No,0.0737,0,Low,2026-04-01
9591-YVTEB,Male,Yes,No,No,55,No,No,DSL,Yes,Yes,No,No,Yes,No,Month-to-month,Yes,Electronic check,44.85,2479.05,No,0.3305,0,Medium,2026-02-01
9309-BZGNT,Male,Yes,Yes,No,69,No,No,DSL,No,No,Yes,No,No,No,One year,Yes,Credit card (automatic),29.8,2134.3,No,0.1047,0,Low,2026-06-01
4274-DRSQT,Female,No,No,No,66,Yes,Yes,Fiber optic,No,Yes,No,No,Yes,No,One year,Yes,Bank transfer (automatic),88.9,6000.1,No,0.3146,0,Medium,2026-07-01
2027-DNKIV,Male,No,Yes,Yes,37,Yes,No,DSL,Yes,No,Yes,Yes,No,No,One year,Yes,Mailed check,58.75,2203.1,No,0.0959,0,Low,2026-03-01
8075-GXIUB,Male,Yes,Yes,No,9,Yes,No,No,No,No,No,No,No,No,One year,No,Credit card (automatic),19.85,183.15,No,0.2031,0,Low,2026-04-01
2885-HIJDH,Male,No,Yes,Yes,69,Yes,Yes,DSL,Yes,No,Yes,Yes,Yes,Yes,Two year,No,Bank transfer (automatic),86.9,6194.1,No,0.0359,0,Low,2026-05-01
5424-RLQLC,Male,No,No,No,10,Yes,No,DSL,No,Yes,No,No,Yes,No,Month-to-month,Yes,Mailed check,59.65,638.95,No,0.6207,0,High,2026-03-01
6682-QJDGB,Male,No,No,Yes,40,Yes,No,DSL,Yes,Yes,No,No,No,No,Month-to-month,Yes,Mailed check,55.25,2139.2,Yes,0.1918,0,Low,2025-11-01
6507-DTJZV,Male,No,No,Yes,13,Yes,No,DSL,No,No,No,No,Yes,Yes,Month-to-month,No,Credit card (automatic),66.4,831.75,No,0.543,0,Medium,2026-02-01
8780-IXSTS,Female,No,No,No,6,Yes,Yes,Fiber optic,No,Yes,No,No,Yes,No,Month-to-month,Yes,Electronic check,90.1,521.3,Yes,0.8696,1,High,2025-11-01
7673-BQGKU,Female,No,Yes,Yes,69,Yes,No,No,No,No,No,No,No,No,Two year,No,Bank transfer (automatic),20.15,1337.5,No,0.0065,0,Low,2026-02-01
6723-WSNTY,Female,Yes,Yes,No,66,Yes,Yes,Fiber optic,No,Yes,Yes,Yes,Yes,Yes,One year,Yes,Credit card (automatic),108.1,7181.95,No,0.3843,0,Medium,2026-04-01
9530-EHPOH,Male,No,No,No,11,Yes,Yes,DSL,No,No,Yes,No,No,No,Month-to-month,No,Electronic check,53.75,608.0,Yes,0.6356,0,High,2025-11-01
2725-IWWBA,Male,No,Yes,Yes,46,Yes,No,DSL,Yes,No,Yes,Yes,No,No,One year,No,Mailed check,56.9,2560.1,No,0.0501,0,Low,2025-11-01
0345-HKJVM,Female,No,No,No,6,Yes,No,Fiber optic,No,No,No,No,Yes,Yes,Month-to-month,No,Electronic check,89.3,577.6,Yes,0.8547,1,High,2026-06-01
1061-PNTHC,Female,No,Yes,Yes,56,Yes,Yes,Fiber optic,Yes,No,Yes,Yes,Yes,Yes,Month-to-month,Yes,Mailed check,109.6,5953.0,No,0.449,0,Medium,2026-01-01
0394-YONDK,Male,No,Yes,Yes,70,Yes,Yes,No,No,No,No,No,No,No,Two year,No,Credit card (automatic),25.15,1790.15,No,0.0088,0,Low,2025-11-01
6574-MCOEH,Female,No,Yes,Yes,33,Yes,Yes,DSL,No,No,Yes,Yes,Yes,Yes,One year,Yes,Electronic check,79.15,2531.4,No,0.3571,0,Medium,2026-05-01
7399-QHBJS,Female,No,Yes,Yes,72,Yes,Yes,DSL,Yes,Yes,No,Yes,No,No,Two year,No,Credit card (automatic),66.75,4760.3,No,0.0129,0,Low,2026-05-01
3049-SOLAY,Female,No,Yes,No,3,Yes,Yes,Fiber optic,No,No,No,No,Yes,Yes,Month-to-month,Yes,Electronic check,95.2,292.85,Yes,0.9188,1,High,2026-06-01
0997-YTLNY,Female,No,No,Yes,19,Yes,No,DSL,No,No,No,Yes,No,No,Month-to-month,No,Mailed check,48.8,953.65,No,0.3001,0,Medium,2026-06-01
3317-HRTNN,Female,Yes,No,No,5,No,No,DSL,No,No,No,No,Yes,Yes,Month-to-month,No,Electronic check,45.7,198.0,Yes,0.8357,1,High,2026-08-01
9479-HYNYL,Female,No,Yes,No,71,Yes,No,DSL,No,Yes,Yes,Yes,Yes,Yes,Two year,Yes,Credit card (automatic),80.7,5705.05,No,0.0545,0,Low,2026-03-01
3235-ETOOB,Male,No,Yes,No,8,Yes,No,Fiber optic,Yes,No,No,No,No,No,Month-to-month,Yes,Electronic check,74.5,609.9,Yes,0.7653,0,High,2025-12-01
9708-KFDBY,Male,No,No,No,1,Yes,No,No,No,No,No,No,No,No,Month-to-month,No,Credit card (automatic),20.55,20.55,No,0.3776,0,Medium,2026-07-01
8058-INTPH,Female,No,No,No,1,Yes,No,Fiber optic,No,No,No,No,Yes,No,Month-to-month,Yes,Electronic check,79.65,79.65,Yes,0.8808,1,High,2025-12-01
3642-GKTCT,Female,No,No,No,61,Yes,Yes,Fiber optic,Yes,Yes,Yes,Yes,Yes,Yes,One year,Yes,Mailed check,115.1,6993.65,No,0.2944,0,Low,2025-12-01
0774-RMNUW,Female,No,Yes,Yes,71,No,No,DSL,Yes,Yes,No,Yes,Yes,Yes,Two year,No,Bank transfer (automatic),59.7,4122.65,No,0.0229,0,Low,2026-06-01
1334-PDUKM,Female,No,Yes,No,68,Yes,Yes,Fiber optic,No,Yes,Yes,No,No,No,One year,No,Credit card (automatic),86.45,5762.95,No,0.1733,0,Low,2026-07-01
0756-MPZRL,Male,No,No,No,46,No,No,DSL,No,No,Yes,Yes,No,No,One year,No,Credit card (automatic),33.7,1537.85,No,0.1073,0,Low,2026-01-01
2242-MFOTG,Male,No,No,No,33,Yes,Yes,Fiber optic,Yes,No,No,No,No,No,One year,No,Bank transfer (automatic),80.1,2603.3,No,0.3126,0,Medium,2026-05-01
2927-CVULT,Female,No,Yes,Yes,53,Yes,Yes,Fiber optic,Yes,Yes,Yes,Yes,No,Yes,Two year,Yes,Bank transfer (automatic),104.05,5566.4,No,0.1281,0,Low,2026-08-01
2144-BFDSO,Female,Yes,Yes,No,50,Yes,Yes,Fiber optic,Yes,Yes,Yes,No,Yes,Yes,Month-to-month,No,Bank transfer (automatic),108.75,5431.9,No,0.5384,0,Medium,2026-06-01
8745-PVESG,Female,No,No,No,57,No,No,DSL,Yes,No,Yes,Yes,No,No,One year,Yes,Credit card (automatic),41.1,2258.25,No,0.0701,0,Low,2025-09-01
7647-GYYKX,Female,No,Yes,Yes,54,Yes,No,No,No,No,No,No,No,No,Two year,Yes,Bank transfer (automatic),20.35,1092.35,No,0.0179,0,Low,2026-04-01
5647-FXOTP,Female,Yes,Yes,No,60,Yes,Yes,Fiber optic,No,Yes,Yes,No,Yes,Yes,Month-to-month,Yes,Electronic check,105.9,6401.25,No,0.7427,0,High,2025-11-01
5569-OUICF,Female,Yes,Yes,No,28,Yes,Yes,Fiber optic,No,No,No,Yes,Yes,Yes,Month-to-month,Yes,Credit card (automatic),101.3,2812.2,Yes,0.779,0,High,2026-07-01
8821-XNHVZ,Female,No,Yes,Yes,1,Yes,No,Fiber optic,No,No,No,No,Yes,No,Month-to-month,Yes,Mailed check,80.05,80.05,Yes,0.8092,1,High,2025-09-01
2082-OJVTK,Male,No,Yes,Yes,29,Yes,Yes,Fiber optic,No,No,Yes,No,No,Yes,Month-to-month,Yes,Electronic check,89.2,2698.35,Yes,0.787,0,High,2026-08-01
9700-ISPUP,Female,No,Yes,Yes,10,Yes,No,DSL,No,Yes,No,Yes,No,Yes,Month-to-month,Yes,Electronic check,65.5,616.9,No,0.5599,0,Medium,2025-11-01
9839-ETQOE,Male,No,No,Yes,43,No,No,DSL,Yes,Yes,Yes,No,No,No,Month-to-month,Yes,Electronic check,40.45,1912.85,No,0.2825,0,Low,2026-02-01
6078-VESFR,Male,Yes,Yes,No,13,Yes,No,Fiber optic,No,No,No,No,No,No,Month-to-month,No,Bank transfer (automatic),70.45,849.1,No,0.7061,0,High,2025-11-01
9027-TMATR,Female,No,Yes,No,43,Yes,No,DSL,Yes,No,Yes,Yes,Yes,Yes,Two year,Yes,Electronic check,78.8,3460.3,No,0.1289,0,Low,2026-06-01
5940-NFXKV,Male,No,Yes,Yes,19,Yes,Yes,Fiber optic,No,No,No,No,No,Yes,Month-to-month,Yes,Electronic check,83.65,1465.75,Yes,0.8267,1,High,2026-01-01
1941-HOSAM,Male,No,Yes,Yes,1,Yes,No,Fiber optic,No,No,No,No,Yes,Yes,Month-to-month,Yes,Electronic check,90.1,90.1,No,0.8852,1,High,2026-05-01
9110-HSGTV,Female,No,No,No,69,Yes,No,DSL,Yes,No,Yes,Yes,Yes,Yes,Two year,Yes,Credit card (automatic),82.45,5555.3,No,0.045,0,Low,2025-09-01
0704-VCUMB,Female,No,Yes,No,61,Yes,No,No,No,No,No,No,No,No,Two year,No,Credit card (automatic),20.25,1278.8,No,0.0118,0,Low,2026-02-01
6171-ZTVYB,Male,No,Yes,No,43,Yes,Yes,DSL,Yes,Yes,No,Yes,No,No,Month-to-month,No,Bank transfer (automatic),66.25,2907.35,No,0.143,0,Low,2026-07-01
8053-WWDRO,Female,No,Yes,No,6,Yes,No,No,No,No,No,No,No,No,Month-to-month,No,Bank transfer (automatic),19.5,146.3,Yes,0.3235,0,Medium,2026-08-01
9564-KCLHR,Male,No,No,No,1,Yes,No,DSL,No,No,No,Yes,No,No,Month-to-month,No,Mailed check,51.25,51.25,Yes,0.505,0,Medium,2025-11-01
1935-IMVBB,Male,No,Yes,No,56,Yes,No,Fiber optic,No,No,No,No,Yes,Yes,Month-to-month,No,Mailed check,89.7,4952.95,No,0.5223,0,Medium,2026-01-01
2535-PBCGC,Female,No,Yes,No,70,No,No,DSL,Yes,Yes,Yes,Yes,Yes,Yes,Two year,No,Bank transfer (automatic),64.55,4504.9,No,0.031,0,Low,2026-01-01
2082-CEFLT,Male,No,No,No,1,Yes,No,DSL,No,No,No,No,No,No,Month-to-month,Yes,Electronic check,45.6,45.6,Yes,0.7481,0,High,2026-03-01
1470-PSXNM,Male,No,Yes,Yes,49,Yes,Yes,Fiber optic,No,Yes,Yes,No,Yes,No,One year,Yes,Electronic check,93.65,4520.15,No,0.4474,0,Medium,2026-03-01
1213-NGCUN,Female,No,No,No,6,Yes,No,DSL,No,No,No,Yes,No,No,Month-to-month,Yes,Bank transfer (automatic),49.65,267.35,Yes,0.5363,0,Medium,2025-10-01
2498-XLDZR,Female,No,Yes,Yes,32,Yes,No,DSL,Yes,Yes,Yes,Yes,No,Yes,Two year,No,Mailed check,73.6,2316.85,No,0.051,0,Low,2026-06-01
9866-OCCKE,Female,Yes,Yes,No,72,Yes,Yes,Fiber optic,Yes,No,Yes,Yes,Yes,Yes,Two year,Yes,Mailed check,109.75,8075.35,No,0.1963,0,Low,2025-11-01
5338-YHWYT,Male,No,No,Yes,37,Yes,No,DSL,Yes,Yes,No,Yes,No,No,Two year,No,Credit card (automatic),61.45,2302.35,No,0.0315,0,Low,2025-12-01
7718-UPSKJ,Female,No,Yes,No,69,Yes,No,Fiber optic,Yes,Yes,No,Yes,Yes,Yes,One year,Yes,Credit card (automatic),106.4,7251.9,No,0.1922,0,Low,2026-07-01
8731-WBBMB,Female,No,Yes,No,26,Yes,No,DSL,No,Yes,Yes,Yes,Yes,Yes,Month-to-month,No,Bank transfer (automatic),81.9,2078.55,No,0.3555,0,Medium,2026-05-01
1448-CYWKC,Female,No,Yes,Yes,58,Yes,Yes,Fiber optic,No,Yes,Yes,No,Yes,Yes,One year,Yes,Credit card (automatic),105.2,6225.4,No,0.406,0,Medium,2026-01-01
7901-IIDQV,Male,No,No,No,24,Yes,Yes,DSL,No,No,No,Yes,No,No,One year,No,Bank transfer (automatic),54.6,1242.25,No,0.208,0,Low,2026-07-01
2690-DVRVK,Male,No,Yes,Yes,5,Yes,No,No,No,No,No,No,No,No,One year,No,Electronic check,20.55,99.45,No,0.2192,0,Low,2026-01-01
5688-KZTSN,Male,No,Yes,Yes,15,Yes,No,No,No,No,No,No,No,No,Month-to-month,Yes,Electronic check,20.0,288.05,Yes,0.3543,0,Medium,2026-03-01
1270-XKUCC,Female,No,Yes,Yes,30,Yes,No,No,No,No,No,No,No,No,Two year,No,Mailed check,19.7,599.25,No,0.0359,0,Low,2025-11-01
0334-ZFJSR,Female,No,Yes,No,55,Yes,Yes,DSL,Yes,Yes,No,Yes,No,No,One year,Yes,Credit card (automatic),66.05,3462.1,No,0.0704,0,Low,2025-11-01
2894-QOJRX,Female,No,Yes,No,25,No,No,DSL,No,No,No,No,Yes,No,Month-to-month,Yes,Bank transfer (automatic),34.0,853.0,Yes,0.5934,0,Medium,2026-02-01
5747-PMBSQ,Male,Yes,Yes,No,10,Yes,No,Fiber optic,No,Yes,Yes,Yes,Yes,No,Month-to-month,Yes,Mailed check,92.5,934.1,Yes,0.7443,0,High,2026-03-01
5583-EJXRD,Male,No,Yes,Yes,44,No,No,DSL,Yes,Yes,Yes,Yes,No,Yes,Two year,Yes,Credit card (automatic),54.05,2375.2,No,0.0635,0,Low,2026-06-01
4565-EVZMJ,Female,No,No,No,47,Yes,No,DSL,Yes,Yes,No,Yes,No,No,One year,Yes,Mailed check,58.9,2813.05,No,0.0767,0,Low,2026-01-01
3143-JQEGI,Female,No,Yes,Yes,13,Yes,No,Fiber optic,No,No,No,No,Yes,Yes,Month-to-month,No,Electronic check,88.35,1222.8,Yes,0.7953,0,High,2026-07-01
6386-SZZKH,Female,No,Yes,Yes,49,Yes,Yes,Fiber optic,No,Yes,Yes,Yes,Yes,Yes,Two year,Yes,Bank transfer (automatic),107.95,5293.2,Yes,0.2383,0,Low,2026-04-01
3327-YBAKM,Female,No,Yes,No,64,Yes,No,Fiber optic,Yes,No,No,Yes,Yes,Yes,One year,Yes,Mailed check,96.9,6314.35,No,0.2445,0,Low,2025-09-01
9441-QHEVC,Male,No,No,No,1,Yes,No,No,No,No,No,No,No,No,Month-to-month,No,Mailed check,19.1,19.1,No,0.3929,0,Medium,2026-05-01
6705-LNMDD,Male,No,No,No,20,Yes,No,DSL,No,No,No,Yes,No,No,Month-to-month,No,Mailed check,50.0,1003.05,No,0.3432,0,Medium,2026-03-01
2580-ASVVY,Female,No,Yes,No,37,No,No,DSL,Yes,No,No,Yes,Yes,No,Two year,No,Electronic check,45.4,1593.1,No,0.0992,0,Low,2026-01-01
3370-GQEAL,Male,No,Yes,Yes,30,Yes,Yes,Fiber optic,No,No,No,No,Yes,No,Month-to-month,No,Electronic check,85.45,2509.95,No,0.689,0,High,2026-02-01
5032-USPKF,Female,No,No,No,38,Yes,Yes,DSL,Yes,Yes,Yes,No,Yes,Yes,One year,No,Bank transfer (automatic),84.1,3187.65,No,0.1937,0,Low,2025-12-01
2982-IHMFT,Female,Yes,No,No,1,Yes,Yes,Fiber optic,No,No,No,No,No,No,Month-to-month,Yes,Mailed check,74.45,74.45,Yes,0.8733,1,High,2026-04-01
3521-SYVOR,Female,No,No,No,37,Yes,No,DSL,No,No,No,No,Yes,Yes,Month-to-month,Yes,Electronic check,64.75,2345.2,Yes,0.5849,0,Medium,2026-03-01
4254-QPEDE,Female,No,Yes,No,52,No,No,DSL,Yes,Yes,Yes,Yes,Yes,Yes,Two year,No,Credit card (automatic),66.25,3330.1,No,0.054,0,Low,2026-02-01
6283-GITPX,Male,No,No,Yes,71,Yes,No,DSL,Yes,Yes,Yes,Yes,Yes,No,Two year,Yes,Credit card (automatic),76.9,5522.7,No,0.0216,0,Low,2025-12-01
9526-JAWYF,Male,No,No,No,26,Yes,No,Fiber optic,No,Yes,Yes,No,Yes,No,Month-to-month,No,Electronic check,89.8,2335.3,Yes,0.6751,0,High,2026-01-01
0771-CHWSK,Male,No,No,No,66,Yes,Yes,DSL,Yes,Yes,Yes,No,No,Yes,Two year,Yes,Credit card (automatic),74.6,4798.4,No,0.0575,0,Low,2026-02-01
9788-HNGUT,Male,No,Yes,No,72,Yes,Yes,Fiber optic,Yes,Yes,Yes,Yes,Yes,Yes,Two year,Yes,Credit card (automatic),116.95,8594.4,No,0.151,0,Low,2026-02-01
9495-REDIY,Male,No,No,Yes,25,No,No,DSL,Yes,No,No,No,Yes,No,One year,Yes,Credit card (automatic),40.65,970.55,No,0.2773,0,Low,2025-12-01
5375-XLDOF,Male,No,Yes,Yes,69,Yes,Yes,Fiber optic,Yes,Yes,Yes,Yes,Yes,Yes,Two year,Yes,Bank transfer (automatic),114.35,7665.8,No,0.1185,0,Low,2026-03-01
1172-VIYBP,Male,No,Yes,Yes,53,Yes,Yes,DSL,Yes,Yes,No,No,No,Yes,Two year,No,Bank transfer (automatic),69.7,3686.05,No,0.0472,0,Low,2025-11-01
5649-VUKMC,Female,No,No,No,12,Yes,No,Fiber optic,No,No,Yes,No,Yes,Yes,One year,No,Mailed check,95.5,1115.15,Yes,0.6252,0,High,2026-03-01
6559-PDZLR,Male,No,No,No,26,Yes,No,Fiber optic,No,No,Yes,Yes,Yes,Yes,Month-to-month,Yes,Electronic check,98.65,2537.0,No,0.7751,0,High,2025-10-01
8992-OBVDG,Male,No,No,No,21,Yes,No,DSL,No,No,Yes,No,No,Yes,Month-to-month,No,Mailed check,61.65,1393.6,No,0.4906,0,Medium,2026-02-01
4273-MBHYA,Female,No,No,Yes,1,Yes,No,Fiber optic,No,No,No,No,Yes,Yes,Month-to-month,Yes,Electronic check,89.35,89.35,No,0.8852,1,High,2026-06-01
4724-WXVWF,Male,No,No,No,48,Yes,Yes,Fiber optic,Yes,No,No,Yes,No,Yes,Month-to-month,Yes,Electronic check,95.4,4445.3,No,0.5671,0,Medium,2026-06-01
5701-GUXDC,Female,No,Yes,No,26,No,No,DSL,Yes,No,Yes,No,No,No,One year,No,Credit card (automatic),35.4,978.6,No,0.1964,0,Low,2026-05-01
1460-UZPRJ,Male,No,Yes,No,60,Yes,No,No,No,No,No,No,No,No,Two year,No,Mailed check,19.95,1258.15,No,0.0132,0,Low,2026-05-01
6082-GLJIX,Male,No,No,No,18,Yes,No,No,No,No,No,No,No,No,Month-to-month,No,Mailed check,19.25,331.35,No,0.237,0,Low,2025-09-01
5143-EGQFK,Female,Yes,No,No,10,No,No,DSL,No,No,No,Yes,No,No,Month-to-month,Yes,Electronic check,29.65,291.4,Yes,0.7262,0,High,2026-01-01
4919-IKATY,Male,No,Yes,Yes,5,Yes,Yes,Fiber optic,Yes,No,Yes,No,No,No,Month-to-month,Yes,Electronic check,84.5,453.75,Yes,0.7732,0,High,2026-04-01
2495-TTHBQ,Female,No,No,Yes,4,Yes,No,No,No,No,No,No,No,No,One year,Yes,Mailed check,20.4,84.75,No,0.2372,0,Low,2026-06-01
0485-ZBSLN,Male,No,Yes,Yes,65,Yes,Yes,No,No,No,No,No,No,No,Two year,No,Credit card (automatic),24.75,1715.1,No,0.011,0,Low,2026-03-01
3810-PJUHR,Male,No,Yes,Yes,70,Yes,Yes,No,No,No,No,No,No,No,Two year,No,Mailed check,25.35,1715.15,No,0.0091,0,Low,2026-07-01
9050-QLROH,Male,No,No,No,18,Yes,Yes,Fiber optic,No,No,Yes,No,No,Yes,Month-to-month,Yes,Credit card (automatic),90.7,1597.25,Yes,0.8087,1,High,2025-12-01
0847-HGRML,Male,No,No,Yes,62,Yes,No,No,No,No,No,No,No,No,Two year,No,Bank transfer (automatic),20.0,1250.1,No,0.0091,0,Low,2025-10-01
8232-CTLKO,Female,No,Yes,Yes,66,Yes,No,DSL,Yes,No,No,No,Yes,No,Two year,Yes,Electronic check,59.75,3996.8,No,0.0497,0,Low,2025-10-01
9227-YBAXE,Female,No,Yes,Yes,65,Yes,Yes,DSL,Yes,Yes,No,Yes,Yes,Yes,Two year,Yes,Bank transfer (automatic),82.5,5215.1,No,0.0454,0,Low,2026-03-01
6168-WFVVF,Female,Yes,No,No,3,Yes,No,Fiber optic,No,No,No,No,No,No,Month-to-month,Yes,Electronic check,70.3,235.5,Yes,0.8755,1,High,2026-04-01
9860-LISIZ,Female,No,No,No,34,Yes,No,No,No,No,No,No,No,No,Month-to-month,No,Mailed check,20.35,673.2,No,0.1325,0,Low,2025-12-01
0112-QAWRZ,Male,No,Yes,Yes,16,Yes,Yes,Fiber optic,No,No,Yes,No,Yes,No,Month-to-month,Yes,Bank transfer (automatic),90.8,1442.2,No,0.7614,0,High,2026-06-01
0877-SDMBN,Female,No,No,No,54,Yes,Yes,Fiber optic,Yes,No,Yes,No,Yes,Yes,One year,Yes,Bank transfer (automatic),103.95,5639.05,Yes,0.4167,0,Medium,2026-05-01
2786-GCDPI,Female,Yes,No,No,50,Yes,Yes,Fiber optic,No,No,Yes,Yes,Yes,Yes,Month-to-month,Yes,Electronic check,104.95,5222.35,No,0.7492,0,High,2026-01-01
4043-MKDTV,Male,No,Yes,No,71,Yes,No,Fiber optic,No,Yes,Yes,Yes,Yes,Yes,Two year,Yes,Electronic check,105.25,7291.75,No,0.2011,0,Low,2025-11-01
8065-YKXKD,Female,No,No,No,10,Yes,Yes,Fiber optic,No,No,No,No,No,No,Month-to-month,Yes,Electronic check,74.75,799.65,Yes,0.8557,1,High,2026-05-01
9637-EIHEQ,Female,No,No,No,1,Yes,No,DSL,No,No,No,Yes,No,No,Month-to-month,Yes,Electronic check,50.8,50.8,Yes,0.6663,0,High,2026-05-01
9229-RQABD,Male,No,No,No,18,Yes,Yes,No,No,No,No,No,No,No,One year,No,Mailed check,23.75,424.5,No,0.1626,0,Low,2025-11-01
8313-KTIHG,Male,No,No,No,4,Yes,No,DSL,No,No,No,Yes,Yes,No,Month-to-month,Yes,Electronic check,61.3,249.4,No,0.687,0,High,2025-12-01
5320-BRKGK,Female,No,Yes,Yes,58,Yes,Yes,DSL,Yes,No,Yes,Yes,Yes,No,Two year,No,Mailed check,75.8,4415.75,No,0.0328,0,Low,2026-02-01
6284-KMNUF,Female,No,Yes,No,56,Yes,Yes,Fiber optic,Yes,No,No,No,Yes,Yes,One year,Yes,Electronic check,98.0,5270.6,No,0.4782,0,Medium,2026-03-01
9689-PTNPG,Male,No,No,No,2,Yes,No,Fiber optic,No,No,No,No,Yes,No,Month-to-month,Yes,Electronic check,80.25,144.55,Yes,0.8786,1,High,2025-10-01
9465-RWMXL,Male,No,Yes,No,32,Yes,Yes,Fiber optic,No,No,Yes,No,No,No,Month-to-month,Yes,Electronic check,78.9,2447.95,Yes,0.7454,0,High,2026-08-01
6229-UOLQL,Male,No,Yes,Yes,56,No,No,DSL,Yes,Yes,No,Yes,Yes,No,One year,Yes,Mailed check,52.0,2884.9,No,0.0739,0,Low,2026-01-01
2362-IBOOY,Male,No,No,No,36,Yes,Yes,Fiber optic,No,No,No,No,No,Yes,Month-to-month,Yes,Electronic check,84.75,3050.15,Yes,0.7932,0,High,2026-01-01
3137-LUPIX,Female,No,No,No,4,Yes,Yes,DSL,No,No,No,Yes,Yes,No,Month-to-month,Yes,Mailed check,64.4,253.0,No,0.6685,0,High,2025-09-01
0843-WTBXE,Male,No,No,No,53,Yes,Yes,Fiber optic,No,No,No,No,Yes,No,Month-to-month,No,Bank transfer (automatic),85.45,4517.25,Yes,0.5075,0,Medium,2026-07-01
6143-JQKEA,Male,No,No,No,10,Yes,No,DSL,No,No,No,No,No,No,Month-to-month,Yes,Credit card (automatic),45.8,436.2,No,0.5962,0,Medium,2025-11-01
8676-OOQEJ,Male,No,No,No,4,No,No,DSL,No,No,No,Yes,No,No,Month-to-month,No,Electronic check,30.5,118.4,No,0.6588,0,High,2026-08-01
5515-IDEJJ,Male,No,Yes,Yes,1,Yes,No,No,No,No,No,No,No,No,Month-to-month,No,Mailed check,19.9,19.9,Yes,0.3354,0,Medium,2026-02-01
9701-CDXHR,Female,No,Yes,No,51,Yes,No,Fiber optic,No,No,No,No,No,No,Month-to-month,No,Mailed check,69.15,3649.6,No,0.395,0,Medium,2026-07-01
7450-NWRTR,Male,Yes,No,No,12,Yes,Yes,Fiber optic,No,No,Yes,No,Yes,Yes,Month-to-month,Yes,Electronic check,99.45,1200.15,Yes,0.9156,1,High,2025-11-01
8124-NZVGJ,Female,No,No,No,6,No,No,DSL,No,No,No,Yes,Yes,Yes,One year,Yes,Mailed check,49.25,255.6,No,0.594,0,Medium,2025-10-01
2162-FRZAA,Male,No,Yes,Yes,63,No,No,DSL,No,Yes,Yes,Yes,No,No,Two year,No,Bank transfer (automatic),39.35,2395.05,No,0.0218,0,Low,2026-06-01
5376-DEQCP,Female,No,No,No,1,Yes,No,Fiber optic,No,No,No,No,No,No,Month-to-month,Yes,Electronic check,70.6,70.6,Yes,0.8592,1,High,2026-06-01
5118-MUEYH,Female,No,Yes,No,48,Yes,Yes,Fiber optic,No,Yes,No,Yes,Yes,Yes,Month-to-month,Yes,Credit card (automatic),105.1,5083.55,No,0.6132,0,High,2026-03-01
9095-HFAFX,Female,No,No,No,5,Yes,No,Fiber optic,No,No,No,No,Yes,No,Month-to-month,Yes,Credit card (automatic),81.0,389.6,Yes,0.8185,1,High,2025-09-01
5627-TVBPP,Female,No,No,Yes,35,Yes,No,No,No,No,No,No,No,No,One year,Yes,Credit card (automatic),20.1,644.5,No,0.0723,0,Low,2026-08-01
2379-ENZGV,Male,No,No,No,6,Yes,No,Fiber optic,No,Yes,No,No,Yes,No,Month-to-month,Yes,Electronic check,84.85,523.5,Yes,0.8451,1,High,2026-01-01
3936-QQFLL,Male,No,No,No,2,Yes,No,No,No,No,No,No,No,No,Month-to-month,No,Mailed check,19.75,39.3,No,0.3811,0,Medium,2026-08-01
2589-AYCRP,Female,No,No,No,50,Yes,No,No,No,No,No,No,No,No,One year,No,Bank transfer (automatic),19.75,989.05,No,0.0343,0,Low,2026-07-01
4067-HLYQI,Female,No,No,No,33,Yes,No,Fiber optic,No,No,No,No,No,No,Month-to-month,Yes,Bank transfer (automatic),70.4,2406.1,No,0.6116,0,High,2026-07-01
5124-EOGYE,Male,No,No,No,31,Yes,No,No,No,No,No,No,No,No,Two year,No,Mailed check,20.45,638.55,No,0.044,0,Low,2026-05-01
5057-RKGLH,Female,No,Yes,Yes,9,Yes,No,No,No,No,No,No,No,No,Two year,No,Mailed check,20.35,191.1,No,0.0834,0,Low,2026-05-01
0292-WEGCH,Female,No,Yes,Yes,54,Yes,Yes,DSL,No,Yes,Yes,Yes,Yes,Yes,Month-to-month,Yes,Electronic check,86.2,4524.05,No,0.3501,0,Medium,2026-03-01
8910-ICHIU,Female,No,No,No,46,Yes,No,Fiber optic,Yes,Yes,Yes,No,Yes,No,One year,Yes,Credit card (automatic),95.65,4664.2,No,0.2978,0,Low,2025-09-01
4097-YODCF,Male,No,No,Yes,34,Yes,Yes,Fiber optic,Yes,Yes,No,No,Yes,Yes,One year,Yes,Electronic check,103.8,3470.8,No,0.5384,0,Medium,2026-01-01
9715-WZCLW,Male,No,Yes,Yes,71,Yes,Yes,Fiber optic,Yes,No,No,No,Yes,Yes,Two year,Yes,Electronic check,97.2,6910.3,No,0.221,0,Low,2026-05-01
9786-YWNHU,Female,No,Yes,Yes,63,Yes,No,DSL,Yes,Yes,Yes,Yes,No,No,Two year,No,Mailed check,63.55,4014.2,No,0.0138,0,Low,2026-06-01
6407-GSJNL,Female,No,No,No,51,Yes,Yes,No,No,No,No,No,No,No,Two year,No,Bank transfer (automatic),24.95,1288.0,No,0.0235,0,Low,2026-03-01
6005-OBZPH,Female,Yes,No,No,26,Yes,Yes,Fiber optic,No,Yes,No,No,Yes,No,Month-to-month,Yes,Electronic check,89.15,2277.65,Yes,0.8256,1,High,2026-05-01
4049-ZPALD,Female,No,Yes,No,64,Yes,No,Fiber optic,Yes,No,Yes,No,Yes,Yes,Two year,Yes,Bank transfer (automatic),99.0,6375.8,No,0.1812,0,Low,2025-09-01
7932-WPTDS,Female,Yes,Yes,No,1,No,No,DSL,No,No,No,No,No,No,Month-to-month,Yes,Electronic check,24.8,24.8,Yes,0.8462,1,High,2026-02-01
3733-UOCWF,Male,Yes,Yes,No,61,Yes,Yes,Fiber optic,No,Yes,No,Yes,No,No,One year,Yes,Bank transfer (automatic),85.55,5251.75,No,0.2532,0,Low,2026-03-01
6833-JMZYP,Female,No,No,No,15,Yes,No,Fiber optic,No,No,Yes,No,Yes,Yes,Month-to-month,Yes,Credit card (automatic),94.0,1505.45,No,0.8205,1,High,2026-07-01
2722-VOJQL,Male,No,No,No,64,Yes,Yes,Fiber optic,No,Yes,No,Yes,Yes,Yes,One year,Yes,Credit card (automatic),105.65,6903.1,Yes,0.3589,0,Medium,2025-12-01
1310-QRITU,Female,No,No,No,18,Yes,Yes,DSL,No,No,No,No,No,No,Month-to-month,Yes,Electronic check,50.3,913.3,No,0.6656,0,High,2025-11-01
8961-QDZZJ,Female,No,Yes,Yes,57,Yes,No,Fiber optic,No,Yes,No,No,Yes,Yes,One year,Yes,Electronic check,95.0,5535.8,No,0.4269,0,Medium,2026-01-01
9715-SBVSU,Male,No,Yes,Yes,14,Yes,No,DSL,Yes,Yes,No,No,No,Yes,Two year,Yes,Bank transfer (automatic),61.4,815.55,No,0.1649,0,Low,2025-11-01
8490-BXHEO,Male,Yes,No,No,18,Yes,Yes,Fiber optic,No,Yes,No,No,No,No,Month-to-month,Yes,Credit card (automatic),80.55,1411.65,No,0.769,0,High,2026-03-01
7173-TETGO,Female,Yes,Yes,No,72,Yes,Yes,Fiber optic,Yes,No,No,No,No,No,Two year,No,Bank transfer (automatic),78.5,5602.25,No,0.083,0,Low,2026-04-01
7929-SKFGK,Male,No,Yes,No,70,Yes,Yes,Fiber optic,Yes,Yes,Yes,Yes,Yes,Yes,Two year,No,Credit card (automatic),114.3,8244.3,No,0.1134,0,Low,2026-06-01
2300-RQGOI,Female,No,No,No,38,Yes,No,No,No,No,No,No,No,No,Two year,No,Mailed check,20.05,741.5,No,0.0323,0,Low,2026-08-01
3563-SVYLG,Male,No,Yes,Yes,68,Yes,No,DSL,Yes,Yes,Yes,Yes,No,No,Two year,No,Credit card (automatic),62.65,4375.8,No,0.0116,0,Low,2025-09-01
5228-EXCET,Male,No,No,No,13,Yes,No,Fiber optic,No,No,No,No,No,Yes,Month-to-month,Yes,Electronic check,80.85,1008.7,Yes,0.8501,1,High,2025-11-01
6435-VWCCY,Male,Yes,Yes,No,65,Yes,Yes,Fiber optic,Yes,Yes,No,No,Yes,No,Two year,Yes,Credit card (automatic),92.7,5968.4,No,0.1709,0,Low,2025-12-01
4998-IKFSE,Female,No,No,No,30,Yes,Yes,Fiber optic,No,No,Yes,No,Yes,Yes,Month-to-month,No,Electronic check,100.45,3096.9,No,0.7959,0,High,2025-11-01
8630-QSGXK,Male,No,Yes,No,51,Yes,Yes,DSL,No,No,No,Yes,Yes,Yes,Two year,Yes,Bank transfer (automatic),75.2,3901.25,No,0.1368,0,Low,2026-06-01
2455-USLMV,Female,No,No,No,31,Yes,Yes,Fiber optic,Yes,No,Yes,No,No,No,Month-to-month,Yes,Credit card (automatic),84.75,2613.4,No,0.5853,0,Medium,2025-10-01
7394-FKDNK,Female,No,Yes,No,9,Yes,No,Fiber optic,No,No,No,No,Yes,Yes,Month-to-month,No,Electronic check,89.45,853.1,Yes,0.8429,1,High,2025-09-01
9488-FVZCC,Female,No,Yes,Yes,72,Yes,Yes,DSL,Yes,Yes,Yes,Yes,No,Yes,Two year,Yes,Bank transfer (automatic),79.5,5661.7,No,0.0284,0,Low,2026-07-01
6331-LWDTQ,Male,No,No,No,10,Yes,Yes,DSL,No,No,No,No,Yes,Yes,Month-to-month,Yes,Credit card (automatic),72.15,794.25,Yes,0.7546,0,High,2026-08-01
5995-WWKKG,Female,No,No,No,37,Yes,No,No,No,No,No,No,No,No,One year,Yes,Electronic check,19.8,695.05,No,0.1148,0,Low,2025-11-01
1597-FZREH,Female,No,No,No,2,Yes,No,DSL,No,No,Yes,Yes,Yes,Yes,Month-to-month,No,Electronic check,76.4,160.8,Yes,0.6633,0,High,2025-12-01
7879-CGSFV,Male,No,No,No,55,Yes,No,Fiber optic,Yes,Yes,No,No,Yes,Yes,One year,Yes,Mailed check,100.9,5552.05,No,0.3326,0,Medium,2026-03-01
9921-EZKBY,Male,No,No,Yes,33,Yes,Yes,Fiber optic,Yes,No,Yes,No,No,Yes,Month-to-month,Yes,Bank transfer (automatic),95.3,3275.15,No,0.6076,0,High,2026-03-01
7432-FFVAR,Female,No,Yes,Yes,46,Yes,No,Fiber optic,No,No,Yes,Yes,No,Yes,One year,No,Bank transfer (automatic),90.95,4236.6,No,0.2223,0,Low,2026-08-01
7246-ZGQDF,Female,No,No,Yes,1,Yes,No,DSL,Yes,No,No,Yes,No,No,Month-to-month,No,Electronic check,54.5,54.5,No,0.4172,0,Medium,2026-01-01
7000-WCEVQ,Female,Yes,No,No,20,Yes,Yes,DSL,No,No,No,No,No,Yes,Month-to-month,Yes,Mailed check,61.6,1174.35,Yes,0.6879,0,High,2025-09-01
0727-IWKVK,Male,No,Yes,No,9,Yes,No,Fiber optic,No,Yes,Yes,No,No,No,Month-to-month,Yes,Electronic check,79.9,741.7,Yes,0.7956,0,High,2026-02-01
5959-BELXA,Male,Yes,No,No,32,Yes,Yes,Fiber optic,No,No,No,No,Yes,Yes,Month-to-month,Yes,Credit card (automatic),96.15,3019.25,Yes,0.8214,1,High,2026-03-01
4456-RHSNB,Female,No,Yes,Yes,19,Yes,No,DSL,No,No,Yes,No,No,No,Month-to-month,Yes,Bank transfer (automatic),49.6,962.9,No,0.443,0,Medium,2026-03-01
3512-IZIKN,Female,No,Yes,No,70,Yes,Yes,DSL,Yes,No,Yes,Yes,No,No,Two year,No,Credit card (automatic),65.3,4759.75,Yes,0.0205,0,Low,2026-03-01
2481-SBOYW,Female,No,No,Yes,61,Yes,Yes,No,No,No,No,No,No,No,Two year,Yes,Credit card (automatic),25.0,1498.35,No,0.0181,0,Low,2026-08-01
7109-MFBYV,Male,No,No,No,26,Yes,No,DSL,No,No,No,No,No,No,Month-to-month,No,Electronic check,45.45,1233.15,No,0.4508,0,Medium,2026-06-01
1833-TCXKK,Male,No,Yes,No,45,Yes,Yes,Fiber optic,No,Yes,Yes,No,Yes,Yes,Month-to-month,Yes,Bank transfer (automatic),107.75,4882.8,No,0.7019,0,High,2025-12-01
1832-PEUTS,Male,No,Yes,Yes,62,Yes,Yes,Fiber optic,No,No,Yes,No,Yes,No,Two year,Yes,Credit card (automatic),89.1,5411.65,No,0.192,0,Low,2026-01-01
6141-OOXUQ,Male,No,No,No,1,Yes,No,No,No,No,No,No,No,No,Month-to-month,No,Mailed check,19.65,19.65,Yes,0.3915,0,Medium,2026-05-01
8660-BUETV,Female,No,No,No,3,Yes,No,DSL,No,No,No,No,No,No,Month-to-month,No,Mailed check,44.75,148.05,No,0.58,0,Medium,2026-01-01
0580-PIQHM,Female,No,Yes,Yes,41,Yes,Yes,Fiber optic,Yes,Yes,Yes,No,No,Yes,One year,Yes,Bank transfer (automatic),101.6,3930.55,No,0.3232,0,Medium,2026-02-01
5696-CEIQJ,Male,No,Yes,Yes,67,Yes,No,Fiber optic,No,Yes,Yes,Yes,Yes,Yes,Two year,No,Bank transfer (automatic),103.15,6895.5,No,0.0969,0,Low,2025-11-01
7503-ZGUZJ,Male,No,No,No,1,Yes,Yes,Fiber optic,No,No,No,No,Yes,No,Month-to-month,Yes,Mailed check,84.65,84.65,Yes,0.8734,1,High,2025-12-01
1696-HXOWK,Female,No,Yes,No,71,Yes,Yes,Fiber optic,Yes,Yes,No,No,Yes,No,One year,No,Mailed check,95.65,6856.95,No,0.1675,0,Low,2026-05-01
3026-ATZYV,Female,No,Yes,Yes,37,Yes,No,DSL,Yes,Yes,No,No,Yes,Yes,One year,No,Bank transfer (automatic),75.1,2658.8,No,0.1282,0,Low,2026-07-01
4012-YCFAI,Male,No,Yes,No,60,Yes,No,DSL,Yes,Yes,No,Yes,No,No,Two year,Yes,Mailed check,61.35,3766.2,No,0.0282,0,Low,2026-06-01
2506-TNFCO,Female,Yes,Yes,No,1,Yes,No,Fiber optic,No,No,No,No,No,No,Month-to-month,Yes,Electronic check,69.55,69.55,Yes,0.8813,1,High,2025-12-01
9970-QBCDA,Female,No,No,No,6,Yes,No,No,No,No,No,No,No,No,Month-to-month,No,Credit card (automatic),19.7,129.55,No,0.3273,0,Medium,2025-10-01
8718-PTMEZ,Female,No,No,No,13,No,No,DSL,No,Yes,No,No,No,No,Month-to-month,Yes,Electronic check,31.05,347.25,Yes,0.696,0,High,2025-10-01
9496-IVVRP,Female,No,Yes,Yes,11,Yes,No,DSL,Yes,No,No,No,No,No,Month-to-month,No,Bank transfer (automatic),51.0,581.7,No,0.3296,0,Medium,2026-01-01
2207-OBZNX,Male,No,No,No,7,Yes,No,DSL,Yes,No,No,No,No,No,Month-to-month,Yes,Mailed check,51.0,354.05,Yes,0.5304,0,Medium,2026-03-01
2657-VPXTA,Female,No,Yes,Yes,10,Yes,No,Fiber optic,No,No,No,No,Yes,Yes,Month-to-month,Yes,Electronic check,88.85,929.45,No,0.8584,1,High,2026-07-01
6551-VLJMV,Male,No,Yes,No,34,Yes,No,No,No,No,No,No,No,No,Two year,No,Credit card (automatic),20.05,679.0,No,0.0368,0,Low,2026-07-01
1221-GHZEP,Female,No,No,No,62,Yes,No,DSL,Yes,No,No,Yes,No,Yes,Two year,Yes,Mailed check,65.1,3846.75,No,0.0408,0,Low,2025-09-01
9289-LBQVU,Male,No,Yes,No,64,Yes,Yes,DSL,No,Yes,No,Yes,No,Yes,One year,Yes,Mailed check,70.15,4480.7,No,0.1198,0,Low,2026-05-01
6142-VSJQO,Female,No,Yes,Yes,1,Yes,No,DSL,No,No,No,No,No,No,Month-to-month,Yes,Bank transfer (automatic),44.35,44.35,Yes,0.6158,0,High,2025-12-01
3458-IDMFK,Male,No,No,No,25,Yes,No,No,No,No,No,No,No,No,Two year,Yes,Mailed check,20.75,499.4,No,0.0791,0,Low,2025-11-01
6933-FHBZC,Female,No,No,No,26,Yes,No,DSL,No,Yes,Yes,No,No,No,One year,Yes,Mailed check,56.05,1553.2,No,0.2604,0,Low,2026-03-01
0221-NAUXK,Male,No,No,Yes,10,Yes,No,No,No,No,No,No,No,No,One year,Yes,Bank transfer (automatic),19.95,219.5,No,0.1887,0,Low,2025-09-01
9770-KXGQU,Female,No,No,No,53,Yes,Yes,Fiber optic,Yes,Yes,Yes,No,Yes,No,One year,No,Mailed check,98.6,5311.85,No,0.2455,0,Low,2026-01-01
6437-UKHMV,Female,No,No,No,7,Yes,No,Fiber optic,No,No,No,No,Yes,No,Month-to-month,Yes,Electronic check,79.7,586.05,Yes,0.8618,1,High,2026-03-01
6538-POCHL,Male,No,No,No,33,Yes,No,Fiber optic,No,Yes,Yes,No,No,No,Month-to-month,Yes,Credit card (automatic),79.0,2576.8,No,0.5746,0,Medium,2025-12-01
6726-NNFWD,Female,Yes,Yes,No,71,Yes,No,Fiber optic,No,Yes,Yes,No,No,Yes,Two year,No,Credit card (automatic),89.45,6435.25,No,0.1277,0,Low,2026-04-01
3002-WQZWT,Female,No,No,No,29,Yes,Yes,Fiber optic,No,No,No,No,No,No,Month-to-month,Yes,Electronic check,74.2,1993.25,No,0.7609,0,High,2026-02-01
4277-UDIEF,Male,No,Yes,Yes,24,Yes,Yes,DSL,Yes,No,No,Yes,Yes,Yes,Month-to-month,No,Bank transfer (automatic),81.0,1923.85,No,0.3291,0,Medium,2026-06-01
1208-NBVFH,Male,No,Yes,Yes,20,Yes,No,DSL,No,No,Yes,No,No,No,Month-to-month,Yes,Electronic check,49.6,939.8,No,0.5272,0,Medium,2025-11-01
4912-PIGUY,Female,No,No,No,1,Yes,Yes,Fiber optic,No,No,No,No,Yes,No,Month-to-month,Yes,Electronic check,84.6,84.6,No,0.9024,1,High,2025-09-01
1114-CENIM,Male,No,No,Yes,54,Yes,Yes,DSL,No,Yes,No,No,No,No,Month-to-month,Yes,Credit card (automatic),55.0,3092.65,Yes,0.2191,0,Low,2026-03-01
6060-DRTNL,Female,Yes,No,No,5,Yes,No,Fiber optic,No,No,Yes,No,Yes,No,Month-to-month,Yes,Mailed check,84.85,415.55,Yes,0.8474,1,High,2025-12-01
2725-TTRIQ,Female,No,Yes,Yes,72,Yes,Yes,DSL,Yes,No,Yes,Yes,Yes,Yes,Two year,Yes,Bank transfer (automatic),84.2,5986.55,No,0.0434,0,Low,2026-05-01
3374-TTZTK,Male,No,Yes,No,52,Yes,No,Fiber optic,Yes,Yes,Yes,Yes,Yes,Yes,Two year,Yes,Electronic check,106.3,5487.0,No,0.2171,0,Low,2025-10-01
8990-ZXLSU,Female,No,No,No,9,Yes,No,Fiber optic,No,No,No,No,No,No,Month-to-month,No,Electronic check,69.05,651.5,No,0.7693,0,High,2026-03-01
2275-RBYQS,Female,No,No,No,1,Yes,No,DSL,No,No,No,No,No,No,Month-to-month,Yes,Mailed check,45.4,45.4,No,0.6817,0,High,2026-08-01
8473-VUVJN,Male,Yes,No,No,1,Yes,Yes,Fiber optic,No,No,No,No,No,No,Month-to-month,Yes,Electronic check,73.65,73.65,Yes,0.9062,1,High,2025-10-01
6289-CPNLD,Male,No,Yes,Yes,33,Yes,No,DSL,No,No,Yes,Yes,Yes,Yes,One year,Yes,Mailed check,73.9,2405.05,Yes,0.2445,0,Low,2025-12-01
5536-SLHPM,Female,No,Yes,No,55,Yes,Yes,Fiber optic,No,No,Yes,No,No,No,Month-to-month,Yes,Electronic check,77.75,4458.15,Yes,0.6072,0,High,2026-07-01
4419-UJMUS,Male,No,Yes,Yes,69,Yes,Yes,Fiber optic,No,No,No,Yes,Yes,Yes,Two year,Yes,Electronic check,99.35,6856.45,No,0.2421,0,Low,2026-03-01
7794-JASDG,Male,No,No,No,1,Yes,No,DSL,Yes,No,No,No,No,No,Month-to-month,Yes,Mailed check,50.75,50.75,No,0.5841,0,Medium,2025-11-01
7609-YBPXG,Male,No,No,No,54,Yes,Yes,DSL,Yes,No,Yes,Yes,Yes,Yes,Two year,No,Bank transfer (automatic),87.1,4735.2,No,0.0645,0,Low,2025-11-01
5519-TEEUH,Male,No,No,Yes,33,Yes,No,No,No,No,No,No,No,No,One year,Yes,Mailed check,20.15,682.15,No,0.0846,0,Low,2026-06-01
7856-GANIL,Male,Yes,Yes,No,45,Yes,Yes,Fiber optic,No,Yes,Yes,Yes,Yes,No,One year,Yes,Bank transfer (automatic),98.7,4525.8,No,0.4145,0,Medium,2026-07-01
0804-XBFBV,Female,No,No,Yes,11,No,No,DSL,No,No,No,No,No,No,Month-to-month,No,Electronic check,25.2,321.05,No,0.6239,0,High,2026-01-01
2676-OXPPQ,Male,No,No,No,6,Yes,No,DSL,Yes,Yes,No,No,No,No,Month-to-month,Yes,Bank transfer (automatic),55.7,335.65,No,0.4809,0,Medium,2026-02-01
3703-TTEPD,Male,No,No,No,21,Yes,No,DSL,Yes,No,Yes,No,Yes,No,Month-to-month,No,Bank transfer (automatic),65.35,1424.4,No,0.3537,0,Medium,2026-06-01
2799-TSLAG,Female,No,Yes,Yes,65,Yes,Yes,No,No,No,No,No,No,No,Two year,Yes,Bank transfer (automatic),25.3,1748.55,No,0.0154,0,Low,2025-11-01
0196-VULGZ,Female,Yes,Yes,No,6,Yes,Yes,Fiber optic,No,No,No,No,No,Yes,Month-to-month,Yes,Electronic check,84.35,474.9,Yes,0.9131,1,High,2025-11-01
8837-VVWLQ,Female,No,No,No,8,Yes,No,Fiber optic,Yes,No,No,No,Yes,No,Month-to-month,No,Electronic check,84.95,668.4,Yes,0.7283,0,High,2026-06-01
2696-NARTR,Male,No,No,No,11,Yes,No,Fiber optic,No,No,No,Yes,No,No,Month-to-month,Yes,Electronic check,73.85,926.25,Yes,0.7667,0,High,2025-11-01
2208-NKVVH,Male,No,Yes,Yes,43,Yes,Yes,No,No,No,No,No,No,No,Two year,No,Mailed check,24.25,1077.95,No,0.0279,0,Low,2026-06-01
7614-QVWQL,Male,No,Yes,Yes,49,No,No,DSL,No,Yes,No,No,Yes,Yes,One year,Yes,Bank transfer (automatic),51.8,2541.25,Yes,0.2223,0,Low,2026-02-01
1976-CFOCS,Female,Yes,Yes,No,1,Yes,No,DSL,No,No,No,No,No,No,Month-to-month,No,Electronic check,46.0,46.0,Yes,0.706,0,High,2026-08-01
4631-OACRM,Male,Yes,No,No,15,Yes,No,Fiber optic,No,No,No,No,No,Yes,Month-to-month,Yes,Electronic check,79.4,1156.1,Yes,0.8684,1,High,2025-09-01
7139-JZFVG,Male,No,Yes,Yes,60,Yes,No,DSL,Yes,Yes,Yes,No,No,No,Two year,No,Bank transfer (automatic),60.5,3694.45,No,0.0201,0,Low,2026-08-01
4987-GQWPO,Male,No,No,No,17,No,No,DSL,No,No,No,No,No,No,Month-to-month,No,Credit card (automatic),25.1,382.8,No,0.5314,0,Medium,2025-11-01
3755-JBMNH,Male,Yes,Yes,No,16,Yes,No,Fiber optic,No,No,No,No,No,No,Month-to-month,Yes,Bank transfer (automatic),71.8,1167.8,Yes,0.7624,0,High,2025-09-01
1757-TCATG,Male,No,Yes,Yes,35,Yes,No,No,No,No,No,No,No,No,One year,No,Bank transfer (automatic),20.05,746.75,No,0.0518,0,Low,2026-05-01
6345-ULYRW,Male,Yes,Yes,No,44,Yes,Yes,Fiber optic,No,Yes,No,No,No,Yes,One year,No,Mailed check,88.4,3912.9,Yes,0.4437,0,Medium,2026-03-01
4776-XSKYQ,Female,No,Yes,Yes,12,No,No,DSL,No,No,No,Yes,No,No,One year,No,Credit card (automatic),30.25,368.85,No,0.2695,0,Low,2026-07-01
8048-DSDFQ,Male,No,No,No,1,Yes,No,No,No,No,No,No,No,No,Month-to-month,No,Mailed check,20.2,20.2,No,0.3901,0,Medium,2025-10-01
5753-QQWPW,Female,No,No,No,28,Yes,No,DSL,Yes,Yes,No,Yes,No,No,One year,Yes,Electronic check,59.9,1654.7,No,0.1748,0,Low,2025-09-01
6010-DDPPW,Male,No,Yes,No,70,Yes,Yes,No,No,No,No,No,No,No,Two year,No,Bank transfer (automatic),25.15,1940.85,No,0.0113,0,Low,2026-03-01
1809-DMJHQ,Female,No,No,Yes,5,Yes,No,DSL,No,No,No,No,No,No,Month-to-month,No,Mailed check,46.0,221.7,Yes,0.5005,0,Medium,2026-07-01
6693-FRIRW,Male,No,No,No,18,Yes,No,Fiber optic,No,Yes,Yes,No,Yes,Yes,Month-to-month,No,Credit card (automatic),101.3,1794.65,No,0.7063,0,High,2026-01-01
6586-MYGKD,Male,No,Yes,No,70,Yes,Yes,DSL,Yes,No,No,Yes,Yes,Yes,Two year,Yes,Credit card (automatic),76.95,5289.8,No,0.0565,0,Low,2026-06-01
3173-NVMPX,Female,No,Yes,Yes,9,Yes,Yes,DSL,No,Yes,No,No,No,No,Month-to-month,Yes,Mailed check,55.3,501.2,No,0.5711,0,Medium,2026-07-01
0248-PGHBZ,Female,Yes,No,No,67,Yes,No,Fiber optic,Yes,Yes,No,Yes,Yes,No,Two year,Yes,Bank transfer (automatic),92.45,6140.85,No,0.0952,0,Low,2026-07-01
0623-GDISB,Female,No,No,No,1,Yes,No,DSL,Yes,No,No,No,No,No,Month-to-month,Yes,Bank transfer (automatic),48.45,48.45,No,0.5708,0,Medium,2026-03-01
2892-GESUL,Female,No,Yes,Yes,18,Yes,No,No,No,No,No,No,No,No,Two year,No,Mailed check,19.35,309.25,No,0.0582,0,Low,2026-05-01
6923-EFPNL,Male,No,No,No,4,Yes,Yes,DSL,No,No,No,No,No,No,Month-to-month,No,Credit card (automatic),51.75,201.1,Yes,0.6124,0,High,2026-03-01
7472-EQOAV,Male,Yes,Yes,Yes,71,Yes,No,Fiber optic,Yes,Yes,Yes,No,No,No,One year,Yes,Bank transfer (automatic),86.7,6179.35,No,0.1273,0,Low,2026-05-01
9574-RKJIF,Male,No,Yes,Yes,30,Yes,Yes,Fiber optic,Yes,Yes,No,No,Yes,No,Month-to-month,Yes,Electronic check,94.4,2838.7,Yes,0.6536,0,High,2026-03-01
2043-WVTQJ,Male,No,Yes,No,1,Yes,No,DSL,Yes,No,Yes,No,No,No,Month-to-month,No,Mailed check,55.7,55.7,No,0.4752,0,Medium,2026-03-01
8034-RYTVV,Female,No,No,No,55,Yes,Yes,Fiber optic,Yes,No,Yes,No,No,No,One year,Yes,Credit card (automatic),84.25,4589.85,No,0.258,0,Low,2026-02-01
3863-QSTYI,Male,No,No,No,59,Yes,No,DSL,No,No,Yes,Yes,Yes,No,Month-to-month,Yes,Electronic check,64.65,3735.45,No,0.2569,0,Low,2026-04-01
2619-WFQWU,Female,No,No,No,1,Yes,No,Fiber optic,No,No,No,No,No,No,Month-to-month,Yes,Mailed check,70.15,70.15,Yes,0.818,1,High,2026-06-01
5044-LRQAQ,Female,No,Yes,No,7,Yes,No,Fiber optic,No,No,No,No,No,No,Month-to-month,Yes,Bank transfer (automatic),69.2,477.55,No,0.7773,0,High,2026-08-01
1716-LSAMB,Male,No,Yes,Yes,45,Yes,No,DSL,Yes,No,No,Yes,No,No,Two year,No,Bank transfer (automatic),54.65,2553.7,No,0.0275,0,Low,2026-04-01
1333-PBMXB,Female,No,Yes,Yes,54,Yes,Yes,No,No,No,No,No,No,No,One year,Yes,Bank transfer (automatic),24.75,1342.15,No,0.0436,0,Low,2025-10-01
6546-OPBBH,Male,No,Yes,Yes,51,Yes,Yes,No,No,No,No,No,No,No,One year,Yes,Mailed check,23.95,1216.35,No,0.0528,0,Low,2026-04-01
5985-BEHZK,Female,Yes,Yes,No,72,Yes,Yes,Fiber optic,No,Yes,Yes,No,Yes,Yes,One year,No,Credit card (automatic),105.0,7578.05,No,0.3353,0,Medium,2025-12-01
9127-QRZMH,Male,No,Yes,No,44,Yes,No,DSL,Yes,Yes,No,Yes,No,No,One year,Yes,Bank transfer (automatic),59.85,2603.95,No,0.0789,0,Low,2025-09-01
5919-VCZYM,Male,No,No,No,2,Yes,No,No,No,No,No,No,No,No,Month-to-month,No,Mailed check,20.05,42.7,No,0.3805,0,Medium,2025-09-01
9644-KVCNC,Female,No,No,No,66,Yes,Yes,Fiber optic,No,No,Yes,No,Yes,No,One year,Yes,Bank transfer (automatic),92.15,6056.9,No,0.3377,0,Medium,2026-04-01
2137-DQMEV,Male,No,Yes,Yes,68,No,No,DSL,Yes,Yes,No,No,Yes,No,One year,No,Mailed check,44.8,2983.65,No,0.0454,0,Low,2026-08-01
8174-LNWMW,Female,No,No,No,31,Yes,No,No,No,No,No,No,No,No,Two year,No,Credit card (automatic),20.9,689.35,No,0.0415,0,Low,2026-03-01
9279-CJEOJ,Female,Yes,No,No,21,Yes,Yes,Fiber optic,No,No,No,No,Yes,Yes,Month-to-month,Yes,Bank transfer (automatic),95.4,2025.1,No,0.858,1,High,2026-02-01
7964-VEXDG,Male,No,No,Yes,21,Yes,Yes,Fiber optic,Yes,No,No,No,No,No,Month-to-month,No,Electronic check,80.35,1747.2,No,0.6093,0,High,2025-10-01
2404-JIBFC,Female,No,Yes,Yes,55,Yes,Yes,DSL,Yes,No,Yes,Yes,Yes,Yes,Two year,Yes,Bank transfer (automatic),85.1,4657.95,No,0.0691,0,Low,2026-05-01
0778-NELLA,Male,No,No,No,9,No,No,DSL,No,No,No,No,Yes,No,Month-to-month,Yes,Credit card (automatic),34.7,296.1,Yes,0.7392,0,High,2025-09-01
8029-XYPWT,Male,Yes,Yes,No,71,Yes,Yes,Fiber optic,Yes,Yes,Yes,Yes,Yes,Yes,Two year,Yes,Bank transfer (automatic),115.05,8016.6,No,0.1673,0,Low,2026-07-01
4614-NUVZD,Female,No,No,No,1,Yes,No,Fiber optic,No,No,No,No,No,Yes,Month-to-month,Yes,Electronic check,81.1,81.1,Yes,0.8881,1,High,2026-06-01
4632-PAOYU,Male,No,Yes,Yes,22,Yes,No,No,No,No,No,No,No,No,One year,No,Mailed check,19.95,433.5,No,0.091,0,Low,2026-08-01
3803-KMQFW,Female,No,Yes,Yes,1,Yes,No,No,No,No,No,No,No,No,Month-to-month,No,Mailed check,20.55,20.55,Yes,0.3297,0,Medium,2025-12-01
6804-GDMOI,Female,No,No,No,61,Yes,Yes,Fiber optic,No,No,Yes,Yes,Yes,Yes,Two year,Yes,Electronic check,106.6,6428.4,Yes,0.3277,0,Medium,2025-10-01
2990-OGYTD,Female,No,Yes,No,67,Yes,Yes,DSL,No,Yes,Yes,Yes,Yes,Yes,Two year,No,Bank transfer (automatic),86.15,5883.85,No,0.0577,0,Low,2025-12-01
6646-JPPHA,Female,Yes,No,No,14,Yes,No,Fiber optic,Yes,Yes,No,No,No,No,Month-to-month,No,Electronic check,78.85,1043.8,No,0.6533,0,High,2026-06-01
9572-MTILT,Male,No,Yes,No,59,Yes,Yes,Fiber optic,Yes,Yes,Yes,Yes,Yes,No,Month-to-month,Yes,Electronic check,106.75,6252.9,Yes,0.4515,0,Medium,2025-11-01
7658-UYUQS,Male,Yes,Yes,No,21,Yes,No,Fiber optic,No,No,Yes,No,Yes,No,Month-to-month,No,Bank transfer (automatic),86.55,1857.25,No,0.6979,0,High,2026-07-01
7880-XSOJX,Male,No,No,No,4,No,No,DSL,Yes,Yes,No,Yes,No,No,Month-to-month,No,Mailed check,42.4,146.4,No,0.4283,0,Medium,2025-10-01
9611-CTWIH,Female,No,No,No,3,Yes,No,Fiber optic,No,No,No,No,Yes,Yes,Month-to-month,Yes,Electronic check,89.45,240.45,Yes,0.9012,1,High,2025-09-01
4589-IUAJB,Male,No,Yes,No,70,Yes,Yes,No,No,No,No,No,No,No,Two year,No,Bank transfer (automatic),24.25,1724.15,No,0.0109,0,Low,2025-11-01
0329-GTIAJ,Female,No,No,No,3,Yes,No,Fiber optic,No,Yes,No,Yes,Yes,Yes,Month-to-month,Yes,Electronic check,97.9,315.3,Yes,0.8434,1,High,2026-06-01
8746-BFOAJ,Male,Yes,No,No,21,Yes,No,No,No,No,No,No,No,No,One year,No,Bank transfer (automatic),20.5,429.55,No,0.1316,0,Low,2026-04-01
8457-XIGKN,Male,No,No,No,20,Yes,No,No,No,No,No,No,No,No,Month-to-month,Yes,Credit card (automatic),19.6,356.15,No,0.2816,0,Low,2026-01-01
6072-NUQCB,Male,No,Yes,Yes,22,Yes,No,No,No,No,No,No,No,No,One year,No,Bank transfer (automatic),20.25,488.25,No,0.0868,0,Low,2026-04-01
6629-CZTTH,Male,No,No,No,1,Yes,No,DSL,No,No,No,No,No,Yes,Month-to-month,Yes,Mailed check,55.7,55.7,Yes,0.74,0,High,2026-04-01
8838-GPHZP,Female,No,No,No,63,Yes,No,No,No,No,No,No,No,No,Two year,Yes,Mailed check,20.6,1298.7,No,0.0165,0,Low,2026-03-01
8750-QWZAJ,Female,No,Yes,Yes,70,Yes,No,No,No,No,No,No,No,No,Two year,No,Bank transfer (automatic),19.8,1378.75,No,0.0063,0,Low,2026-03-01
5364-EVNIB,Male,No,No,No,13,Yes,No,Fiber optic,No,Yes,Yes,No,No,No,Month-to-month,Yes,Electronic check,79.8,973.45,Yes,0.7746,0,High,2025-10-01
6918-UMQCG,Female,No,No,No,5,Yes,No,Fiber optic,No,No,No,No,Yes,No,Month-to-month,No,Electronic check,80.2,384.25,No,0.8174,1,High,2025-12-01
0675-NCDYU,Female,No,Yes,Yes,72,Yes,Yes,Fiber optic,Yes,Yes,Yes,Yes,Yes,Yes,Two year,Yes,Credit card (automatic),116.4,8543.25,No,0.1213,0,Low,2026-03-01
6339-DKLMK,Female,No,No,No,13,No,No,DSL,No,Yes,No,No,No,No,Month-to-month,Yes,Electronic check,31.65,389.95,No,0.6966,0,High,2025-10-01
1346-PJWTK,Male,No,Yes,No,61,Yes,No,Fiber optic,No,Yes,Yes,Yes,No,Yes,Month-to-month,No,Credit card (automatic),94.15,5731.85,No,0.3082,0,Medium,2026-02-01
5088-QZLRL,Male,No,No,No,1,Yes,No,No,No,No,No,No,No,No,Month-to-month,No,Electronic check,20.65,20.65,No,0.4647,0,Medium,2025-10-01
8023-QHAIO,Female,Yes,Yes,No,56,Yes,Yes,Fiber optic,No,No,No,Yes,No,No,Month-to-month,Yes,Bank transfer (automatic),76.85,4275.75,No,0.4649,0,Medium,2026-06-01
4397-FRLTA,Female,No,No,No,4,Yes,No,No,No,No,No,No,No,No,Month-to-month,No,Mailed check,20.15,84.5,No,0.3561,0,Medium,2025-10-01
3057-VJJQE,Male,No,No,No,35,Yes,Yes,DSL,Yes,No,No,No,No,No,Two year,No,Mailed check,55.25,1924.1,No,0.0878,0,Low,2025-10-01
5087-SUURX,Female,No,Yes,No,18,No,No,DSL,No,No,Yes,No,Yes,No,Month-to-month,Yes,Electronic check,39.05,669.85,Yes,0.7278,0,High,2026-04-01
2302-OUZXB,Male,No,Yes,No,72,Yes,Yes,DSL,No,Yes,Yes,No,Yes,Yes,Two year,No,Bank transfer (automatic),82.15,5784.3,No,0.0649,0,Low,2025-11-01
8133-ANHHJ,Female,Yes,No,No,49,Yes,Yes,Fiber optic,Yes,Yes,Yes,Yes,No,Yes,One year,No,Bank transfer (automatic),103.0,5166.2,No,0.2471,0,Low,2026-01-01
2270-CHBFN,Female,No,Yes,No,44,Yes,Yes,Fiber optic,Yes,Yes,Yes,Yes,No,No,Month-to-month,Yes,Credit card (automatic),95.1,4060.55,No,0.3731,0,Medium,2025-12-01
0013-EXCHZ,Female,Yes,Yes,No,3,Yes,No,Fiber optic,No,No,No,Yes,Yes,No,Month-to-month,Yes,Mailed check,83.9,267.4,Yes,0.8105,1,High,2025-11-01
5982-FPVQN,Female,No,Yes,Yes,37,Yes,Yes,Fiber optic,No,Yes,Yes,No,No,Yes,Month-to-month,Yes,Electronic check,95.15,3532.85,No,0.7118,0,High,2026-06-01
9107-UKCKY,Male,No,Yes,No,61,Yes,Yes,DSL,No,Yes,Yes,No,Yes,Yes,One year,Yes,Electronic check,79.8,4914.8,No,0.2811,0,Low,2026-05-01
4654-ULTTN,Male,No,Yes,No,70,Yes,Yes,DSL,Yes,No,Yes,Yes,No,Yes,Two year,Yes,Credit card (automatic),74.8,5315.8,No,0.0441,0,Low,2025-11-01
5550-VFRLC,Female,Yes,No,No,1,Yes,No,Fiber optic,No,No,No,No,No,No,Month-to-month,Yes,Electronic check,69.85,69.85,Yes,0.8821,1,High,2026-05-01
5546-BYZSM,Female,No,No,No,41,Yes,No,No,No,No,No,No,No,No,Month-to-month,No,Electronic check,20.45,775.6,No,0.1327,0,Low,2026-05-01
1492-KGETH,Male,No,Yes,Yes,70,Yes,Yes,DSL,Yes,Yes,Yes,Yes,No,Yes,One year,No,Bank transfer (automatic),78.35,5445.95,No,0.0393,0,Low,2026-03-01
4929-BSTRX,Female,No,No,No,1,Yes,No,DSL,No,No,No,No,Yes,No,Month-to-month,Yes,Mailed check,53.55,53.55,Yes,0.7236,0,High,2026-03-01
4163-HFTUK,Male,No,No,No,51,Yes,No,No,No,No,No,No,No,No,One year,No,Electronic check,19.1,1007.8,No,0.0482,0,Low,2026-08-01
8215-NGSPE,Female,No,Yes,Yes,42,Yes,No,No,No,No,No,No,No,No,Two year,No,Mailed check,20.0,833.55,No,0.0217,0,Low,2026-02-01
2225-ZRGSG,Female,No,Yes,Yes,70,Yes,Yes,Fiber optic,Yes,Yes,Yes,Yes,No,No,Two year,No,Bank transfer (automatic),93.9,6579.05,Yes,0.0418,0,Low,2026-01-01
8859-YSTWS,Male,No,No,No,48,Yes,No,No,No,No,No,No,No,No,One year,No,Bank transfer (automatic),19.95,1004.5,No,0.0383,0,Low,2026-03-01
5271-YNWVR,Male,No,Yes,Yes,68,Yes,Yes,Fiber optic,Yes,Yes,Yes,Yes,Yes,Yes,Two year,Yes,Electronic check,113.15,7856.0,Yes,0.1778,0,Low,2026-07-01
7601-DHFWZ,Female,No,No,No,48,Yes,Yes,No,No,No,No,No,No,No,Two year,No,Credit card (automatic),24.0,1183.05,No,0.0269,0,Low,2026-05-01
2657-ALMWY,Female,Yes,Yes,No,26,Yes,No,Fiber optic,No,Yes,No,No,No,Yes,Month-to-month,No,Electronic check,84.95,2169.75,Yes,0.7314,0,High,2025-09-01
6330-JKLPC,Male,No,Yes,No,11,Yes,Yes,Fiber optic,No,Yes,No,No,No,No,Month-to-month,Yes,Bank transfer (automatic),80.5,896.9,Yes,0.7683,0,High,2026-02-01
4667-OHGKG,Male,No,No,No,1,Yes,No,No,No,No,No,No,No,No,Month-to-month,Yes,Mailed check,19.3,19.3,Yes,0.4844,0,Medium,2026-05-01
1998-VHJHK,Female,No,No,No,27,Yes,No,No,No,No,No,No,No,No,One year,No,Mailed check,19.15,501.35,No,0.0918,0,Low,2025-11-01
1707-HABPF,Female,Yes,No,No,46,Yes,No,Fiber optic,No,Yes,Yes,No,Yes,No,One year,Yes,Bank transfer (automatic),91.3,4126.35,No,0.4098,0,Medium,2026-08-01
1660-HSOOQ,Male,No,No,No,1,Yes,No,DSL,No,No,Yes,No,No,No,Month-to-month,Yes,Mailed check,49.65,49.65,Yes,0.6758,0,High,2026-06-01
7253-UVNDW,Female,No,No,No,46,Yes,No,DSL,No,No,Yes,Yes,No,No,Two year,No,Credit card (automatic),54.35,2460.15,Yes,0.0468,0,Low,2026-07-01
0487-VVUVK,Male,No,Yes,Yes,25,Yes,No,No,No,No,No,No,No,No,Month-to-month,Yes,Mailed check,19.15,477.6,No,0.209,0,Low,2025-09-01
7228-OMTPN,Male,No,No,No,4,Yes,No,Fiber optic,No,No,No,No,Yes,Yes,Month-to-month,Yes,Electronic check,88.45,370.65,Yes,0.9022,1,High,2026-03-01
5063-IUOKK,Male,No,No,No,13,Yes,No,No,No,No,No,No,No,No,Two year,No,Mailed check,19.75,265.75,No,0.0908,0,Low,2026-03-01
4508-OEBEY,Male,No,Yes,No,31,Yes,No,DSL,Yes,Yes,Yes,Yes,No,Yes,One year,Yes,Credit card (automatic),75.5,2424.45,No,0.1588,0,Low,2026-04-01
0027-KWYKW,Female,No,Yes,Yes,23,Yes,Yes,Fiber optic,No,No,No,No,Yes,No,Month-to-month,Yes,Electronic check,83.75,1849.95,No,0.7945,0,High,2026-07-01
2308-STERM,Female,No,No,No,2,Yes,No,No,No,No,No,No,No,No,Month-to-month,No,Mailed check,19.4,61.05,No,0.3788,0,Medium,2026-01-01
5982-XMDEX,Female,No,No,No,65,Yes,Yes,No,No,No,No,No,No,No,Two year,No,Bank transfer (automatic),26.5,1698.55,No,0.0132,0,Low,2026-03-01
6284-AHOOQ,Male,Yes,No,No,22,Yes,Yes,Fiber optic,No,No,No,Yes,Yes,No,Month-to-month,Yes,Bank transfer (automatic),90.5,1910.6,Yes,0.7501,0,High,2026-05-01
6051-PTVNS,Female,No,Yes,Yes,55,Yes,No,No,No,No,No,No,No,No,One year,No,Credit card (automatic),19.15,998.1,No,0.0221,0,Low,2026-06-01
2344-JMOGN,Male,No,Yes,No,9,Yes,No,Fiber optic,No,Yes,Yes,Yes,Yes,No,Month-to-month,Yes,Mailed check,94.85,890.6,Yes,0.7076,0,High,2026-06-01
3799-ISUZQ,Male,No,Yes,Yes,7,Yes,No,Fiber optic,No,No,No,No,No,No,Month-to-month,Yes,Bank transfer (automatic),69.95,529.5,Yes,0.7394,0,High,2026-01-01
2877-VDUER,Female,No,Yes,Yes,35,No,No,DSL,No,No,No,Yes,Yes,No,One year,No,Mailed check,40.9,1383.6,No,0.1632,0,Low,2026-08-01
9152-AMKAK,Male,No,No,No,6,Yes,No,DSL,Yes,No,Yes,Yes,Yes,Yes,Two year,Yes,Mailed check,80.25,493.4,No,0.2444,0,Low,2025-09-01
1794-HBQTJ,Female,No,No,No,1,Yes,No,DSL,Yes,No,No,No,No,No,Month-to-month,Yes,Credit card (automatic),48.6,48.6,Yes,0.5734,0,Medium,2026-02-01
9432-VOFYX,Male,No,No,No,17,Yes,No,Fiber optic,No,No,No,No,No,No,Month-to-month,Yes,Electronic check,70.8,1207.0,No,0.7901,0,High,2026-04-01
8049-WJCLQ,Male,No,Yes,Yes,10,Yes,No,DSL,No,No,Yes,No,Yes,No,Month-to-month,No,Mailed check,60.2,563.5,No,0.4958,0,Medium,2025-09-01
6586-PSJOX,Male,No,No,Yes,15,Yes,No,DSL,No,No,Yes,Yes,No,No,One year,No,Credit card (automatic),55.2,864.55,No,0.1827,0,Low,2026-02-01
2460-FPSYH,Female,Yes,No,No,40,No,No,DSL,Yes,Yes,No,No,Yes,Yes,Month-to-month,Yes,Electronic check,55.8,2109.35,Yes,0.5391,0,Medium,2026-04-01
9705-ZJBCG,Female,No,Yes,Yes,13,Yes,No,DSL,Yes,No,No,Yes,No,No,One year,No,Bank transfer (automatic),54.15,701.05,No,0.1355,0,Low,2026-04-01
4818-DRBQT,Male,No,Yes,No,29,Yes,Yes,Fiber optic,No,Yes,No,No,No,No,Month-to-month,Yes,Bank transfer (automatic),80.15,2265.25,Yes,0.6594,0,High,2025-10-01
1320-HTRDR,Female,No,No,No,3,Yes,Yes,Fiber optic,No,No,No,No,No,No,Month-to-month,Yes,Electronic check,75.5,220.6,Yes,0.8778,1,High,2025-12-01
6847-KJLTS,Female,Yes,Yes,No,58,Yes,Yes,Fiber optic,No,No,No,Yes,Yes,Yes,Month-to-month,Yes,Bank transfer (automatic),100.4,5749.8,No,0.6231,0,High,2025-11-01
9670-BPNXF,Female,No,No,No,45,Yes,No,DSL,Yes,Yes,No,Yes,No,No,One year,Yes,Credit card (automatic),62.55,2796.45,No,0.0768,0,Low,2026-04-01
3913-FCUUW,Female,No,Yes,Yes,72,Yes,Yes,DSL,Yes,Yes,Yes,Yes,No,No,Two year,Yes,Bank transfer (automatic),70.45,5165.7,No,0.0194,0,Low,2025-12-01
3301-VKTGC,Male,No,Yes,Yes,68,Yes,Yes,Fiber optic,Yes,Yes,No,No,No,No,One year,Yes,Bank transfer (automatic),85.5,5696.6,No,0.1422,0,Low,2026-03-01
1493-AMTIE,Male,No,No,No,1,Yes,No,No,No,No,No,No,No,No,Month-to-month,Yes,Bank transfer (automatic),20.2,20.2,Yes,0.4667,0,Medium,2026-05-01
9555-SAHUZ,Female,No,Yes,Yes,38,Yes,No,DSL,Yes,Yes,No,No,No,No,Month-to-month,No,Electronic check,54.5,2076.05,No,0.191,0,Low,2026-06-01
0816-TSPHQ,Male,No,No,No,2,Yes,No,No,No,No,No,No,No,No,Month-to-month,No,Mailed check,20.75,44.2,No,0.3787,0,Medium,2025-11-01
9932-WBWIK,Male,No,No,No,11,Yes,No,No,No,No,No,No,No,No,Month-to-month,No,Mailed check,20.35,215.25,No,0.2938,0,Low,2026-07-01
4619-EVPHY,Female,Yes,Yes,No,20,Yes,No,Fiber optic,No,No,No,No,Yes,Yes,One year,Yes,Bank transfer (automatic),91.0,1859.5,No,0.7005,0,High,2025-10-01
5286-YHCVC,Male,No,Yes,No,72,Yes,Yes,Fiber optic,No,Yes,Yes,No,Yes,Yes,Two year,Yes,Bank transfer (automatic),104.8,7470.1,No,0.2399,0,Low,2025-09-01
6424-ELEYH,Female,No,Yes,No,3,Yes,Yes,Fiber optic,No,No,No,No,No,No,Month-to-month,Yes,Credit card (automatic),74.75,229.5,Yes,0.8336,1,High,2025-09-01
4391-RESHN,Male,No,No,No,23,Yes,Yes,Fiber optic,No,No,Yes,Yes,Yes,Yes,Month-to-month,Yes,Mailed check,104.05,2470.1,Yes,0.7809,0,High,2025-11-01
9115-YQHGA,Male,No,No,No,40,Yes,No,DSL,No,No,No,Yes,No,No,Month-to-month,Yes,Electronic check,51.1,2092.9,No,0.3374,0,Medium,2026-07-01
4462-CYWMH,Male,Yes,Yes,No,62,Yes,Yes,Fiber optic,No,Yes,No,No,No,Yes,Month-to-month,Yes,Bank transfer (automatic),89.8,5629.55,No,0.5811,0,Medium,2025-11-01
8963-MQVYN,Female,No,No,Yes,22,Yes,No,No,No,No,No,No,No,No,Month-to-month,Yes,Electronic check,20.55,469.85,No,0.2882,0,Low,2026-05-01
2458-EOMRE,Female,No,No,No,11,Yes,No,DSL,Yes,No,Yes,No,No,Yes,Month-to-month,No,Bank transfer (automatic),64.05,733.95,No,0.4496,0,Medium,2026-02-01
9334-GWGOW,Male,Yes,Yes,No,7,Yes,Yes,Fiber optic,No,No,No,No,No,No,Month-to-month,Yes,Electronic check,74.85,485.25,No,0.8863,1,High,2025-09-01
6821-BUXUX,Female,No,No,No,13,Yes,Yes,Fiber optic,Yes,Yes,No,No,Yes,No,Month-to-month,Yes,Electronic check,96.65,1244.5,Yes,0.7815,0,High,2026-02-01
5028-HTLJB,Male,Yes,No,No,1,Yes,No,No,No,No,No,No,No,No,Month-to-month,No,Mailed check,20.05,20.05,Yes,0.438,0,Medium,2025-09-01
9801-GDWGV,Female,No,No,No,39,Yes,Yes,Fiber optic,No,Yes,Yes,No,Yes,Yes,Month-to-month,Yes,Electronic check,103.45,3994.45,Yes,0.7944,0,High,2026-02-01
6542-LWGXJ,Male,No,Yes,No,3,No,No,DSL,No,No,No,No,No,No,Month-to-month,No,Mailed check,25.0,78.25,No,0.6808,0,High,2026-03-01
5567-GZKQY,Male,No,No,No,58,Yes,No,No,No,No,No,No,No,No,Two year,No,Credit card (automatic),20.3,1131.5,No,0.0135,0,Low,2026-03-01
1222-LRYKO,Male,No,No,Yes,6,Yes,Yes,No,No,No,No,No,No,No,Month-to-month,No,Mailed check,26.35,184.05,No,0.3395,0,Medium,2025-12-01
2320-JRSDE,Female,No,Yes,Yes,1,Yes,No,No,No,No,No,No,No,No,Month-to-month,Yes,Electronic check,19.9,19.9,Yes,0.4957,0,Medium,2026-06-01
2087-QAREY,Female,No,Yes,No,22,Yes,No,DSL,No,Yes,Yes,No,No,No,Month-to-month,Yes,Mailed check,54.7,1178.75,No,0.4461,0,Medium,2026-04-01
0601-WZHJF,Male,No,Yes,No,14,No,No,DSL,No,No,No,No,Yes,Yes,Month-to-month,No,Electronic check,46.35,667.7,Yes,0.7525,0,High,2025-12-01
4423-JWZJN,Male,No,Yes,Yes,64,Yes,Yes,Fiber optic,No,No,Yes,No,No,Yes,One year,No,Credit card (automatic),90.25,5629.15,No,0.2405,0,Low,2026-02-01
5143-WMWOG,Male,No,No,No,1,Yes,No,No,No,No,No,No,No,No,Month-to-month,No,Electronic check,19.95,19.95,Yes,0.4666,0,Medium,2025-10-01
6490-FGZAT,Male,No,No,No,6,Yes,No,No,No,No,No,No,No,No,Month-to-month,No,Mailed check,20.65,109.3,No,0.3389,0,Medium,2026-08-01
5393-RXQSZ,Male,No,No,No,1,Yes,No,Fiber optic,No,No,No,No,No,Yes,Month-to-month,No,Electronic check,79.6,79.6,Yes,0.8497,1,High,2026-06-01
7452-FOLON,Male,No,No,Yes,39,Yes,Yes,No,No,No,No,No,No,No,One year,No,Bank transfer (automatic),25.45,958.45,No,0.0563,0,Low,2025-12-01
2320-TZRRH,Female,No,No,No,20,Yes,No,No,No,No,No,No,No,No,One year,No,Mailed check,19.5,403.15,No,0.1205,0,Low,2026-05-01
0231-LXVAP,Male,No,No,No,1,Yes,No,Fiber optic,No,No,No,Yes,No,No,Month-to-month,Yes,Electronic check,75.9,75.9,Yes,0.8096,1,High,2026-05-01
9444-JTXHZ,Male,No,Yes,No,1,Yes,No,Fiber optic,No,No,Yes,No,No,No,Month-to-month,No,Electronic check,76.2,76.2,Yes,0.7992,1,High,2026-04-01
4942-VZZOM,Male,No,Yes,No,64,Yes,Yes,DSL,Yes,No,No,No,Yes,No,One year,Yes,Credit card (automatic),66.15,4392.5,No,0.1152,0,Low,2025-09-01
5510-BOIUJ,Male,No,No,Yes,1,Yes,No,No,No,No,No,No,No,No,Month-to-month,No,Mailed check,19.25,19.25,Yes,0.3395,0,Medium,2026-07-01
7502-BNYGS,Female,No,Yes,No,46,Yes,No,DSL,No,Yes,No,No,Yes,Yes,Month-to-month,Yes,Credit card (automatic),69.1,3168.0,No,0.3909,0,Medium,2026-08-01
4291-HYEBC,Female,Yes,Yes,Yes,28,No,No,DSL,No,Yes,No,No,No,Yes,One year,Yes,Electronic check,39.1,1096.6,No,0.4537,0,Medium,2026-08-01
6147-CBCRA,Female,No,Yes,No,33,Yes,No,No,No,No,No,No,No,No,Month-to-month,No,Mailed check,20.05,669.45,No,0.137,0,Low,2026-08-01
6047-SUHPR,Male,No,Yes,Yes,39,Yes,No,DSL,Yes,Yes,Yes,No,No,No,One year,No,Electronic check,59.8,2343.85,No,0.1008,0,Low,2026-08-01
4471-KXAUH,Female,No,Yes,No,42,Yes,Yes,Fiber optic,No,No,Yes,Yes,No,No,Month-to-month,Yes,Electronic check,84.3,3588.4,Yes,0.6127,0,High,2026-05-01
9752-ZNQUT,Female,No,No,No,1,Yes,No,DSL,No,Yes,No,No,No,No,Month-to-month,Yes,Electronic check,48.6,48.6,No,0.7129,0,High,2025-09-01
7638-QVMVY,Female,No,No,No,7,Yes,No,Fiber optic,No,No,No,No,Yes,No,Month-to-month,Yes,Electronic check,79.0,522.95,Yes,0.861,1,High,2026-02-01
1576-PFZIW,Male,Yes,Yes,No,70,Yes,No,Fiber optic,Yes,Yes,Yes,No,Yes,Yes,Two year,No,Credit card (automatic),105.35,7511.9,No,0.1321,0,Low,2025-11-01
5666-MBJPT,Male,No,No,No,65,Yes,Yes,No,No,No,No,No,No,No,Two year,Yes,Bank transfer (automatic),25.1,1725.0,No,0.0199,0,Low,2025-11-01
7312-XSBAT,Male,No,No,No,1,Yes,No,DSL,Yes,No,No,No,No,No,Month-to-month,No,Electronic check,49.75,49.75,No,0.5712,0,Medium,2026-06-01
3096-GKWEB,Male,No,Yes,No,18,Yes,Yes,Fiber optic,No,No,No,No,Yes,Yes,Month-to-month,Yes,Electronic check,94.75,1691.9,No,0.8866,1,High,2026-06-01
2371-JQHZZ,Male,No,Yes,No,24,Yes,Yes,Fiber optic,No,No,No,No,Yes,Yes,Month-to-month,Yes,Electronic check,93.0,2248.05,No,0.8719,1,High,2026-03-01
0674-GCDXG,Male,No,No,No,63,Yes,Yes,DSL,Yes,No,Yes,Yes,No,Yes,Two year,Yes,Bank transfer (automatic),71.9,4479.2,No,0.052,0,Low,2026-05-01
1121-QSIVB,Female,No,No,Yes,44,Yes,Yes,DSL,No,Yes,No,No,Yes,Yes,One year,Yes,Mailed check,77.55,3471.1,No,0.272,0,Low,2025-10-01
4396-KLSEH,Male,No,No,No,4,Yes,No,No,No,No,No,No,No,No,Month-to-month,Yes,Electronic check,19.85,63.0,No,0.5275,0,Medium,2025-11-01
3244-DCJWY,Female,No,No,No,1,Yes,No,Fiber optic,No,No,No,No,No,No,Month-to-month,Yes,Electronic check,70.25,70.25,Yes,0.8596,1,High,2026-07-01
2824-MYYBN,Female,No,Yes,Yes,37,Yes,Yes,Fiber optic,No,No,No,No,Yes,Yes,Month-to-month,Yes,Electronic check,95.25,3314.15,No,0.7809,0,High,2026-02-01
0875-CABNR,Female,Yes,No,No,10,Yes,No,Fiber optic,No,No,Yes,No,No,Yes,Month-to-month,Yes,Credit card (automatic),84.6,865.55,Yes,0.8351,1,High,2026-03-01
6345-HOVES,Male,No,No,No,34,No,No,DSL,No,No,No,No,No,No,Month-to-month,Yes,Bank transfer (automatic),25.05,852.7,No,0.4482,0,Medium,2026-02-01
8318-LCNBW,Male,No,Yes,No,35,No,No,DSL,Yes,No,Yes,No,Yes,Yes,One year,No,Credit card (automatic),53.15,1930.9,No,0.2441,0,Low,2025-11-01
6469-QJKZW,Female,No,Yes,No,4,Yes,No,No,No,No,No,No,No,No,Month-to-month,No,Electronic check,20.15,91.4,No,0.4277,0,Medium,2026-06-01
0147-ESWWR,Female,Yes,Yes,No,39,Yes,Yes,Fiber optic,No,No,No,Yes,Yes,Yes,Month-to-month,Yes,Electronic check,101.25,3949.15,No,0.7952,0,High,2026-06-01
1217-VASWC,Male,Yes,Yes,No,43,Yes,No,Fiber optic,No,Yes,Yes,No,Yes,Yes,One year,Yes,Bank transfer (automatic),100.55,4304.0,No,0.5249,0,Medium,2026-05-01
7812-FZHPE,Female,No,Yes,Yes,17,Yes,Yes,No,No,No,No,No,No,No,Month-to-month,No,Mailed check,24.1,409.9,Yes,0.2426,0,Low,2026-01-01
6370-ZVHDV,Female,No,Yes,No,61,Yes,Yes,No,No,No,No,No,No,No,Two year,No,Bank transfer (automatic),25.3,1554.9,No,0.0154,0,Low,2026-04-01
5915-DGNVC,Female,No,Yes,No,49,Yes,Yes,DSL,Yes,Yes,Yes,No,No,Yes,One year,No,Electronic check,71.8,3472.05,No,0.1579,0,Low,2026-08-01
6260-XLACS,Male,No,No,No,4,Yes,No,No,No,No,No,No,No,No,One year,No,Mailed check,19.7,117.8,No,0.2176,0,Low,2026-04-01
3566-CAAYU,Female,No,Yes,Yes,64,No,No,DSL,No,Yes,Yes,Yes,No,Yes,Two year,No,Electronic check,49.85,3210.35,No,0.0451,0,Low,2026-02-01
4983-CCWMC,Male,No,No,No,3,Yes,No,Fiber optic,No,No,No,No,No,No,Month-to-month,Yes,Mailed check,69.6,207.4,No,0.8121,1,High,2025-12-01
9103-CXVOK,Male,No,Yes,Yes,1,Yes,No,No,No,No,No,No,No,No,Month-to-month,No,Electronic check,19.75,19.75,No,0.4082,0,Medium,2026-03-01
2896-TBNBE,Male,No,Yes,No,40,Yes,No,Fiber optic,No,Yes,Yes,No,No,No,One year,No,Electronic check,80.8,3132.75,No,0.3386,0,Medium,2026-01-01
4797-AXPXK,Female,No,No,Yes,1,Yes,No,DSL,Yes,Yes,No,Yes,No,No,Month-to-month,Yes,Electronic check,60.0,60.0,Yes,0.4631,0,Medium,2026-04-01
5229-PRWKT,Male,No,No,No,8,Yes,Yes,Fiber optic,No,No,No,No,No,Yes,Month-to-month,Yes,Electronic check,86.55,649.65,Yes,0.8914,1,High,2025-09-01
6982-UQZLY,Female,Yes,Yes,No,1,Yes,No,No,No,No,No,No,No,No,Month-to-month,Yes,Mailed check,20.85,20.85,Yes,0.5217,0,Medium,2025-11-01
2522-WLNSF,Female,Yes,Yes,No,34,Yes,No,DSL,No,No,Yes,Yes,Yes,No,One year,No,Bank transfer (automatic),64.2,2106.3,No,0.1762,0,Low,2026-06-01
3841-CONLJ,Female,No,Yes,No,1,No,No,DSL,No,No,No,No,No,Yes,Month-to-month,No,Electronic check,35.0,35.0,No,0.8023,1,High,2026-01-01
5057-LCOUI,Female,No,No,No,39,No,No,DSL,No,No,Yes,No,Yes,Yes,Month-to-month,Yes,Electronic check,50.75,2011.4,Yes,0.6347,0,High,2026-02-01
0193-ESZXP,Female,Yes,Yes,No,58,Yes,No,Fiber optic,Yes,Yes,No,Yes,Yes,Yes,One year,Yes,Credit card (automatic),105.5,6205.5,Yes,0.2797,0,Low,2026-03-01
4475-NVTLU,Male,No,Yes,Yes,45,Yes,No,No,No,No,No,No,No,No,Two year,No,Electronic check,19.2,903.7,No,0.0267,0,Low,2026-02-01
4369-HTUIF,Male,Yes,No,No,6,Yes,No,Fiber optic,Yes,No,No,No,Yes,No,Month-to-month,Yes,Bank transfer (automatic),85.15,503.6,Yes,0.7788,0,High,2026-06-01
9386-LDCZR,Male,No,No,No,43,Yes,No,Fiber optic,Yes,Yes,Yes,Yes,No,No,One year,Yes,Credit card (automatic),90.65,3882.3,No,0.1932,0,Low,2025-11-01
9585-KKMFD,Male,No,Yes,Yes,41,Yes,No,No,No,No,No,No,No,No,Two year,Yes,Mailed check,20.0,879.8,No,0.0337,0,Low,2026-06-01
5399-ZIMKF,Male,No,No,No,5,Yes,No,Fiber optic,No,Yes,No,No,No,No,Month-to-month,Yes,Electronic check,74.65,383.65,No,0.8229,1,High,2025-11-01
0336-KXKFK,Male,No,No,No,72,No,No,DSL,Yes,No,Yes,Yes,Yes,Yes,Two year,Yes,Credit card (automatic),61.2,4390.25,No,0.0483,0,Low,2026-01-01
5619-XZZKR,Male,No,No,No,4,Yes,No,No,No,No,No,No,No,No,One year,No,Mailed check,19.95,68.2,No,0.2152,0,Low,2026-04-01
3948-FVVRP,Male,No,Yes,Yes,9,Yes,No,DSL,No,Yes,No,Yes,No,No,Month-to-month,No,Mailed check,54.8,452.8,No,0.3375,0,Medium,2026-07-01
5327-XOKKY,Male,Yes,Yes,No,72,Yes,Yes,DSL,No,No,Yes,No,Yes,Yes,Two year,Yes,Credit card (automatic),73.45,5329.0,No,0.1232,0,Low,2025-11-01
0983-TATYJ,Female,No,Yes,No,33,Yes,No,DSL,No,No,No,Yes,No,No,One year,Yes,Mailed check,51.45,1758.9,No,0.1851,0,Low,2026-04-01
1813-JYWTO,Female,No,Yes,No,72,Yes,Yes,Fiber optic,Yes,No,No,No,No,No,Two year,No,Bank transfer (automatic),80.45,5737.6,No,0.0699,0,Low,2025-09-01
0156-FVPTA,Male,No,Yes,No,22,Yes,No,DSL,Yes,No,No,Yes,No,No,Month-to-month,Yes,Electronic check,54.2,1152.7,Yes,0.386,0,Medium,2025-09-01
1984-FCOWB,Female,No,Yes,No,70,Yes,Yes,Fiber optic,No,Yes,Yes,Yes,Yes,Yes,One year,Yes,Electronic check,109.5,7674.55,Yes,0.4009,0,Medium,2026-06-01
0654-HMSHN,Male,No,Yes,Yes,21,Yes,Yes,Fiber optic,No,Yes,Yes,No,Yes,Yes,Month-to-month,No,Electronic check,104.4,2157.95,Yes,0.7652,0,High,2026-05-01
6719-OXYBR,Male,No,No,No,15,Yes,No,Fiber optic,No,No,Yes,No,Yes,No,Month-to-month,No,Electronic check,85.3,1219.85,No,0.7645,0,High,2026-01-01
3312-ZWLGF,Male,Yes,Yes,No,29,Yes,Yes,Fiber optic,No,No,No,Yes,No,No,Month-to-month,Yes,Electronic check,79.3,2414.55,No,0.7461,0,High,2026-04-01
6476-YHMGA,Female,No,Yes,Yes,15,Yes,No,DSL,No,Yes,Yes,Yes,Yes,Yes,Month-to-month,No,Bank transfer (automatic),76.5,1155.6,No,0.3889,0,Medium,2026-01-01
5287-QWLKY,Male,Yes,Yes,Yes,71,Yes,Yes,Fiber optic,Yes,Yes,No,No,Yes,Yes,Month-to-month,Yes,Credit card (automatic),105.1,7548.1,Yes,0.4639,0,Medium,2025-12-01
0795-XCCTE,Male,Yes,No,No,72,Yes,Yes,No,No,No,No,No,No,No,Two year,No,Bank transfer (automatic),25.4,1809.35,No,0.0122,0,Low,2026-02-01
0168-XZKBB,Female,No,Yes,No,19,Yes,Yes,Fiber optic,No,No,No,No,Yes,No,Month-to-month,Yes,Electronic check,86.85,1564.4,No,0.8418,1,High,2025-12-01
3785-NRHYR,Male,No,No,No,1,Yes,No,No,No,No,No,No,No,No,Month-to-month,No,Mailed check,19.65,19.65,No,0.3915,0,Medium,2026-06-01
5196-SGOAK,Female,No,No,No,1,Yes,No,Fiber optic,No,Yes,No,No,No,No,Month-to-month,Yes,Electronic check,75.7,75.7,Yes,0.8355,1,High,2026-01-01
4537-DKTAL,Female,No,No,No,2,Yes,No,DSL,No,No,No,No,No,No,Month-to-month,No,Electronic check,45.55,84.4,No,0.6587,0,High,2025-12-01
7072-MBHEV,Female,Yes,Yes,Yes,11,Yes,Yes,Fiber optic,No,No,Yes,No,No,No,Month-to-month,Yes,Credit card (automatic),78.1,864.85,No,0.787,0,High,2026-03-01
5602-BVFMK,Female,No,No,No,12,Yes,No,No,No,No,No,No,No,No,One year,No,Mailed check,19.3,228.75,No,0.1615,0,Low,2026-06-01
6297-NOOPG,Female,No,Yes,No,70,Yes,Yes,Fiber optic,No,Yes,Yes,Yes,Yes,Yes,Two year,Yes,Electronic check,110.5,7752.05,No,0.2636,0,Low,2025-12-01
1891-UAWWU,Female,Yes,Yes,No,20,Yes,Yes,Fiber optic,No,No,Yes,No,Yes,No,Month-to-month,No,Electronic check,90.8,1951.0,Yes,0.816,1,High,2026-08-01
8204-TIFGJ,Female,No,No,No,23,Yes,No,No,No,No,No,No,No,No,Month-to-month,Yes,Bank transfer (automatic),20.3,470.6,No,0.2514,0,Low,2026-02-01
8050-DVOJX,Male,Yes,No,No,49,Yes,Yes,DSL,Yes,Yes,Yes,Yes,No,Yes,Two year,No,Credit card (automatic),81.35,4060.9,No,0.0609,0,Low,2026-04-01
6108-OQZDQ,Female,No,Yes,Yes,4,Yes,Yes,Fiber optic,No,Yes,No,No,Yes,Yes,Month-to-month,Yes,Electronic check,97.95,384.5,Yes,0.882,1,High,2026-08-01
0363-QJVFX,Male,No,No,No,32,Yes,Yes,Fiber optic,Yes,Yes,No,Yes,Yes,Yes,Month-to-month,Yes,Credit card (automatic),108.15,3432.9,Yes,0.6126,0,High,2026-02-01
8903-XEBGX,Male,No,No,Yes,2,Yes,No,DSL,No,No,No,No,No,Yes,Month-to-month,Yes,Electronic check,55.3,108.65,No,0.7496,0,High,2025-11-01
8169-SAEJD,Male,Yes,Yes,No,69,No,No,DSL,Yes,Yes,No,No,Yes,Yes,Two year,No,Credit card (automatic),56.55,3952.65,No,0.053,0,Low,2026-05-01
9840-DVNDC,Male,No,No,No,6,Yes,No,Fiber optic,No,No,No,No,Yes,No,Month-to-month,Yes,Credit card (automatic),80.5,463.05,Yes,0.8175,1,High,2025-09-01
1089-XZWHH,Female,No,Yes,Yes,24,Yes,No,No,No,No,No,No,No,No,Two year,Yes,Mailed check,19.7,494.05,No,0.0656,0,Low,2026-02-01
2325-WINES,Female,No,No,No,32,Yes,Yes,Fiber optic,No,Yes,Yes,No,Yes,Yes,One year,Yes,Credit card (automatic),104.05,3416.85,No,0.6147,0,High,2026-08-01
6064-ZATLR,Female,No,No,No,27,Yes,No,DSL,Yes,Yes,No,No,No,No,Two year,No,Bank transfer (automatic),52.85,1498.65,No,0.0746,0,Low,2026-01-01
3096-JRDSO,Female,Yes,Yes,No,27,Yes,Yes,Fiber optic,Yes,No,No,Yes,Yes,Yes,Month-to-month,Yes,Bank transfer (automatic),104.3,2867.75,Yes,0.7093,0,High,2026-05-01
7824-PANSQ,Male,No,No,No,58,Yes,Yes,Fiber optic,No,No,No,Yes,No,No,Month-to-month,No,Bank transfer (automatic),80.65,4807.35,No,0.332,0,Medium,2026-03-01
8042-JVNFH,Male,No,No,No,1,Yes,No,Fiber optic,No,No,No,No,No,No,Month-to-month,Yes,Mailed check,71.35,71.35,Yes,0.8188,1,High,2025-11-01
9648-BCHKM,Female,No,Yes,Yes,18,Yes,Yes,No,No,No,No,No,No,No,Two year,Yes,Credit card (automatic),24.65,471.35,No,0.0995,0,Low,2025-12-01
2888-ADFAO,Female,No,Yes,Yes,47,Yes,No,No,No,No,No,No,No,No,Two year,Yes,Bank transfer (automatic),21.3,1041.8,No,0.0242,0,Low,2026-03-01
8707-HOEDG,Female,No,Yes,Yes,70,Yes,Yes,Fiber optic,No,Yes,Yes,Yes,Yes,Yes,Two year,Yes,Electronic check,110.2,7689.8,No,0.2198,0,Low,2025-10-01
3374-LXDEV,Female,No,No,No,13,Yes,Yes,Fiber optic,No,Yes,Yes,Yes,No,No,Month-to-month,No,Electronic check,89.4,1132.35,Yes,0.674,0,High,2026-01-01
4072-IPYLT,Female,No,Yes,Yes,36,Yes,No,DSL,Yes,No,No,No,No,No,Month-to-month,No,Credit card (automatic),51.05,1815.0,No,0.1678,0,Low,2026-01-01
7167-PCEYD,Male,No,No,No,67,Yes,No,No,No,No,No,No,No,No,Two year,Yes,Mailed check,19.8,1311.3,No,0.0141,0,Low,2026-07-01
4936-YPJNK,Female,No,No,No,10,Yes,No,No,No,No,No,No,No,No,Month-to-month,Yes,Mailed check,19.9,199.45,No,0.384,0,Medium,2025-10-01
1580-BMCMR,Male,Yes,No,No,19,Yes,No,Fiber optic,Yes,No,No,No,No,Yes,Month-to-month,Yes,Electronic check,87.3,1637.3,No,0.7919,0,High,2026-07-01
4817-KEQSP,Female,No,Yes,Yes,71,Yes,No,No,No,No,No,No,No,No,Two year,No,Bank transfer (automatic),19.85,1326.35,No,0.0059,0,Low,2026-01-01
6408-WHTEF,Male,No,Yes,Yes,72,Yes,Yes,DSL,Yes,Yes,Yes,Yes,Yes,Yes,Two year,Yes,Mailed check,89.4,6376.55,No,0.0426,0,Low,2026-04-01
9251-AWQGT,Female,No,Yes,Yes,48,Yes,No,No,No,No,No,No,No,No,Two year,No,Mailed check,20.0,935.9,No,0.0168,0,Low,2026-03-01
8749-CLJXC,Male,No,No,No,1,Yes,No,No,No,No,No,No,No,No,Month-to-month,No,Mailed check,20.05,20.05,No,0.3904,0,Medium,2025-12-01
7989-VCQOH,Male,No,Yes,Yes,18,Yes,No,DSL,Yes,No,Yes,Yes,Yes,Yes,Month-to-month,No,Electronic check,83.25,1611.15,No,0.3941,0,Medium,2026-08-01
5049-GLYVG,Male,No,No,No,1,Yes,No,No,No,No,No,No,No,No,Month-to-month,No,Mailed check,20.6,20.6,Yes,0.389,0,Medium,2025-11-01
4199-QHJNM,Male,Yes,Yes,No,67,Yes,Yes,Fiber optic,No,Yes,No,Yes,Yes,Yes,Two year,No,Bank transfer (automatic),102.9,6989.7,No,0.1817,0,Low,2025-09-01
8882-TLVRW,Male,No,Yes,Yes,69,No,No,DSL,Yes,No,Yes,Yes,No,No,Two year,No,Mailed check,39.1,2779.5,No,0.0149,0,Low,2026-06-01
5883-GTGVD,Male,No,No,No,19,Yes,Yes,Fiber optic,No,Yes,No,No,Yes,Yes,Month-to-month,Yes,Electronic check,99.95,1931.75,Yes,0.8685,1,High,2026-04-01
5135-GRQJV,Male,Yes,Yes,No,72,Yes,Yes,Fiber optic,Yes,Yes,Yes,Yes,Yes,Yes,Two year,Yes,Mailed check,114.5,8331.95,No,0.1804,0,Low,2026-07-01
2384-OVPSA,Female,Yes,No,No,38,Yes,No,No,No,No,No,No,No,No,Two year,No,Mailed check,20.2,735.9,No,0.0389,0,Low,2026-02-01
1371-WEPDS,Male,Yes,Yes,No,40,Yes,No,DSL,No,No,No,No,No,Yes,One year,No,Electronic check,55.8,2283.3,No,0.2905,0,Low,2025-09-01
3580-GICBM,Female,No,Yes,Yes,61,Yes,Yes,No,No,No,No,No,No,No,Two year,Yes,Mailed check,24.2,1445.2,No,0.0187,0,Low,2025-09-01
4817-QRJSX,Female,No,No,No,10,Yes,Yes,Fiber optic,No,Yes,No,No,No,No,Month-to-month,Yes,Credit card (automatic),81.0,818.05,Yes,0.7733,0,High,2026-02-01
9730-DRTMJ,Male,No,Yes,No,32,Yes,Yes,DSL,Yes,No,No,Yes,Yes,No,One year,Yes,Credit card (automatic),72.8,2333.05,No,0.1998,0,Low,2025-11-01
4686-UXDML,Female,No,No,No,21,Yes,Yes,Fiber optic,No,Yes,No,No,Yes,Yes,Month-to-month,Yes,Credit card (automatic),99.85,1992.55,No,0.8069,1,High,2026-08-01
3349-ANQNH,Female,Yes,No,No,59,Yes,Yes,Fiber optic,No,No,Yes,No,Yes,Yes,One year,Yes,Electronic check,99.5,5890.0,No,0.6185,0,High,2025-10-01
2398-YPMUR,Female,Yes,Yes,No,13,Yes,No,Fiber optic,No,No,No,No,No,No,Month-to-month,Yes,Electronic check,70.15,916.75,Yes,0.8352,1,High,2026-07-01
0932-YIXYU,Female,No,No,No,47,Yes,No,No,No,No,No,No,No,No,Two year,No,Credit card (automatic),20.25,1029.8,No,0.0216,0,Low,2025-11-01
7480-SPLEF,Male,No,Yes,Yes,69,Yes,Yes,No,No,No,No,No,No,No,Two year,Yes,Bank transfer (automatic),26.0,1796.55,No,0.0131,0,Low,2025-10-01
7636-XUHWW,Male,No,No,No,2,Yes,No,No,No,No,No,No,No,No,Month-to-month,Yes,Credit card (automatic),19.9,33.7,No,0.4595,0,Medium,2025-12-01
1431-CYWMH,Female,No,Yes,Yes,22,Yes,No,No,No,No,No,No,No,No,Month-to-month,No,Bank transfer (automatic),19.05,454.05,No,0.1614,0,Low,2025-10-01
5937-EORGB,Male,Yes,Yes,No,15,Yes,Yes,Fiber optic,Yes,No,Yes,No,Yes,No,Month-to-month,Yes,Electronic check,96.5,1392.25,No,0.8245,1,High,2026-01-01
6349-JDHQP,Female,No,No,No,53,Yes,No,No,No,No,No,No,No,No,Two year,No,Credit card (automatic),19.85,1049.6,No,0.0165,0,Low,2025-12-01
5539-HIVAK,Female,Yes,Yes,No,28,Yes,Yes,No,No,No,No,No,No,No,Month-to-month,No,Mailed check,25.7,734.6,No,0.2354,0,Low,2026-03-01
5847-MXBEO,Male,No,No,No,22,Yes,No,No,No,No,No,No,No,No,One year,No,Mailed check,20.3,475.1,No,0.1134,0,Low,2026-03-01
9985-MWVIX,Female,No,No,No,1,Yes,No,Fiber optic,No,No,No,No,No,No,Month-to-month,Yes,Mailed check,70.15,70.15,Yes,0.818,1,High,2025-09-01
4583-PARNH,Male,Yes,Yes,No,16,Yes,No,Fiber optic,No,No,Yes,Yes,No,Yes,Month-to-month,Yes,Electronic check,91.55,1540.05,No,0.8113,1,High,2025-10-01
1116-FRYVH,Female,No,Yes,Yes,48,No,No,DSL,Yes,Yes,No,Yes,No,No,Two year,No,Mailed check,39.4,1978.65,No,0.0285,0,Low,2025-10-01
1421-HCERK,Male,Yes,Yes,No,30,Yes,Yes,Fiber optic,Yes,Yes,Yes,Yes,Yes,No,Month-to-month,Yes,Bank transfer (automatic),105.7,3181.8,No,0.579,0,Medium,2025-11-01
9633-XQABV,Female,No,No,No,3,Yes,No,Fiber optic,No,No,No,No,No,No,Month-to-month,Yes,Electronic check,70.25,229.7,No,0.8524,1,High,2025-10-01
0716-BQNDX,Male,Yes,No,No,57,Yes,Yes,Fiber optic,Yes,No,No,Yes,No,Yes,Two year,No,Electronic check,93.75,5625.55,No,0.1978,0,Low,2025-12-01
1265-XTECC,Female,Yes,Yes,No,68,Yes,Yes,Fiber optic,Yes,Yes,No,No,No,Yes,One year,Yes,Credit card (automatic),96.55,6581.9,Yes,0.2842,0,Low,2026-03-01
1183-CANVH,Female,No,Yes,No,23,Yes,No,DSL,No,No,No,Yes,Yes,No,One year,No,Bank transfer (automatic),60.0,1347.15,No,0.2069,0,Low,2025-12-01
1972-XMUWV,Female,No,Yes,No,65,Yes,No,DSL,No,No,No,Yes,Yes,No,Two year,Yes,Credit card (automatic),59.8,3808.2,No,0.0467,0,Low,2025-12-01
8679-LZBMD,Male,No,Yes,No,44,Yes,No,Fiber optic,No,No,No,No,Yes,Yes,One year,Yes,Bank transfer (automatic),90.65,3974.15,No,0.5049,0,Medium,2026-02-01
3407-JMJQQ,Female,No,Yes,Yes,71,Yes,Yes,Fiber optic,Yes,Yes,Yes,No,Yes,Yes,Two year,Yes,Bank transfer (automatic),109.0,7661.8,No,0.1494,0,Low,2026-03-01
6252-DFGTK,Female,No,Yes,No,37,Yes,Yes,DSL,Yes,No,Yes,Yes,No,No,One year,No,Credit card (automatic),68.1,2479.25,No,0.0979,0,Low,2025-12-01
1539-LNKHM,Female,No,No,No,12,Yes,No,No,No,No,No,No,No,No,Month-to-month,No,Mailed check,20.4,266.6,No,0.2825,0,Low,2025-11-01
8645-KOMJQ,Male,No,Yes,Yes,69,Yes,Yes,DSL,No,Yes,Yes,Yes,Yes,Yes,Two year,Yes,Bank transfer (automatic),81.95,5601.4,No,0.0606,0,Low,2026-01-01
0289-IVARM,Female,No,No,No,35,Yes,No,DSL,Yes,Yes,Yes,No,No,No,Month-to-month,No,Electronic check,60.55,1982.6,No,0.2405,0,Low,2025-09-01
9761-XUJWD,Male,No,No,No,5,Yes,No,DSL,No,Yes,No,Yes,No,Yes,Month-to-month,Yes,Bank transfer (automatic),65.6,339.9,No,0.5745,0,Medium,2026-02-01
4057-FKCZK,Male,No,Yes,Yes,58,Yes,Yes,Fiber optic,No,No,No,No,Yes,No,Two year,No,Bank transfer (automatic),82.5,4828.05,No,0.1553,0,Low,2026-08-01
4291-TPNFG,Male,No,Yes,No,72,Yes,Yes,DSL,Yes,Yes,Yes,Yes,No,Yes,Two year,Yes,Bank transfer (automatic),82.3,5980.55,No,0.0376,0,Low,2026-01-01
6087-YPWHO,Male,No,Yes,No,72,Yes,Yes,DSL,Yes,Yes,Yes,Yes,No,No,Two year,No,Mailed check,68.15,4808.7,No,0.0173,0,Low,2025-10-01
3090-QFUVD,Female,No,No,No,1,Yes,No,No,No,No,No,No,No,No,Month-to-month,No,Credit card (automatic),20.3,20.3,No,0.3739,0,Medium,2026-05-01
2237-ZFSMY,Female,No,No,No,39,Yes,No,Fiber optic,Yes,No,Yes,Yes,Yes,No,One year,Yes,Electronic check,95.55,3692.85,Yes,0.3591,0,Medium,2025-10-01
1722-LDZJS,Male,No,Yes,Yes,53,Yes,No,No,No,No,No,No,No,No,One year,No,Credit card (automatic),20.2,1068.15,No,0.0247,0,Low,2025-11-01
1818-ESQMW,Female,No,No,No,27,Yes,No,Fiber optic,No,No,Yes,Yes,No,Yes,Month-to-month,Yes,Electronic check,89.2,2383.6,No,0.7215,0,High,2025-10-01
4871-JTKJF,Female,Yes,No,No,1,Yes,No,Fiber optic,No,No,No,No,No,No,Month-to-month,Yes,Electronic check,69.65,69.65,Yes,0.8824,1,High,2026-07-01
1415-YFWLT,Female,Yes,No,No,1,Yes,No,Fiber optic,No,No,No,No,Yes,Yes,Month-to-month,Yes,Electronic check,89.3,89.3,Yes,0.9219,1,High,2026-08-01
7401-RUBNK,Female,No,Yes,No,18,Yes,No,Fiber optic,Yes,No,No,No,No,No,Month-to-month,No,Electronic check,74.8,1438.05,No,0.6223,0,High,2026-03-01
0506-YLVKJ,Male,No,Yes,Yes,46,Yes,No,No,No,No,No,No,No,No,Two year,Yes,Mailed check,20.2,917.45,No,0.027,0,Low,2026-04-01
8661-BOYNW,Female,No,Yes,No,72,Yes,Yes,DSL,Yes,No,Yes,Yes,Yes,Yes,Two year,Yes,Credit card (automatic),84.4,6096.45,No,0.0558,0,Low,2026-04-01
6711-VTNRE,Female,No,No,No,36,Yes,No,Fiber optic,No,No,Yes,Yes,No,Yes,Month-to-month,Yes,Electronic check,87.55,3078.1,Yes,0.6686,0,High,2026-04-01
4815-GBTCD,Female,No,Yes,No,4,No,No,DSL,No,No,No,No,No,No,Month-to-month,Yes,Electronic check,25.15,99.95,No,0.799,1,High,2026-03-01
2805-AUFQN,Female,No,No,No,25,Yes,No,No,No,No,No,No,No,No,Two year,No,Credit card (automatic),19.8,475.2,No,0.0526,0,Low,2026-08-01
0980-PVMRC,Female,No,Yes,Yes,40,No,No,DSL,No,Yes,No,No,Yes,Yes,Month-to-month,Yes,Electronic check,50.85,2036.55,No,0.5353,0,Medium,2026-05-01
7233-DRTRF,Male,No,Yes,No,63,Yes,Yes,Fiber optic,No,Yes,Yes,No,Yes,Yes,Month-to-month,Yes,Electronic check,102.4,6444.05,No,0.6878,0,High,2025-10-01
3500-RMZLT,Female,Yes,No,No,15,Yes,No,Fiber optic,Yes,No,Yes,Yes,No,Yes,Month-to-month,Yes,Mailed check,96.3,1426.75,Yes,0.6742,0,High,2026-01-01
3873-NFTGI,Male,No,No,No,14,Yes,Yes,DSL,No,Yes,No,No,No,No,Month-to-month,Yes,Credit card (automatic),55.5,767.55,No,0.5788,0,Medium,2026-08-01
1162-ECVII,Male,Yes,Yes,No,72,Yes,Yes,Fiber optic,No,Yes,Yes,Yes,Yes,Yes,Two year,Yes,Bank transfer (automatic),109.75,7932.5,No,0.2262,0,Low,2026-01-01
7048-GXDAY,Male,No,No,No,39,Yes,Yes,Fiber optic,Yes,Yes,No,No,Yes,Yes,Month-to-month,Yes,Electronic check,106.4,4040.65,No,0.7241,0,High,2025-11-01
8571-ZCMCX,Female,No,Yes,Yes,47,No,No,DSL,Yes,Yes,Yes,No,Yes,Yes,Two year,Yes,Credit card (automatic),60.0,2768.65,No,0.0982,0,Low,2026-07-01
1169-WCVAK,Male,No,Yes,No,19,Yes,Yes,Fiber optic,Yes,Yes,No,Yes,No,No,Month-to-month,Yes,Credit card (automatic),88.8,1672.35,No,0.5527,0,Medium,2026-04-01
4548-SDBKE,Female,No,No,No,5,Yes,Yes,Fiber optic,No,No,No,No,Yes,No,Month-to-month,Yes,Electronic check,85.2,474.8,Yes,0.8925,1,High,2026-03-01
8066-POXGX,Female,No,No,No,13,No,No,DSL,No,No,No,No,No,Yes,Month-to-month,Yes,Electronic check,35.1,446.1,Yes,0.7877,0,High,2026-02-01
7129-CAKJW,Female,No,No,No,17,Yes,Yes,Fiber optic,No,No,Yes,No,No,No,Month-to-month,No,Bank transfer (automatic),80.05,1345.65,No,0.683,0,High,2025-10-01
8695-ARGXZ,Male,Yes,Yes,No,34,Yes,Yes,Fiber optic,No,No,No,No,No,No,Month-to-month,Yes,Electronic check,75.55,2425.4,No,0.7699,0,High,2026-01-01
3570-YUEKJ,Female,No,No,No,42,Yes,No,DSL,No,Yes,No,No,No,No,Month-to-month,Yes,Electronic check,49.55,2077.95,No,0.3589,0,Medium,2026-02-01
4143-OOBWZ,Male,No,Yes,No,5,Yes,Yes,Fiber optic,No,Yes,No,No,No,No,Month-to-month,Yes,Electronic check,81.3,416.3,Yes,0.8502,1,High,2026-08-01
1555-HAPSU,Female,No,Yes,Yes,71,Yes,Yes,No,No,No,No,No,No,No,Two year,No,Credit card (automatic),23.9,1663.5,No,0.0081,0,Low,2025-12-01
1697-NVVGY,Male,Yes,Yes,No,19,Yes,No,DSL,Yes,No,Yes,No,Yes,No,Month-to-month,No,Bank transfer (automatic),66.4,1286.05,No,0.4095,0,Medium,2025-10-01
7854-EKTJL,Female,No,No,Yes,2,Yes,No,No,No,No,No,No,No,No,Month-to-month,Yes,Electronic check,19.6,35.85,Yes,0.4884,0,Medium,2026-02-01
8464-EETCQ,Male,No,No,No,57,Yes,No,No,No,No,No,No,No,No,Two year,No,Credit card (automatic),18.8,1094.35,No,0.0143,0,Low,2026-08-01
2419-FSORS,Male,No,Yes,No,72,Yes,Yes,Fiber optic,No,Yes,Yes,Yes,Yes,Yes,Two year,Yes,Electronic check,108.4,7719.5,No,0.2522,0,Low,2026-02-01
8132-YPVBX,Female,No,No,No,6,Yes,No,Fiber optic,No,Yes,No,No,No,Yes,Month-to-month,Yes,Mailed check,85.95,514.6,No,0.8086,1,High,2026-01-01
9102-IAYHT,Female,No,Yes,Yes,17,Yes,Yes,Fiber optic,No,No,No,No,No,Yes,Month-to-month,Yes,Electronic check,85.45,1451.6,Yes,0.8341,1,High,2026-05-01
6754-LZUKA,Male,No,Yes,No,61,Yes,Yes,DSL,No,Yes,Yes,No,Yes,Yes,Two year,No,Bank transfer (automatic),80.9,4932.5,No,0.089,0,Low,2026-04-01
3422-LYEPQ,Male,No,Yes,Yes,1,Yes,No,Fiber optic,No,No,No,No,No,No,Month-to-month,Yes,Electronic check,71.0,71.0,Yes,0.8296,1,High,2025-12-01
8099-MZPUJ,Male,No,Yes,Yes,48,Yes,Yes,Fiber optic,Yes,Yes,Yes,Yes,Yes,Yes,Two year,No,Credit card (automatic),111.8,5443.65,No,0.1359,0,Low,2026-08-01
0787-LHDYT,Male,No,No,No,16,Yes,No,No,No,No,No,No,No,No,Month-to-month,Yes,Credit card (automatic),20.6,330.25,No,0.3177,0,Medium,2026-04-01
2642-DTVCO,Male,Yes,No,No,9,Yes,Yes,Fiber optic,No,No,No,No,No,Yes,Month-to-month,Yes,Electronic check,85.05,746.5,Yes,0.9083,1,High,2025-09-01
0374-IOEGQ,Female,No,No,No,3,Yes,No,DSL,No,No,No,No,No,No,Month-to-month,No,Electronic check,44.6,122.7,No,0.6523,0,High,2026-01-01
4361-JEIVL,Male,No,No,Yes,1,Yes,No,DSL,No,No,No,No,No,No,Month-to-month,Yes,Electronic check,44.4,44.4,Yes,0.7053,0,High,2026-08-01
3197-NNYNB,Male,No,No,No,65,Yes,Yes,Fiber optic,No,Yes,Yes,No,Yes,Yes,Two year,No,Credit card (automatic),105.1,6631.85,No,0.2032,0,Low,2026-01-01
3396-DKDEL,Female,No,Yes,Yes,70,Yes,Yes,Fiber optic,Yes,Yes,Yes,Yes,Yes,Yes,Two year,Yes,Credit card (automatic),115.15,8250.0,No,0.1259,0,Low,2026-03-01
1752-OZXFY,Male,No,Yes,No,60,Yes,No,DSL,Yes,No,No,No,Yes,No,One year,Yes,Mailed check,59.8,3561.15,No,0.1001,0,Low,2026-04-01
9066-QRSDU,Female,No,Yes,No,69,Yes,Yes,No,No,No,No,No,No,No,One year,Yes,Electronic check,26.3,1763.55,No,0.0423,0,Low,2026-05-01
9112-WSNPU,Female,Yes,No,No,35,Yes,No,Fiber optic,No,No,No,No,No,No,Month-to-month,No,Electronic check,70.55,2419.0,No,0.6351,0,High,2026-07-01
9867-NNXLC,Female,No,No,No,22,Yes,No,No,No,No,No,No,No,No,Month-to-month,Yes,Mailed check,20.05,470.2,No,0.2729,0,Low,2025-10-01
5321-NTRKC,Male,No,Yes,Yes,66,Yes,Yes,DSL,No,Yes,Yes,No,Yes,Yes,Two year,No,Bank transfer (automatic),79.85,5234.95,No,0.0623,0,Low,2026-03-01
1363-TXLSL,Male,Yes,Yes,No,1,Yes,No,Fiber optic,No,No,No,No,No,No,Month-to-month,Yes,Electronic check,70.3,70.3,Yes,0.8824,1,High,2026-03-01
9507-EXLTT,Female,No,Yes,No,1,Yes,No,Fiber optic,No,No,No,No,Yes,No,Month-to-month,Yes,Bank transfer (automatic),79.35,79.35,Yes,0.8349,1,High,2025-10-01
3161-GETRM,Male,No,Yes,Yes,34,Yes,Yes,Fiber optic,No,No,Yes,No,No,Yes,Month-to-month,Yes,Credit card (automatic),90.05,3097.0,No,0.6882,0,High,2026-05-01
0402-OAMEN,Female,No,Yes,Yes,72,Yes,Yes,No,No,No,No,No,No,No,Two year,No,Bank transfer (automatic),24.45,1709.1,No,0.0077,0,Low,2025-10-01
6933-VLYFX,Male,No,Yes,Yes,31,No,No,DSL,Yes,No,Yes,Yes,Yes,Yes,One year,No,Electronic check,59.95,1848.8,No,0.2267,0,Low,2026-02-01
6754-WKSHP,Male,No,No,Yes,30,Yes,Yes,No,No,No,No,No,No,No,One year,No,Bank transfer (automatic),25.35,723.3,No,0.0797,0,Low,2025-12-01
9846-GKXAS,Female,No,No,No,9,Yes,No,Fiber optic,No,No,No,No,Yes,Yes,Month-to-month,Yes,Bank transfer (automatic),90.8,809.75,Yes,0.8414,1,High,2025-10-01
6017-PPLPX,Male,No,Yes,Yes,20,Yes,No,Fiber optic,No,No,No,No,No,No,Month-to-month,Yes,Electronic check,70.45,1470.95,Yes,0.7325,0,High,2026-06-01
4976-LNFVV,Male,Yes,Yes,No,19,No,No,DSL,No,Yes,Yes,No,No,No,Month-to-month,Yes,Credit card (automatic),34.3,577.15,No,0.6,0,Medium,2025-11-01
5055-MGMGF,Female,No,Yes,No,65,Yes,Yes,Fiber optic,Yes,No,Yes,No,Yes,Yes,Month-to-month,Yes,Electronic check,105.05,6914.95,No,0.6222,0,High,2025-12-01
4641-FROLU,Female,No,Yes,Yes,30,Yes,No,No,No,No,No,No,No,No,Two year,No,Mailed check,19.3,602.9,No,0.0361,0,Low,2026-07-01
2862-JVEOY,Male,No,No,No,6,Yes,No,No,No,No,No,No,No,No,One year,No,Mailed check,19.15,124.4,No,0.2031,0,Low,2026-07-01
2969-QWUBZ,Female,No,No,No,2,No,No,DSL,No,Yes,No,No,Yes,Yes,Month-to-month,No,Electronic check,51.4,96.8,No,0.7954,0,High,2025-09-01
9822-BIIGN,Male,No,Yes,Yes,53,Yes,Yes,DSL,Yes,No,No,Yes,No,Yes,Month-to-month,No,Electronic check,71.85,3827.9,No,0.1871,0,Low,2025-12-01
2077-MPJQO,Male,Yes,Yes,No,7,Yes,Yes,Fiber optic,No,No,No,No,No,No,Month-to-month,Yes,Electronic check,75.4,533.05,No,0.8867,1,High,2026-05-01
1534-OULXE,Female,No,Yes,Yes,61,Yes,No,DSL,Yes,No,No,No,No,No,One year,Yes,Bank transfer (automatic),49.7,2961.4,No,0.0539,0,Low,2026-06-01
7136-RVDTZ,Male,Yes,No,No,70,No,No,DSL,No,No,No,No,Yes,Yes,One year,Yes,Electronic check,45.25,3264.45,Yes,0.2549,0,Low,2026-08-01
2971-SGAFL,Female,No,No,No,13,Yes,Yes,DSL,Yes,No,Yes,No,Yes,Yes,Month-to-month,Yes,Electronic check,78.75,995.35,No,0.7136,0,High,2026-03-01
1480-IVEVR,Male,Yes,Yes,No,35,Yes,Yes,Fiber optic,No,No,Yes,No,No,No,One year,Yes,Bank transfer (automatic),81.6,2815.25,No,0.5227,0,Medium,2025-09-01
2905-KFQUV,Female,No,Yes,No,2,Yes,No,Fiber optic,No,No,No,No,No,No,Month-to-month,Yes,Credit card (automatic),70.4,154.8,No,0.8041,1,High,2026-07-01
4581-SSPWD,Female,No,No,No,3,Yes,Yes,Fiber optic,No,No,No,No,No,No,Month-to-month,Yes,Electronic check,75.8,246.3,Yes,0.878,1,High,2025-10-01
3370-HXOPH,Female,No,No,No,3,Yes,Yes,Fiber optic,No,No,No,No,No,No,Month-to-month,No,Electronic check,76.1,257.6,No,0.8318,1,High,2025-10-01
9391-YZEJW,Female,No,No,No,62,Yes,Yes,Fiber optic,No,No,No,No,Yes,Yes,One year,Yes,Bank transfer (automatic),94.0,5757.2,No,0.4513,0,Medium,2026-05-01
9958-MEKUC,Male,No,Yes,Yes,72,Yes,Yes,Fiber optic,Yes,Yes,Yes,Yes,No,Yes,Two year,No,Credit card (automatic),103.95,7517.7,No,0.0619,0,Low,2026-04-01
0281-CNTZX,Male,No,Yes,No,63,Yes,No,No,No,No,No,No,No,No,Two year,Yes,Bank transfer (automatic),19.95,1234.8,No,0.0156,0,Low,2025-09-01
6927-WTFIV,Male,Yes,No,No,20,Yes,No,Fiber optic,No,No,No,No,No,No,Month-to-month,No,Credit card (automatic),71.3,1389.2,Yes,0.664,0,High,2025-11-01
4118-CEVPF,Female,Yes,No,No,35,Yes,Yes,Fiber optic,Yes,Yes,Yes,Yes,Yes,Yes,One year,Yes,Bank transfer (automatic),110.8,3836.3,No,0.4564,0,Medium,2026-04-01
3398-ZOUAA,Male,Yes,Yes,No,21,Yes,No,Fiber optic,No,No,No,No,No,No,Month-to-month,Yes,Electronic check,69.1,1474.75,Yes,0.8023,1,High,2025-12-01
9114-VEPUF,Male,No,Yes,No,62,Yes,Yes,Fiber optic,Yes,Yes,No,No,No,Yes,One year,No,Electronic check,96.1,6001.45,No,0.2771,0,Low,2026-05-01
7876-BEUTG,Female,No,No,No,15,Yes,Yes,DSL,No,No,No,No,No,No,Month-to-month,Yes,Mailed check,48.8,720.1,No,0.6207,0,High,2026-01-01
2338-BQEZT,Female,No,No,No,55,Yes,No,DSL,Yes,No,No,No,No,No,Month-to-month,Yes,Credit card (automatic),50.55,2832.75,No,0.1612,0,Low,2026-04-01
9873-MNDKV,Female,No,No,No,11,Yes,No,DSL,No,No,No,No,No,No,Month-to-month,Yes,Mailed check,44.65,472.25,No,0.5972,0,Medium,2026-02-01
0378-NHQXU,Female,No,Yes,Yes,17,Yes,Yes,Fiber optic,No,No,Yes,No,Yes,No,Month-to-month,No,Electronic check,88.25,1460.65,Yes,0.7547,0,High,2026-01-01
8241-JUIQO,Female,No,No,No,61,Yes,No,No,No,No,No,No,No,No,One year,No,Bank transfer (automatic),19.45,1336.35,No,0.0224,0,Low,2026-01-01
2194-IIQOF,Female,No,Yes,No,71,Yes,Yes,DSL,Yes,Yes,Yes,Yes,Yes,Yes,Two year,No,Credit card (automatic),89.3,6388.65,No,0.0365,0,Low,2026-05-01
4512-ZUIYL,Female,No,No,No,2,Yes,No,Fiber optic,No,No,No,No,No,No,Month-to-month,No,Bank transfer (automatic),70.0,153.05,Yes,0.7389,0,High,2026-03-01
9631-RXVJM,Male,No,No,No,35,Yes,No,No,No,No,No,No,No,No,Two year,No,Mailed check,19.25,677.9,No,0.0375,0,Low,2026-04-01
9584-EXCDZ,Female,No,No,No,17,Yes,No,Fiber optic,No,No,No,No,No,No,Month-to-month,No,Bank transfer (automatic),70.5,1165.6,No,0.6352,0,High,2026-03-01
7969-AULMZ,Female,No,No,No,21,Yes,Yes,Fiber optic,No,No,No,No,Yes,Yes,Month-to-month,Yes,Electronic check,97.35,2119.5,Yes,0.878,1,High,2025-11-01
5093-FEGLU,Female,No,Yes,No,47,Yes,No,No,No,No,No,No,No,No,Two year,No,Bank transfer (automatic),19.65,921.55,No,0.0208,0,Low,2026-07-01
2621-UDNLU,Female,No,Yes,No,3,Yes,No,No,No,No,No,No,No,No,Month-to-month,No,Mailed check,20.85,72.0,No,0.362,0,Medium,2026-03-01
7526-IVLYU,Male,No,No,No,3,Yes,No,No,No,No,No,No,No,No,Month-to-month,Yes,Mailed check,19.65,68.35,No,0.4626,0,Medium,2026-05-01
2428-HYUNX,Male,Yes,Yes,No,44,Yes,No,No,No,No,No,No,No,No,Two year,Yes,Credit card (automatic),19.35,847.25,No,0.0422,0,Low,2026-07-01
9214-EKVXR,Female,No,No,No,1,Yes,No,DSL,No,No,No,No,No,No,Month-to-month,Yes,Mailed check,44.0,44.0,No,0.685,0,High,2026-08-01
3410-MHHUM,Female,No,Yes,Yes,44,Yes,Yes,Fiber optic,No,Yes,Yes,No,No,Yes,One year,No,Electronic check,94.4,4295.35,No,0.416,0,Medium,2026-05-01
0568-ONFPC,Male,No,Yes,Yes,5,Yes,Yes,No,No,No,No,No,No,No,Month-to-month,Yes,Bank transfer (automatic),25.9,135.0,Yes,0.4202,0,Medium,2026-06-01
0733-VUNUW,Male,No,No,No,24,Yes,Yes,DSL,Yes,No,No,No,No,No,Month-to-month,Yes,Bank transfer (automatic),55.65,1400.55,Yes,0.4305,0,Medium,2026-02-01
4550-EVXNY,Female,No,No,Yes,1,Yes,No,Fiber optic,No,No,No,No,No,No,Month-to-month,Yes,Electronic check,69.65,69.65,Yes,0.8306,1,High,2026-05-01
2122-YWVYA,Female,No,No,No,18,Yes,No,Fiber optic,Yes,No,No,No,No,No,Month-to-month,Yes,Electronic check,75.4,1380.4,No,0.7038,0,High,2025-12-01
2968-SSGAA,Female,No,No,No,10,Yes,Yes,Fiber optic,No,No,Yes,No,Yes,Yes,Month-to-month,Yes,Electronic check,100.6,1060.2,Yes,0.902,1,High,2026-05-01
2296-DKZFP,Female,No,Yes,No,65,Yes,No,DSL,Yes,Yes,Yes,No,No,Yes,Two year,No,Bank transfer (automatic),71.0,4386.2,No,0.0294,0,Low,2025-10-01
4844-JJWUY,Female,Yes,No,No,1,Yes,No,Fiber optic,No,Yes,No,No,No,Yes,Month-to-month,Yes,Electronic check,86.0,86.0,Yes,0.8896,1,High,2026-07-01
6777-TGHTM,Female,No,No,No,53,Yes,Yes,Fiber optic,Yes,No,Yes,No,Yes,Yes,One year,Yes,Credit card (automatic),106.95,5785.5,Yes,0.4311,0,Medium,2025-11-01
8909-BOLNL,Male,No,No,No,3,Yes,No,No,No,No,No,No,No,No,One year,No,Mailed check,21.2,52.05,No,0.2202,0,Low,2026-04-01
6603-YRDCJ,Male,No,Yes,No,33,Yes,No,DSL,Yes,Yes,No,Yes,No,No,Two year,Yes,Mailed check,61.05,2018.4,No,0.0657,0,Low,2025-09-01
3538-WZPHD,Male,No,No,No,3,No,No,DSL,No,Yes,No,No,No,No,Month-to-month,Yes,Electronic check,29.6,79.45,Yes,0.7816,0,High,2025-10-01
3229-USWAR,Female,No,No,No,34,Yes,No,DSL,Yes,No,Yes,Yes,Yes,Yes,One year,Yes,Bank transfer (automatic),79.95,2727.3,No,0.1991,0,Low,2026-08-01
2138-VFAPZ,Female,No,Yes,Yes,14,Yes,No,No,No,No,No,No,No,No,Two year,Yes,Mailed check,19.7,263.65,No,0.0966,0,Low,2026-07-01
6131-JLWZM,Female,No,No,No,13,Yes,No,No,No,No,No,No,No,No,Month-to-month,Yes,Mailed check,20.3,275.4,No,0.354,0,Medium,2025-11-01
4785-QRJHC,Male,Yes,Yes,No,46,No,No,DSL,No,Yes,Yes,Yes,Yes,Yes,One year,Yes,Bank transfer (automatic),59.9,2816.65,Yes,0.2622,0,Low,2025-10-01
0269-XFESX,Male,No,Yes,Yes,23,Yes,Yes,No,No,No,No,No,No,No,One year,No,Mailed check,24.35,538.5,No,0.1095,0,Low,2026-06-01
1709-EJDOX,Female,No,Yes,Yes,47,Yes,No,No,No,No,No,No,No,No,Two year,No,Mailed check,19.75,948.9,No,0.0177,0,Low,2026-08-01
4316-XCSLJ,Male,No,No,Yes,17,Yes,No,DSL,Yes,No,No,No,No,No,Month-to-month,Yes,Mailed check,50.3,846.8,No,0.3868,0,Medium,2025-11-01
8610-WFCJF,Female,No,Yes,Yes,49,Yes,Yes,Fiber optic,No,No,No,No,Yes,Yes,Month-to-month,Yes,Electronic check,95.6,4783.5,Yes,0.7373,0,High,2026-04-01
9693-XMUOB,Male,Yes,Yes,No,59,No,No,DSL,No,Yes,No,No,Yes,Yes,Month-to-month,Yes,Electronic check,50.25,2997.45,No,0.4778,0,Medium,2025-12-01
0383-CLDDA,Female,No,No,No,69,Yes,Yes,DSL,Yes,No,Yes,Yes,Yes,Yes,Two year,Yes,Credit card (automatic),85.35,5897.4,No,0.0611,0,Low,2026-05-01
4905-JEFDW,Male,No,No,No,11,No,No,DSL,No,No,Yes,No,Yes,No,One year,Yes,Electronic check,41.6,470.6,Yes,0.6345,0,High,2026-02-01
2709-UQGNP,Male,No,No,No,10,Yes,No,DSL,Yes,No,No,No,No,No,Month-to-month,Yes,Mailed check,51.65,524.5,No,0.5028,0,Medium,2025-10-01
3549-ZTMNH,Male,No,Yes,Yes,12,Yes,Yes,No,No,No,No,No,No,No,Two year,Yes,Bank transfer (automatic),24.0,269.65,No,0.1244,0,Low,2025-12-01
7881-INRLC,Male,No,No,No,45,Yes,Yes,Fiber optic,No,Yes,No,No,Yes,Yes,Month-to-month,Yes,Credit card (automatic),100.85,4740.0,Yes,0.7158,0,High,2026-03-01
8033-ATFAS,Female,No,Yes,Yes,39,Yes,No,DSL,No,No,Yes,No,Yes,No,Month-to-month,Yes,Mailed check,59.85,2341.5,No,0.3484,0,Medium,2026-06-01
1635-NZATJ,Male,Yes,Yes,No,71,Yes,Yes,No,No,No,No,No,No,No,Two year,No,Credit card (automatic),25.45,1789.65,No,0.0128,0,Low,2025-09-01
0562-HKHML,Male,No,Yes,Yes,71,Yes,Yes,No,No,No,No,No,No,No,Two year,No,Credit card (automatic),23.9,1626.4,No,0.0082,0,Low,2026-08-01
8277-RVRSV,Female,No,Yes,Yes,33,Yes,Yes,No,No,No,No,No,No,No,One year,No,Credit card (automatic),24.15,800.3,No,0.0708,0,Low,2026-04-01
9943-VSZUV,Male,Yes,No,No,67,Yes,Yes,Fiber optic,No,No,No,No,No,No,Month-to-month,Yes,Mailed check,75.7,5060.85,No,0.4854,0,Medium,2026-07-01
0117-LFRMW,Male,No,Yes,Yes,37,No,No,DSL,Yes,Yes,Yes,No,No,No,Month-to-month,No,Bank transfer (automatic),40.2,1448.8,Yes,0.1813,0,Low,2026-08-01
6172-FECYY,Male,No,Yes,Yes,49,Yes,Yes,Fiber optic,No,No,No,No,Yes,No,Month-to-month,No,Electronic check,84.5,4254.85,Yes,0.575,0,Medium,2025-10-01
7054-ENNGU,Female,No,Yes,No,9,Yes,No,DSL,No,Yes,No,No,No,No,Month-to-month,No,Mailed check,50.85,466.6,No,0.4761,0,Medium,2025-10-01
1455-HFBXA,Male,No,Yes,No,52,Yes,Yes,Fiber optic,Yes,No,Yes,Yes,No,No,Two year,Yes,Credit card (automatic),91.6,4627.8,No,0.1263,0,Low,2026-06-01
9402-CXWPL,Female,No,No,No,70,Yes,Yes,Fiber optic,No,Yes,No,No,Yes,Yes,One year,No,Electronic check,98.9,6838.6,No,0.3741,0,Medium,2025-11-01
1628-BIZYP,Male,No,No,No,1,Yes,No,Fiber optic,No,Yes,No,No,No,Yes,Month-to-month,Yes,Electronic check,85.0,85.0,No,0.8722,1,High,2025-10-01
1965-AKTSX,Female,Yes,No,No,14,Yes,Yes,Fiber optic,No,Yes,No,No,No,No,Month-to-month,Yes,Electronic check,78.95,1101.85,Yes,0.8429,1,High,2026-02-01
0082-LDZUE,Male,No,No,No,1,Yes,No,DSL,No,No,No,No,No,No,Month-to-month,Yes,Mailed check,44.3,44.3,No,0.6883,0,High,2026-07-01
4786-UKSNZ,Male,No,No,No,1,Yes,No,No,No,No,No,No,No,No,Month-to-month,No,Mailed check,20.2,20.2,Yes,0.3901,0,Medium,2026-06-01
5343-SGUBI,Female,No,No,No,52,Yes,Yes,Fiber optic,No,Yes,No,No,No,No,One year,Yes,Mailed check,80.2,4297.6,No,0.3467,0,Medium,2026-03-01
0856-NAOES,Male,No,No,No,6,Yes,No,DSL,No,No,Yes,No,Yes,No,Month-to-month,No,Mailed check,60.9,414.1,No,0.5916,0,Medium,2025-11-01
1976-AZZPJ,Male,No,Yes,No,7,No,No,DSL,Yes,Yes,No,No,No,No,Month-to-month,No,Mailed check,34.2,256.6,No,0.4992,0,Medium,2026-01-01
7248-VZQLC,Female,Yes,No,No,47,Yes,Yes,Fiber optic,No,Yes,Yes,No,No,No,Month-to-month,Yes,Bank transfer (automatic),85.2,3969.35,Yes,0.5811,0,Medium,2026-05-01
6156-UZDLF,Female,No,No,No,26,Yes,No,Fiber optic,Yes,No,Yes,Yes,No,No,One year,Yes,Credit card (automatic),87.15,2274.1,No,0.3013,0,Medium,2025-10-01
3099-OONVS,Male,No,Yes,Yes,25,Yes,No,DSL,Yes,No,No,Yes,No,No,Month-to-month,No,Electronic check,54.3,1296.8,No,0.2354,0,Low,2026-03-01
9500-WBGRP,Male,No,No,No,69,Yes,No,No,No,No,No,No,No,No,Two year,Yes,Mailed check,19.1,1268.85,No,0.0129,0,Low,2025-09-01
5183-KLYEM,Female,No,No,No,72,Yes,Yes,Fiber optic,Yes,Yes,Yes,Yes,Yes,Yes,Two year,Yes,Credit card (automatic),112.75,8192.6,No,0.1445,0,Low,2025-12-01
5144-PQCDZ,Male,No,No,No,4,Yes,No,No,No,No,No,No,No,No,Month-to-month,Yes,Mailed check,19.95,59.25,No,0.4495,0,Medium,2025-11-01
8514-VZHEB,Male,No,Yes,Yes,59,Yes,No,No,No,No,No,No,No,No,Two year,No,Mailed check,19.5,1147.85,No,0.0108,0,Low,2026-05-01
6625-IUTTT,Male,No,No,No,67,Yes,No,DSL,Yes,No,Yes,No,No,Yes,Two year,No,Bank transfer (automatic),65.55,4361.55,No,0.033,0,Low,2026-07-01
9355-NPPFS,Female,Yes,No,No,26,Yes,No,Fiber optic,No,No,No,No,No,Yes,Month-to-month,Yes,Electronic check,78.8,2006.1,No,0.8245,1,High,2025-10-01
0068-FIGTF,Female,No,No,No,27,Yes,No,DSL,No,Yes,Yes,Yes,Yes,Yes,One year,No,Mailed check,78.2,2078.95,No,0.2231,0,Low,2026-06-01
5965-GGPRW,Male,No,Yes,Yes,72,Yes,Yes,Fiber optic,Yes,No,Yes,No,Yes,Yes,Two year,No,Bank transfer (automatic),105.25,7609.75,No,0.1208,0,Low,2026-04-01
8035-PWSEV,Female,No,No,No,6,Yes,No,Fiber optic,No,No,Yes,Yes,No,Yes,Month-to-month,Yes,Electronic check,89.25,487.05,No,0.8199,1,High,2026-08-01
2236-HILPA,Male,No,Yes,Yes,62,Yes,No,No,No,No,No,No,No,No,Two year,No,Credit card (automatic),20.65,1218.45,No,0.009,0,Low,2026-07-01
1840-BIUOG,Male,No,No,No,20,Yes,Yes,DSL,No,Yes,No,Yes,Yes,No,One year,Yes,Electronic check,68.7,1416.2,No,0.4117,0,Medium,2025-10-01
1356-MKYSK,Male,No,No,No,6,Yes,No,DSL,Yes,No,Yes,Yes,Yes,Yes,Month-to-month,No,Credit card (automatic),78.65,483.3,No,0.4536,0,Medium,2026-05-01
6080-LNESI,Male,No,No,No,51,Yes,Yes,No,No,No,No,No,No,No,Two year,No,Mailed check,24.75,1234.6,No,0.0251,0,Low,2026-04-01
1830-IPXVJ,Female,No,Yes,Yes,61,Yes,No,No,No,No,No,No,No,No,Two year,No,Credit card (automatic),19.75,1311.6,No,0.0095,0,Low,2025-10-01
5828-DWPIL,Male,Yes,Yes,No,62,Yes,Yes,Fiber optic,Yes,Yes,Yes,No,No,No,Month-to-month,Yes,Electronic check,89.1,5618.3,No,0.4862,0,Medium,2025-12-01
8398-TBIYD,Female,No,No,No,72,Yes,Yes,Fiber optic,Yes,No,No,Yes,No,No,Two year,Yes,Bank transfer (automatic),84.7,6185.15,No,0.0779,0,Low,2026-08-01
0011-IGKFF,Male,Yes,Yes,No,13,Yes,No,Fiber optic,No,Yes,Yes,No,Yes,Yes,Month-to-month,Yes,Electronic check,98.0,1237.85,Yes,0.8748,1,High,2026-03-01
4192-GORJT,Male,No,Yes,No,5,Yes,No,Fiber optic,No,No,Yes,No,Yes,Yes,Month-to-month,Yes,Electronic check,94.45,498.1,Yes,0.8935,1,High,2026-01-01
6496-SLWHQ,Male,Yes,No,No,3,Yes,Yes,Fiber optic,No,Yes,Yes,No,Yes,Yes,Month-to-month,Yes,Electronic check,105.0,294.45,Yes,0.918,1,High,2025-12-01
9912-GVSEQ,Female,Yes,Yes,No,26,Yes,Yes,Fiber optic,No,Yes,Yes,No,No,Yes,Month-to-month,Yes,Electronic check,93.85,2381.55,Yes,0.8326,1,High,2026-07-01
2931-FSOHN,Male,Yes,No,No,13,Yes,No,DSL,No,Yes,No,No,Yes,No,Month-to-month,Yes,Electronic check,59.9,788.35,No,0.7085,0,High,2025-12-01
9418-RUKPH,Female,No,Yes,Yes,38,Yes,No,No,No,No,No,No,No,No,Two year,Yes,Mailed check,19.95,756.4,No,0.0369,0,Low,2025-10-01
5383-MMTWC,Female,Yes,Yes,No,8,Yes,Yes,Fiber optic,No,No,No,No,No,Yes,Month-to-month,Yes,Electronic check,84.0,613.4,Yes,0.9082,1,High,2026-03-01
9971-ZWPBF,Male,Yes,Yes,Yes,34,Yes,Yes,Fiber optic,No,Yes,Yes,Yes,Yes,Yes,Month-to-month,Yes,Electronic check,108.9,3625.2,No,0.7497,0,High,2026-08-01
4712-AUQZO,Male,No,No,No,18,No,No,DSL,Yes,No,Yes,No,No,No,Month-to-month,No,Mailed check,33.6,550.35,No,0.423,0,Medium,2025-11-01
9711-FJTBX,Male,No,Yes,Yes,56,Yes,No,Fiber optic,No,Yes,Yes,Yes,No,No,One year,Yes,Mailed check,85.85,4793.8,No,0.1689,0,Low,2025-12-01
2908-ZTPNF,Female,No,No,No,36,No,No,DSL,No,Yes,No,Yes,No,No,Month-to-month,Yes,Bank transfer (automatic),34.85,1267.2,No,0.3129,0,Medium,2026-02-01
7240-ETPTR,Female,No,Yes,No,9,No,No,DSL,No,No,Yes,No,Yes,Yes,Month-to-month,Yes,Electronic check,48.75,442.2,Yes,0.8358,1,High,2025-11-01
2202-CUYXZ,Male,No,No,No,1,Yes,No,Fiber optic,No,No,Yes,No,Yes,No,Month-to-month,Yes,Electronic check,84.85,84.85,Yes,0.8768,1,High,2026-04-01
5995-OIGLP,Male,No,No,No,12,Yes,No,DSL,Yes,No,No,Yes,No,No,Month-to-month,No,Mailed check,56.65,654.85,Yes,0.3088,0,Medium,2025-12-01
8421-WZOOW,Female,Yes,Yes,Yes,57,Yes,No,Fiber optic,No,Yes,Yes,Yes,Yes,No,Month-to-month,Yes,Credit card (automatic),95.3,5567.45,No,0.3931,0,Medium,2025-10-01
6261-RCVNS,Female,No,No,No,42,Yes,No,DSL,Yes,Yes,Yes,Yes,No,Yes,One year,No,Credit card (automatic),73.9,3160.55,Yes,0.0843,0,Low,2025-12-01
7951-QKZPL,Female,No,Yes,Yes,33,Yes,Yes,No,No,No,No,No,No,No,Two year,Yes,Mailed check,24.5,740.3,Yes,0.0573,0,Low,2026-08-01
1414-YADCW,Male,No,Yes,No,70,Yes,No,Fiber optic,Yes,Yes,No,Yes,No,No,Two year,No,Bank transfer (automatic),84.6,5706.2,No,0.0371,0,Low,2026-08-01
8756-RDDLT,Female,No,No,No,68,No,No,DSL,No,Yes,No,Yes,No,Yes,Month-to-month,No,Electronic check,44.95,3085.35,No,0.1645,0,Low,2026-03-01
2862-PFNIK,Male,No,No,Yes,1,No,No,DSL,No,No,No,No,No,No,Month-to-month,Yes,Electronic check,24.7,24.7,No,0.7876,0,High,2026-01-01
5816-QVHRX,Female,No,No,No,37,Yes,Yes,Fiber optic,No,No,No,Yes,Yes,Yes,Month-to-month,No,Credit card (automatic),100.3,3541.4,No,0.6107,0,High,2026-06-01
4430-YHXGG,Female,No,No,Yes,4,Yes,Yes,No,No,No,No,No,No,No,Month-to-month,Yes,Mailed check,25.45,84.2,No,0.4433,0,Medium,2025-11-01
6888-SBYAI,Male,No,No,No,1,Yes,No,DSL,Yes,No,No,No,No,No,Month-to-month,Yes,Mailed check,50.7,50.7,No,0.5842,0,Medium,2026-04-01
7395-XWZOY,Male,No,No,No,20,No,No,DSL,Yes,Yes,Yes,Yes,Yes,No,Month-to-month,Yes,Credit card (automatic),55.0,1165.55,No,0.4162,0,Medium,2026-05-01
7169-YWAMK,Male,No,Yes,Yes,72,Yes,No,DSL,Yes,Yes,No,Yes,Yes,No,Two year,No,Bank transfer (automatic),68.4,4855.35,No,0.0132,0,Low,2026-05-01
3640-PHQXK,Female,No,No,No,31,Yes,Yes,Fiber optic,No,No,Yes,No,No,Yes,Month-to-month,Yes,Electronic check,89.9,2806.9,Yes,0.8101,1,High,2025-11-01
6877-LGWXO,Male,Yes,Yes,No,18,Yes,No,Fiber optic,No,No,No,No,No,Yes,Month-to-month,No,Electronic check,78.55,1422.65,Yes,0.8068,1,High,2026-05-01
6859-RKMZJ,Male,No,Yes,No,11,Yes,No,DSL,No,No,No,No,Yes,No,Month-to-month,Yes,Bank transfer (automatic),55.05,608.15,No,0.633,0,High,2026-04-01
2729-VNVAP,Female,No,Yes,Yes,33,Yes,No,No,No,No,No,No,No,No,Two year,No,Credit card (automatic),19.8,641.35,No,0.0301,0,Low,2026-07-01
2957-JIRMN,Female,Yes,No,No,62,Yes,Yes,Fiber optic,No,No,No,No,Yes,No,One year,No,Electronic check,84.45,4959.15,No,0.3884,0,Medium,2025-11-01
2049-BAFNW,Female,No,No,No,1,No,No,DSL,No,No,Yes,Yes,No,No,Month-to-month,No,Mailed check,35.9,35.9,No,0.5969,0,Medium,2026-04-01
3842-QTGDL,Male,No,Yes,No,16,Yes,No,Fiber optic,Yes,Yes,No,No,No,No,Month-to-month,No,Bank transfer (automatic),80.75,1321.3,No,0.5051,0,Medium,2026-06-01
7163-OCEQI,Male,No,Yes,Yes,22,Yes,Yes,DSL,No,No,Yes,Yes,Yes,Yes,One year,Yes,Mailed check,78.65,1663.75,No,0.3657,0,Medium,2025-12-01
9782-LGXMC,Female,No,Yes,Yes,49,Yes,No,DSL,Yes,No,Yes,Yes,No,No,Month-to-month,No,Bank transfer (automatic),61.75,3024.15,No,0.0836,0,Low,2026-05-01
5975-BAICR,Male,No,Yes,Yes,36,Yes,No,DSL,Yes,No,Yes,No,No,Yes,One year,Yes,Credit card (automatic),63.7,2188.5,No,0.1674,0,Low,2025-10-01
8019-ENHXU,Male,No,Yes,No,42,Yes,Yes,Fiber optic,No,Yes,Yes,Yes,No,Yes,Month-to-month,Yes,Electronic check,99.45,4138.05,Yes,0.6644,0,High,2026-05-01
5167-GBFRE,Male,Yes,No,No,4,No,No,DSL,No,No,No,No,No,No,Month-to-month,Yes,Bank transfer (automatic),25.2,102.5,Yes,0.7745,0,High,2026-04-01
9033-EOXWV,Female,No,No,No,12,Yes,Yes,DSL,No,No,No,Yes,Yes,Yes,One year,No,Mailed check,74.05,872.65,Yes,0.4111,0,Medium,2025-11-01
4673-KKSLS,Female,No,No,No,31,Yes,No,Fiber optic,Yes,No,Yes,Yes,No,No,Month-to-month,No,Electronic check,87.6,2724.25,No,0.4311,0,Medium,2025-09-01
4853-OITSN,Male,No,Yes,No,5,Yes,Yes,Fiber optic,Yes,No,No,No,No,Yes,Month-to-month,Yes,Electronic check,89.15,413.25,No,0.8547,1,High,2026-05-01
9800-OUIGR,Male,No,Yes,Yes,66,Yes,No,No,No,No,No,No,No,No,Two year,No,Credit card (automatic),20.0,1374.2,No,0.0078,0,Low,2025-11-01
1324-NLTJE,Female,Yes,No,No,15,Yes,Yes,DSL,No,No,No,Yes,No,No,Month-to-month,No,Credit card (automatic),55.0,757.1,Yes,0.4707,0,Medium,2026-02-01
2324-EFHVG,Male,No,No,No,64,Yes,Yes,Fiber optic,No,Yes,Yes,No,Yes,Yes,Two year,Yes,Bank transfer (automatic),104.4,6692.65,No,0.2818,0,Low,2025-09-01
7094-MSZAO,Male,No,Yes,Yes,10,Yes,No,No,No,No,No,No,No,No,Month-to-month,Yes,Credit card (automatic),20.05,218.5,No,0.323,0,Medium,2026-08-01
1522-VVDMG,Male,No,Yes,Yes,7,Yes,No,Fiber optic,No,Yes,No,Yes,Yes,No,Month-to-month,Yes,Electronic check,89.75,608.8,Yes,0.7412,0,High,2026-03-01
6907-CQGPN,Male,No,No,No,29,No,No,DSL,No,Yes,No,Yes,No,No,Month-to-month,No,Electronic check,34.3,1004.75,No,0.3792,0,Medium,2026-08-01
0780-XNZFN,Male,No,No,No,57,Yes,No,No,No,No,No,No,No,No,Two year,No,Bank transfer (automatic),20.65,1125.6,No,0.0139,0,Low,2025-10-01
0239-OXEXL,Female,No,No,No,46,Yes,Yes,Fiber optic,Yes,Yes,No,No,No,No,Month-to-month,No,Mailed check,84.25,3847.6,No,0.3695,0,Medium,2025-11-01
2675-IJRGJ,Male,No,No,No,53,Yes,No,No,No,No,No,No,No,No,Two year,No,Bank transfer (automatic),19.65,978.0,No,0.0164,0,Low,2026-04-01
7049-GKVZY,Female,No,No,No,17,Yes,No,DSL,Yes,Yes,No,Yes,Yes,Yes,One year,No,Credit card (automatic),79.85,1387.35,No,0.2008,0,Low,2026-04-01
8577-QSOCG,Female,No,Yes,Yes,38,Yes,No,No,No,No,No,No,No,No,Two year,Yes,Mailed check,20.2,746.05,No,0.0368,0,Low,2026-06-01
3721-CNZHX,Male,No,No,No,15,Yes,No,No,No,No,No,No,No,No,One year,No,Mailed check,19.8,304.6,No,0.147,0,Low,2026-08-01
0212-ISBBF,Female,No,No,No,22,No,No,DSL,No,Yes,No,No,Yes,Yes,Month-to-month,Yes,Electronic check,50.35,1098.85,No,0.7361,0,High,2026-06-01
9185-TQCVP,Male,No,Yes,No,14,Yes,Yes,Fiber optic,No,No,No,No,No,Yes,Month-to-month,Yes,Electronic check,85.15,1139.2,Yes,0.8741,1,High,2025-10-01
3585-YNADK,Female,No,Yes,No,57,Yes,Yes,DSL,No,Yes,Yes,Yes,Yes,No,One year,No,Bank transfer (automatic),74.6,4368.95,No,0.0928,0,Low,2025-12-01
5271-DBYSJ,Male,Yes,No,No,11,Yes,No,Fiber optic,No,No,No,No,No,Yes,Month-to-month,Yes,Credit card (automatic),79.15,827.7,No,0.8382,1,High,2026-07-01
1099-GODLO,Female,No,Yes,Yes,1,Yes,No,No,No,No,No,No,No,No,Two year,No,Mailed check,20.35,20.35,No,0.1132,0,Low,2026-03-01
6828-HMKWP,Male,No,Yes,Yes,12,Yes,No,No,No,No,No,No,No,No,Two year,No,Bank transfer (automatic),21.05,262.05,No,0.0709,0,Low,2026-07-01
5567-WSELE,Male,Yes,Yes,No,3,Yes,Yes,Fiber optic,No,No,No,No,Yes,Yes,Month-to-month,Yes,Electronic check,94.6,279.55,Yes,0.9336,1,High,2026-03-01
1472-TNCWL,Male,No,No,Yes,36,Yes,No,Fiber optic,No,Yes,No,No,Yes,Yes,Month-to-month,Yes,Electronic check,94.7,3512.5,No,0.7296,0,High,2025-09-01
8063-RJYNF,Male,No,No,No,16,Yes,No,Fiber optic,Yes,No,No,No,Yes,Yes,Month-to-month,Yes,Electronic check,94.25,1483.25,Yes,0.8115,1,High,2026-02-01
0687-ZVTHB,Male,No,Yes,Yes,65,Yes,Yes,DSL,Yes,Yes,Yes,No,No,Yes,One year,No,Credit card (automatic),72.45,4653.85,Yes,0.0606,0,Low,2026-06-01
2080-GKCWQ,Male,No,No,No,2,Yes,No,Fiber optic,No,Yes,No,No,No,No,Month-to-month,No,Electronic check,74.95,151.75,No,0.7768,0,High,2026-04-01
9661-ACXBS,Female,No,No,No,42,Yes,Yes,Fiber optic,Yes,No,Yes,No,Yes,Yes,Month-to-month,Yes,Electronic check,105.2,4400.75,Yes,0.7365,0,High,2025-10-01
2193-SFWQW,Male,No,Yes,Yes,72,Yes,No,Fiber optic,Yes,Yes,Yes,Yes,Yes,Yes,Two year,No,Bank transfer (automatic),111.95,8033.1,No,0.0635,0,Low,2025-11-01
5656-JAMLX,Male,No,No,No,62,Yes,No,No,No,No,No,No,No,No,Two year,No,Bank transfer (automatic),19.85,1253.65,No,0.0115,0,Low,2026-07-01
3462-BJQQA,Female,No,No,No,6,Yes,Yes,Fiber optic,No,Yes,No,No,Yes,No,Month-to-month,Yes,Electronic check,89.75,552.65,No,0.8708,1,High,2026-08-01
0442-TDYUO,Male,No,Yes,No,48,Yes,No,No,No,No,No,No,No,No,Two year,Yes,Mailed check,20.05,1036.0,No,0.0316,0,Low,2026-06-01
6733-LRIZX,Male,No,No,No,35,Yes,Yes,Fiber optic,Yes,No,Yes,Yes,Yes,Yes,Two year,Yes,Electronic check,108.95,4025.5,No,0.3961,0,Medium,2025-10-01
9503-XJUME,Male,No,No,Yes,52,Yes,No,No,No,No,No,No,No,No,One year,No,Credit card (automatic),19.65,928.4,No,0.0255,0,Low,2026-04-01
4367-NHWMM,Female,No,No,No,1,No,No,DSL,No,No,No,No,No,No,Month-to-month,Yes,Mailed check,24.9,24.9,No,0.77,0,High,2026-06-01
3727-RJMEO,Male,No,Yes,No,6,Yes,Yes,Fiber optic,No,No,No,No,Yes,No,Month-to-month,Yes,Electronic check,82.85,460.25,Yes,0.8909,1,High,2026-04-01
3779-OSWCF,Female,No,Yes,No,71,Yes,Yes,DSL,Yes,Yes,Yes,Yes,Yes,Yes,Two year,No,Credit card (automatic),93.2,6506.15,No,0.0359,0,Low,2026-04-01
6736-DHUQI,Female,No,Yes,Yes,67,Yes,No,Fiber optic,Yes,Yes,Yes,No,No,No,One year,No,Bank transfer (automatic),84.8,5598.3,No,0.0805,0,Low,2026-02-01
3915-ODIYG,Male,Yes,No,No,60,Yes,Yes,DSL,Yes,Yes,No,No,No,Yes,One year,Yes,Electronic check,71.75,4374.55,No,0.1994,0,Low,2025-11-01
1360-RCYRT,Male,No,Yes,Yes,23,No,No,DSL,No,No,No,Yes,No,No,Month-to-month,Yes,Bank transfer (automatic),30.35,678.75,No,0.4138,0,Medium,2025-12-01
2724-FJDYW,Male,No,No,Yes,39,No,No,DSL,No,No,Yes,Yes,Yes,Yes,One year,No,Bank transfer (automatic),54.85,2191.7,No,0.1901,0,Low,2026-05-01
4451-RWASJ,Male,No,Yes,Yes,15,Yes,No,No,No,No,No,No,No,No,One year,Yes,Mailed check,19.5,239.75,No,0.1631,0,Low,2025-09-01
6646-VRFOL,Male,Yes,Yes,No,53,Yes,Yes,Fiber optic,No,Yes,Yes,No,Yes,Yes,Month-to-month,Yes,Electronic check,103.85,5485.5,Yes,0.7731,0,High,2025-10-01
3460-TJBWI,Male,No,Yes,Yes,24,Yes,Yes,No,No,No,No,No,No,No,Two year,No,Mailed check,24.2,609.05,No,0.0597,0,Low,2026-01-01
5917-HBSDW,Female,No,Yes,Yes,37,Yes,No,No,No,No,No,No,No,No,Month-to-month,No,Electronic check,19.35,683.75,No,0.1261,0,Low,2026-06-01
5685-IIXLY,Female,No,Yes,Yes,5,Yes,No,Fiber optic,No,Yes,No,No,No,Yes,Month-to-month,Yes,Electronic check,83.6,404.2,Yes,0.8264,1,High,2026-04-01
5671-UUNXD,Female,Yes,Yes,No,50,Yes,Yes,Fiber optic,No,No,No,Yes,Yes,Yes,One year,Yes,Electronic check,100.65,5189.75,No,0.5998,0,Medium,2026-04-01
0956-ACVZC,Female,No,No,No,54,Yes,No,Fiber optic,No,No,Yes,No,Yes,Yes,One year,Yes,Credit card (automatic),94.1,5060.9,No,0.4401,0,Medium,2026-03-01
2325-NBPZG,Female,No,No,No,3,Yes,No,Fiber optic,Yes,No,No,No,No,No,Month-to-month,Yes,Electronic check,74.55,233.65,No,0.79,0,High,2025-10-01
4250-ZBWLV,Male,No,No,No,68,Yes,Yes,Fiber optic,No,Yes,Yes,Yes,Yes,Yes,One year,No,Electronic check,108.45,7176.55,Yes,0.3202,0,Medium,2025-12-01
4482-FTFFX,Male,No,No,No,5,Yes,No,DSL,No,No,Yes,Yes,No,No,Month-to-month,No,Electronic check,56.15,291.45,No,0.5354,0,Medium,2025-09-01
8859-DZTGQ,Male,No,No,No,33,Yes,No,No,No,No,No,No,No,No,Two year,No,Mailed check,20.35,689.75,No,0.0407,0,Low,2026-06-01
0440-MOGPM,Female,No,No,No,41,Yes,Yes,DSL,No,Yes,Yes,No,Yes,Yes,One year,Yes,Electronic check,80.55,3263.9,No,0.4055,0,Medium,2026-06-01
0020-JDNXP,Female,No,Yes,Yes,34,No,No,DSL,Yes,No,Yes,Yes,Yes,Yes,One year,No,Mailed check,61.25,1993.2,No,0.1571,0,Low,2025-12-01
3752-CQSJI,Female,No,Yes,Yes,13,Yes,No,No,No,No,No,No,No,No,Month-to-month,Yes,Mailed check,20.45,254.5,No,0.2999,0,Low,2025-12-01
5025-GOOKI,Female,No,No,No,20,Yes,No,No,No,No,No,No,No,No,Month-to-month,Yes,Credit card (automatic),18.9,347.65,No,0.2791,0,Low,2025-12-01
4698-KVLLG,Female,Yes,No,No,51,Yes,No,No,No,No,No,No,No,No,Two year,No,Credit card (automatic),19.6,967.9,No,0.0217,0,Low,2026-07-01
5095-AESKG,Female,No,Yes,No,3,Yes,Yes,Fiber optic,No,Yes,No,No,No,Yes,Month-to-month,Yes,Credit card (automatic),91.5,242.95,Yes,0.8426,1,High,2026-02-01
2887-JPYLU,Female,No,No,Yes,41,Yes,No,DSL,No,No,No,No,No,No,Month-to-month,No,Bank transfer (automatic),45.2,1841.9,No,0.2002,0,Low,2026-06-01
4770-QAZXN,Female,No,No,No,13,Yes,No,No,No,No,No,No,No,No,Month-to-month,No,Credit card (automatic),19.45,232.1,No,0.264,0,Low,2026-02-01
4896-CPRPF,Male,No,Yes,Yes,35,Yes,Yes,No,No,No,No,No,No,No,Two year,No,Bank transfer (automatic),25.45,809.25,No,0.0353,0,Low,2026-05-01
1871-MOWRM,Male,No,Yes,No,12,Yes,No,Fiber optic,Yes,No,No,Yes,No,No,Month-to-month,No,Bank transfer (automatic),80.85,866.45,Yes,0.478,0,Medium,2026-03-01
9714-EDSUC,Male,No,No,No,4,Yes,No,Fiber optic,Yes,Yes,No,Yes,No,Yes,Month-to-month,Yes,Mailed check,94.9,360.55,No,0.6718,0,High,2025-12-01
2027-OAQQC,Female,No,No,No,43,No,No,DSL,No,No,Yes,No,Yes,Yes,Month-to-month,Yes,Bank transfer (automatic),49.05,2076.2,Yes,0.5064,0,Medium,2026-07-01
0282-NVSJS,Female,Yes,Yes,Yes,12,No,No,DSL,No,No,No,Yes,No,No,Month-to-month,Yes,Mailed check,29.3,355.9,No,0.5863,0,Medium,2026-05-01
9090-SGQXL,Male,Yes,Yes,No,68,Yes,Yes,Fiber optic,No,Yes,Yes,No,Yes,Yes,Month-to-month,Yes,Electronic check,105.3,7299.65,Yes,0.713,0,High,2026-06-01
6595-YGXIT,Male,Yes,No,No,25,Yes,Yes,Fiber optic,No,Yes,No,No,Yes,No,Month-to-month,Yes,Electronic check,88.95,2291.2,Yes,0.8357,1,High,2026-08-01
7353-YOWFP,Female,No,No,No,7,Yes,No,No,No,No,No,No,No,No,One year,No,Mailed check,20.25,129.15,No,0.1909,0,Low,2025-11-01
9835-ZIITK,Male,Yes,Yes,No,66,Yes,Yes,Fiber optic,No,Yes,Yes,Yes,Yes,Yes,One year,Yes,Electronic check,110.85,7491.75,Yes,0.4864,0,Medium,2025-10-01
8008-ESFLK,Female,No,Yes,No,53,Yes,No,Fiber optic,Yes,Yes,Yes,Yes,Yes,Yes,One year,No,Electronic check,110.5,5835.5,No,0.2575,0,Low,2026-03-01
7537-CBQUZ,Male,Yes,No,No,63,Yes,Yes,Fiber optic,Yes,Yes,Yes,No,Yes,Yes,Month-to-month,Yes,Bank transfer (automatic),109.4,7031.45,No,0.5738,0,Medium,2025-12-01
1555-DJEQW,Female,No,Yes,Yes,70,Yes,Yes,Fiber optic,Yes,Yes,Yes,Yes,Yes,Yes,Two year,Yes,Bank transfer (automatic),114.2,7723.9,Yes,0.1133,0,Low,2026-02-01
5649-TJHOV,Male,Yes,Yes,No,27,No,No,DSL,No,No,No,No,No,Yes,Month-to-month,No,Bank transfer (automatic),36.5,1032.0,Yes,0.5558,0,Medium,2025-11-01
0519-XUZJU,Female,No,No,No,1,Yes,No,Fiber optic,No,No,No,No,No,No,Month-to-month,No,Mailed check,70.75,70.75,Yes,0.7543,0,High,2026-01-01
3363-EWLGO,Female,No,No,No,5,Yes,No,No,No,No,No,No,No,No,Month-to-month,No,Mailed check,19.95,109.6,No,0.3471,0,Medium,2026-01-01
4750-UKWJK,Female,Yes,Yes,No,37,Yes,No,No,No,No,No,No,No,No,One year,No,Mailed check,19.6,727.8,No,0.0735,0,Low,2026-01-01
6338-AVWCY,Male,No,No,No,3,No,No,DSL,No,No,Yes,No,Yes,No,Month-to-month,Yes,Mailed check,40.15,130.75,Yes,0.7819,0,High,2026-05-01
1689-YQBYY,Female,No,No,Yes,12,Yes,Yes,Fiber optic,No,No,No,No,No,No,Month-to-month,Yes,Electronic check,76.6,893.0,No,0.811,1,High,2026-04-01
4487-ZYJZK,Female,No,Yes,Yes,38,Yes,No,No,No,No,No,No,No,No,One year,No,Credit card (automatic),19.6,763.1,No,0.0454,0,Low,2026-02-01
2959-FENLU,Female,No,No,No,9,Yes,No,Fiber optic,No,No,Yes,No,No,Yes,Month-to-month,Yes,Credit card (automatic),85.3,781.4,No,0.8094,1,High,2025-10-01
0708-LGSMF,Male,No,Yes,No,13,Yes,Yes,DSL,Yes,No,No,No,No,Yes,Month-to-month,Yes,Electronic check,65.85,902.25,No,0.6798,0,High,2026-03-01
9253-QXKBE,Male,Yes,Yes,No,29,Yes,Yes,Fiber optic,No,No,No,No,Yes,Yes,Month-to-month,Yes,Electronic check,94.45,2653.65,Yes,0.8757,1,High,2025-11-01
7634-HLQJR,Female,No,Yes,Yes,47,Yes,No,No,No,No,No,No,No,No,Two year,No,Credit card (automatic),20.05,1016.7,No,0.0171,0,Low,2025-12-01
0487-RPVUM,Male,No,Yes,No,61,Yes,Yes,Fiber optic,Yes,No,Yes,Yes,Yes,No,Month-to-month,No,Bank transfer (automatic),99.4,5943.65,No,0.29,0,Low,2026-01-01
4079-ULGFR,Male,No,No,No,16,Yes,No,No,No,No,No,No,No,No,Month-to-month,No,Mailed check,20.0,275.7,No,0.2505,0,Low,2025-10-01
2516-XSJKX,Female,No,Yes,Yes,41,Yes,No,DSL,Yes,Yes,No,Yes,Yes,Yes,Two year,No,Electronic check,78.45,3126.45,No,0.0679,0,Low,2026-01-01
0057-QBUQH,Female,No,No,Yes,43,Yes,Yes,No,No,No,No,No,No,No,Two year,Yes,Electronic check,25.1,1070.15,No,0.053,0,Low,2025-12-01
9445-SZLCH,Female,No,Yes,Yes,36,Yes,Yes,Fiber optic,No,Yes,Yes,No,Yes,No,Month-to-month,Yes,Bank transfer (automatic),97.35,3457.9,Yes,0.6107,0,High,2026-07-01
6599-SFQVE,Female,No,No,No,6,Yes,No,DSL,No,No,No,No,No,Yes,Month-to-month,Yes,Electronic check,55.0,340.4,No,0.7638,0,High,2026-07-01
8331-ZXFOE,Female,No,No,No,58,Yes,Yes,DSL,Yes,Yes,Yes,Yes,No,No,One year,Yes,Credit card (automatic),71.1,4299.2,No,0.0705,0,Low,2025-09-01
4003-FUSHP,Male,No,No,No,19,Yes,No,DSL,No,No,No,Yes,Yes,No,Month-to-month,Yes,Credit card (automatic),61.55,1093.2,No,0.4765,0,Medium,2026-04-01
0356-ERHVT,Male,No,Yes,No,11,Yes,No,DSL,No,No,No,No,No,No,Month-to-month,Yes,Bank transfer (automatic),45.9,521.9,No,0.5836,0,Medium,2026-04-01
7325-ENZFI,Female,No,No,No,39,No,No,DSL,Yes,Yes,No,Yes,No,No,One year,Yes,Bank transfer (automatic),40.3,1630.4,No,0.1184,0,Low,2026-01-01
4884-ZTHVF,Female,Yes,No,No,8,Yes,No,Fiber optic,No,Yes,No,No,Yes,No,Month-to-month,Yes,Electronic check,87.1,713.6,No,0.8578,1,High,2026-02-01
3920-HIHMQ,Female,No,No,Yes,26,Yes,Yes,DSL,No,No,No,No,No,No,Month-to-month,Yes,Mailed check,49.5,1265.65,No,0.4649,0,Medium,2026-06-01
3055-OYMSE,Female,Yes,No,No,53,Yes,No,Fiber optic,No,Yes,No,No,No,No,Month-to-month,Yes,Credit card (automatic),73.8,4003.85,No,0.4781,0,Medium,2026-01-01
0613-WUXUM,Female,No,Yes,Yes,70,Yes,No,No,No,No,No,No,No,No,Two year,Yes,Mailed check,19.2,1401.4,No,0.0098,0,Low,2025-09-01
7568-PODML,Male,No,No,No,1,No,No,DSL,No,No,No,No,Yes,Yes,Month-to-month,Yes,Mailed check,45.3,45.3,Yes,0.8419,1,High,2026-01-01
4458-KVRBJ,Male,No,No,No,59,Yes,Yes,No,No,No,No,No,No,No,Two year,No,Mailed check,25.0,1510.5,No,0.0184,0,Low,2025-12-01
5349-IECLD,Male,No,No,No,2,Yes,No,Fiber optic,No,No,Yes,No,Yes,Yes,Month-to-month,No,Electronic check,94.95,178.1,Yes,0.8614,1,High,2026-01-01
1397-XKKWR,Male,No,No,No,7,No,No,DSL,Yes,No,Yes,No,No,No,One year,No,Mailed check,35.3,264.8,No,0.3559,0,Medium,2025-11-01
3945-GFWQL,Female,No,No,Yes,12,Yes,No,DSL,No,No,No,No,No,No,Month-to-month,Yes,Electronic check,44.55,480.6,Yes,0.6061,0,High,2025-10-01
8097-OMULG,Male,No,Yes,Yes,59,Yes,No,DSL,No,Yes,Yes,Yes,Yes,Yes,One year,No,Credit card (automatic),76.75,4541.9,No,0.0789,0,Low,2026-08-01
6013-BHCAW,Male,No,Yes,Yes,61,Yes,Yes,DSL,No,No,Yes,Yes,Yes,Yes,Two year,Yes,Bank transfer (automatic),81.0,4976.15,No,0.0859,0,Low,2025-10-01
0401-WDBXM,Male,No,Yes,Yes,72,Yes,Yes,Fiber optic,Yes,No,Yes,No,Yes,Yes,Two year,Yes,Bank transfer (automatic),105.55,7542.25,No,0.164,0,Low,2026-05-01
3387-PLKUI,Female,No,Yes,Yes,13,Yes,No,No,No,No,No,No,No,No,Month-to-month,No,Mailed check,18.8,251.25,No,0.2306,0,Low,2026-05-01
6096-EGVTU,Female,No,Yes,Yes,64,Yes,Yes,No,No,No,No,No,No,No,One year,No,Mailed check,24.9,1595.5,No,0.0215,0,Low,2026-04-01
3797-VTIDR,Male,No,Yes,No,1,No,No,DSL,No,No,No,No,No,No,Month-to-month,Yes,Electronic check,23.45,23.45,Yes,0.8238,1,High,2026-07-01
5081-NWSUP,Female,No,No,No,10,Yes,No,DSL,No,Yes,No,Yes,No,Yes,One year,No,Mailed check,64.9,685.55,No,0.2888,0,Low,2025-09-01
2580-ATZSQ,Female,No,Yes,Yes,65,Yes,No,DSL,Yes,Yes,Yes,No,No,No,One year,No,Bank transfer (automatic),61.35,3874.1,No,0.0299,0,Low,2025-12-01
8085-MSNLK,Female,No,Yes,No,62,Yes,Yes,Fiber optic,Yes,Yes,Yes,Yes,Yes,Yes,Two year,No,Mailed check,113.95,6891.4,No,0.1246,0,Low,2025-11-01
9691-HKOVS,Female,No,Yes,No,55,Yes,Yes,DSL,Yes,Yes,Yes,Yes,Yes,Yes,One year,Yes,Electronic check,90.15,4916.95,No,0.1835,0,Low,2026-03-01
9881-VCZEP,Female,No,Yes,No,25,Yes,Yes,DSL,No,Yes,No,No,No,No,Month-to-month,No,Electronic check,54.1,1373.0,No,0.4765,0,Medium,2026-04-01
9526-BIHHD,Male,No,No,No,1,No,No,DSL,Yes,No,No,No,No,No,Month-to-month,No,Mailed check,29.7,29.7,Yes,0.6029,0,High,2026-07-01
8757-TFHHJ,Male,No,No,No,1,Yes,No,DSL,Yes,No,No,No,No,No,Month-to-month,Yes,Credit card (automatic),49.8,49.8,No,0.5747,0,Medium,2026-01-01
4523-WXCEF,Female,No,Yes,No,59,Yes,Yes,Fiber optic,No,Yes,No,No,Yes,Yes,Month-to-month,No,Electronic check,101.1,6039.9,Yes,0.6243,0,High,2025-11-01
1468-DEFNC,Male,Yes,Yes,Yes,64,Yes,Yes,No,No,No,No,No,No,No,Two year,Yes,Bank transfer (automatic),24.4,1548.65,No,0.0193,0,Low,2026-08-01
5119-KEPFY,Male,No,Yes,No,36,Yes,Yes,Fiber optic,No,No,No,No,Yes,Yes,Month-to-month,Yes,Bank transfer (automatic),95.0,3440.25,No,0.773,0,High,2026-05-01
8364-TRMMK,Female,No,No,No,3,Yes,Yes,DSL,No,No,No,No,No,No,Month-to-month,Yes,Mailed check,50.65,151.3,Yes,0.7131,0,High,2026-06-01
0916-KNFAJ,Male,No,Yes,No,61,Yes,Yes,DSL,Yes,No,Yes,No,No,Yes,Two year,Yes,Mailed check,69.9,4226.7,No,0.0779,0,Low,2026-02-01
8319-QBEHW,Male,No,No,Yes,26,No,No,DSL,No,Yes,No,No,Yes,No,One year,Yes,Bank transfer (automatic),39.95,1023.75,No,0.3223,0,Medium,2026-02-01
3063-QFSZL,Female,No,No,No,1,Yes,No,DSL,No,No,No,No,No,Yes,Month-to-month,Yes,Electronic check,55.4,55.4,Yes,0.7927,0,High,2026-01-01
8775-LHDJH,Female,Yes,Yes,No,1,Yes,Yes,Fiber optic,No,Yes,No,No,Yes,No,Month-to-month,Yes,Electronic check,90.6,90.6,Yes,0.9017,1,High,2026-05-01
9625-QNLUX,Male,No,Yes,Yes,68,Yes,No,Fiber optic,Yes,Yes,Yes,No,Yes,Yes,Two year,Yes,Credit card (automatic),103.25,7074.4,No,0.1286,0,Low,2025-11-01
3097-NQYSN,Male,Yes,Yes,No,2,Yes,Yes,Fiber optic,No,No,No,No,Yes,No,Month-to-month,Yes,Mailed check,86.85,156.35,Yes,0.887,1,High,2026-08-01
4024-CSNBY,Female,No,Yes,No,72,Yes,Yes,Fiber optic,Yes,Yes,Yes,Yes,No,No,Two year,Yes,Bank transfer (automatic),94.25,6849.75,No,0.0714,0,Low,2025-11-01
7110-BDTWG,Female,No,Yes,No,71,No,No,DSL,No,No,Yes,Yes,No,Yes,Two year,Yes,Electronic check,47.05,3263.6,No,0.0686,0,Low,2026-02-01
7493-GVFIO,Male,No,No,No,57,Yes,No,No,No,No,No,No,No,No,Two year,No,Credit card (automatic),20.55,1252.85,No,0.0145,0,Low,2025-12-01
0690-SRQID,Male,No,No,No,4,Yes,No,No,No,No,No,No,No,No,Month-to-month,Yes,Mailed check,19.65,67.55,No,0.4508,0,Medium,2026-04-01
9605-WGJVW,Female,Yes,No,No,1,Yes,No,Fiber optic,No,No,No,No,No,No,Month-to-month,Yes,Electronic check,70.2,70.2,No,0.8817,1,High,2026-05-01
9114-DPSIA,Male,No,Yes,Yes,72,Yes,Yes,DSL,Yes,Yes,Yes,Yes,No,Yes,Two year,No,Credit card (automatic),81.0,5750.0,No,0.0204,0,Low,2026-08-01
4700-UBQMV,Male,No,Yes,Yes,21,Yes,Yes,DSL,Yes,No,No,No,Yes,Yes,One year,Yes,Bank transfer (automatic),75.9,1549.75,No,0.3496,0,Medium,2026-06-01
7711-GQBZC,Female,No,Yes,Yes,71,Yes,Yes,No,No,No,No,No,No,No,Two year,No,Bank transfer (automatic),24.7,1810.55,No,0.0082,0,Low,2025-11-01
3565-UNOCC,Female,Yes,Yes,No,29,Yes,Yes,Fiber optic,No,No,Yes,No,Yes,Yes,Month-to-month,Yes,Bank transfer (automatic),99.05,2952.85,Yes,0.8291,1,High,2025-11-01
4627-MIHJH,Female,Yes,No,No,69,Yes,Yes,Fiber optic,Yes,No,Yes,Yes,Yes,Yes,Two year,No,Credit card (automatic),110.25,7467.55,No,0.1391,0,Low,2026-07-01
9795-NREXC,Female,No,Yes,No,64,Yes,Yes,DSL,Yes,No,Yes,Yes,Yes,Yes,Two year,Yes,Credit card (automatic),85.0,5484.4,No,0.0694,0,Low,2026-02-01
8573-CGOCC,Male,No,No,No,16,Yes,No,No,No,No,No,No,No,No,Month-to-month,No,Credit card (automatic),19.75,294.9,No,0.2428,0,Low,2025-10-01
7356-AYNJP,Female,No,No,No,4,Yes,Yes,No,No,No,No,No,No,No,One year,No,Electronic check,23.9,97.5,No,0.3184,0,Medium,2026-06-01
9249-FXSCK,Female,No,No,No,52,Yes,Yes,Fiber optic,Yes,Yes,No,Yes,Yes,Yes,One year,Yes,Credit card (automatic),111.25,5916.45,Yes,0.3321,0,Medium,2026-04-01
5493-SDRDQ,Male,No,No,No,2,Yes,No,DSL,Yes,No,Yes,No,No,No,Month-to-month,Yes,Mailed check,55.1,113.35,Yes,0.5643,0,Medium,2025-09-01
6286-SUUWT,Male,No,No,No,1,Yes,No,No,No,No,No,No,No,No,Month-to-month,No,Mailed check,19.95,19.95,No,0.3907,0,Medium,2026-06-01
4819-HJPIW,Male,No,No,No,18,No,No,DSL,No,No,No,No,No,No,Month-to-month,No,Mailed check,25.15,476.8,No,0.537,0,Medium,2026-04-01
8654-DHAOW,Female,No,No,No,2,Yes,Yes,DSL,No,Yes,No,No,No,No,Month-to-month,No,Mailed check,54.15,101.65,No,0.5999,0,Medium,2026-04-01
5438-QMDDL,Female,No,Yes,No,19,Yes,No,DSL,No,Yes,No,No,No,Yes,Month-to-month,Yes,Mailed check,59.8,1130.85,No,0.5585,0,Medium,2026-07-01
9812-GHVRI,Female,No,No,No,40,Yes,Yes,Fiber optic,No,No,No,No,No,Yes,Month-to-month,No,Bank transfer (automatic),83.85,3532.25,No,0.6246,0,High,2026-02-01
5553-AOINX,Female,Yes,Yes,Yes,66,Yes,Yes,Fiber optic,No,Yes,Yes,No,Yes,Yes,One year,Yes,Electronic check,104.9,6891.45,No,0.4877,0,Medium,2026-02-01
1228-ZLNBX,Male,No,No,No,21,Yes,Yes,Fiber optic,No,No,No,No,No,No,Month-to-month,No,Mailed check,75.3,1570.7,No,0.6816,0,High,2026-04-01
4226-KKDON,Male,No,No,No,8,Yes,No,DSL,No,Yes,No,Yes,Yes,No,Month-to-month,Yes,Electronic check,66.65,520.95,No,0.6157,0,High,2025-11-01
3831-YCPUO,Female,No,Yes,Yes,72,Yes,No,Fiber optic,Yes,Yes,Yes,Yes,Yes,Yes,Two year,Yes,Credit card (automatic),109.5,7854.9,No,0.0882,0,Low,2025-10-01
7445-WMRBW,Female,No,No,No,48,Yes,Yes,DSL,No,Yes,Yes,Yes,Yes,No,One year,Yes,Bank transfer (automatic),73.85,3581.4,No,0.1627,0,Low,2026-07-01
3308-DGHKL,Male,No,No,No,69,Yes,No,No,No,No,No,No,No,No,Two year,Yes,Bank transfer (automatic),19.3,1447.9,No,0.0126,0,Low,2025-11-01
9924-JPRMC,Male,No,No,No,72,Yes,Yes,Fiber optic,Yes,Yes,Yes,Yes,Yes,Yes,Two year,Yes,Electronic check,118.2,8547.15,No,0.2009,0,Low,2026-03-01
0080-EMYVY,Female,No,No,No,14,Yes,No,DSL,No,Yes,No,No,No,No,One year,No,Credit card (automatic),51.45,727.85,No,0.2619,0,Low,2025-12-01
6218-KNUBD,Male,No,No,No,6,Yes,No,DSL,No,Yes,No,No,Yes,No,Month-to-month,No,Electronic check,59.45,357.6,No,0.6355,0,High,2025-11-01
7337-CINUD,Female,No,Yes,Yes,8,Yes,No,No,No,No,No,No,No,No,Two year,No,Bank transfer (automatic),19.5,159.35,No,0.0825,0,Low,2026-04-01
7609-NRNCA,Female,No,No,No,17,Yes,No,No,No,No,No,No,No,No,One year,No,Mailed check,19.55,280.85,No,0.1331,0,Low,2026-06-01
0623-EJQEG,Male,No,No,No,65,Yes,Yes,Fiber optic,Yes,No,No,Yes,No,Yes,One year,No,Electronic check,93.55,6069.25,No,0.2245,0,Low,2026-02-01
7153-CHRBV,Female,No,Yes,Yes,57,Yes,No,DSL,Yes,No,Yes,Yes,No,No,One year,Yes,Mailed check,59.3,3274.35,No,0.0487,0,Low,2025-10-01
0871-URUWO,Male,No,Yes,No,13,Yes,Yes,Fiber optic,No,No,Yes,No,Yes,Yes,Month-to-month,Yes,Credit card (automatic),102.25,1359.0,Yes,0.855,1,High,2025-11-01
9190-MFJLN,Male,Yes,No,No,19,Yes,No,Fiber optic,No,No,Yes,No,Yes,Yes,Month-to-month,Yes,Credit card (automatic),95.9,1777.9,Yes,0.83,1,High,2025-10-01
6198-PNNSZ,Female,No,Yes,No,56,Yes,Yes,Fiber optic,Yes,Yes,Yes,No,Yes,Yes,One year,No,Bank transfer (automatic),109.8,6109.65,No,0.2884,0,Low,2026-07-01
3317-VLGQT,Female,No,Yes,No,14,Yes,No,Fiber optic,No,No,No,No,No,Yes,Month-to-month,Yes,Electronic check,78.1,1122.4,No,0.8475,1,High,2025-12-01
4132-POCZS,Male,No,Yes,No,52,No,No,DSL,Yes,No,No,No,No,Yes,Month-to-month,Yes,Electronic check,39.9,2020.9,No,0.3535,0,Medium,2026-01-01
5614-DNZCE,Female,No,No,No,58,Yes,No,DSL,Yes,Yes,Yes,Yes,No,No,Two year,Yes,Credit card (automatic),64.9,3795.45,No,0.0284,0,Low,2025-09-01
1095-JUDTC,Female,Yes,No,No,47,Yes,Yes,Fiber optic,No,Yes,No,Yes,Yes,No,Month-to-month,Yes,Electronic check,95.05,4504.55,Yes,0.6633,0,High,2026-02-01
3896-RCYYE,Female,No,No,No,67,No,No,DSL,No,No,Yes,Yes,Yes,Yes,Month-to-month,Yes,Credit card (automatic),53.4,3579.15,No,0.2447,0,Low,2026-07-01
9638-JIQYA,Male,No,No,No,2,No,No,DSL,No,No,No,No,No,No,Month-to-month,Yes,Credit card (automatic),24.9,49.7,No,0.757,0,High,2026-01-01
3258-SANFR,Male,Yes,No,No,6,Yes,No,DSL,No,No,No,No,No,No,Month-to-month,No,Credit card (automatic),44.7,276.5,No,0.593,0,Medium,2026-04-01
3726-TBHQT,Male,No,Yes,Yes,71,Yes,Yes,Fiber optic,Yes,Yes,Yes,Yes,Yes,Yes,Two year,Yes,Bank transfer (automatic),114.0,8175.9,No,0.1211,0,Low,2025-11-01
3190-ITQXP,Female,No,Yes,Yes,46,Yes,No,No,No,No,No,No,No,No,Two year,No,Bank transfer (automatic),20.25,890.35,No,0.0172,0,Low,2025-10-01
0870-VEMYL,Female,No,No,No,5,Yes,No,DSL,Yes,No,No,Yes,No,No,Month-to-month,No,Credit card (automatic),53.85,259.8,Yes,0.3543,0,Medium,2026-05-01
4833-QTJNO,Male,Yes,Yes,No,67,Yes,Yes,Fiber optic,Yes,Yes,No,No,No,No,Month-to-month,No,Bank transfer (automatic),83.85,5588.8,No,0.2716,0,Low,2025-09-01
3039-MJSLN,Male,No,No,Yes,3,Yes,No,No,No,No,No,No,No,No,Month-to-month,No,Bank transfer (automatic),20.2,50.6,No,0.3047,0,Medium,2026-02-01
0178-CIIKR,Female,No,No,No,3,Yes,No,No,No,No,No,No,No,No,Month-to-month,No,Mailed check,19.95,58.0,No,0.3661,0,Medium,2025-12-01
5385-SUIRI,Male,Yes,Yes,No,52,Yes,Yes,Fiber optic,Yes,No,Yes,No,Yes,Yes,Month-to-month,Yes,Electronic check,104.2,5568.35,Yes,0.7376,0,High,2025-09-01
3982-XWFZQ,Female,No,Yes,No,42,Yes,Yes,DSL,No,No,No,No,No,No,Month-to-month,Yes,Electronic check,50.25,2203.65,Yes,0.4589,0,Medium,2026-03-01
5774-QPLTF,Male,No,Yes,Yes,50,Yes,No,No,No,No,No,No,No,No,One year,Yes,Mailed check,20.35,938.95,No,0.0415,0,Low,2026-08-01
2322-VCZHZ,Male,Yes,Yes,No,23,Yes,No,Fiber optic,Yes,Yes,No,No,No,Yes,Month-to-month,Yes,Electronic check,90.0,2024.1,No,0.7438,0,High,2025-09-01
5010-IPEAQ,Female,No,Yes,Yes,67,No,No,DSL,Yes,Yes,Yes,Yes,Yes,No,Two year,No,Credit card (automatic),54.2,3623.95,No,0.0184,0,Low,2026-06-01
4009-ALQFH,Female,No,No,No,25,Yes,No,Fiber optic,No,Yes,Yes,No,Yes,Yes,Month-to-month,Yes,Electronic check,99.5,2369.05,Yes,0.8041,1,High,2026-03-01
6383-ZTSIW,Female,Yes,Yes,No,39,Yes,No,Fiber optic,Yes,Yes,No,No,Yes,Yes,One year,No,Mailed check,99.1,3877.95,No,0.3761,0,Medium,2026-05-01
8990-YOZLV,Female,No,No,No,69,Yes,Yes,DSL,Yes,Yes,No,Yes,No,No,Two year,Yes,Mailed check,66.9,4577.9,No,0.0273,0,Low,2025-10-01
3069-SSVSN,Female,No,No,No,1,No,No,DSL,No,No,No,No,No,No,One year,No,Mailed check,25.85,25.85,No,0.526,0,Medium,2026-07-01
5222-IMUKT,Male,No,No,No,32,Yes,No,Fiber optic,No,No,No,No,Yes,Yes,Month-to-month,No,Electronic check,91.05,2871.5,No,0.7427,0,High,2025-09-01
3627-FCRDW,Female,No,No,No,9,Yes,No,Fiber optic,No,No,No,No,No,No,Month-to-month,No,Electronic check,71.0,672.55,Yes,0.7662,0,High,2026-07-01
7562-GSUHK,Female,No,No,No,16,Yes,No,Fiber optic,No,Yes,Yes,No,No,Yes,Month-to-month,Yes,Credit card (automatic),93.2,1573.7,Yes,0.7462,0,High,2026-04-01
6685-XSHHU,Male,No,Yes,Yes,60,Yes,No,No,No,No,No,No,No,No,Two year,Yes,Bank transfer (automatic),20.95,1270.55,No,0.0142,0,Low,2026-01-01
8901-UPRHR,Female,No,Yes,Yes,72,Yes,Yes,Fiber optic,No,Yes,Yes,Yes,Yes,Yes,Two year,Yes,Bank transfer (automatic),109.2,7711.45,No,0.1522,0,Low,2025-09-01
4903-UYAVB,Male,No,Yes,No,5,Yes,No,No,No,No,No,No,No,No,Month-to-month,No,Mailed check,19.35,126.05,Yes,0.3513,0,Medium,2026-04-01
0118-JPNOY,Female,Yes,No,No,26,Yes,No,Fiber optic,Yes,No,No,No,Yes,No,Month-to-month,Yes,Credit card (automatic),85.8,2193.65,No,0.6641,0,High,2025-10-01
6776-TLWOI,Male,No,No,No,3,Yes,No,No,No,No,No,No,No,No,Month-to-month,No,Mailed check,19.85,64.55,Yes,0.3711,0,Medium,2026-04-01
3845-FXCYS,Male,No,No,No,2,Yes,No,No,No,No,No,No,No,No,Month-to-month,Yes,Electronic check,19.65,31.2,No,0.5497,0,Medium,2026-06-01
5857-XRECV,Female,No,No,Yes,2,Yes,No,No,No,No,No,No,No,No,One year,No,Bank transfer (automatic),20.5,38.25,No,0.1793,0,Low,2025-12-01
0725-CXOTM,Female,No,No,No,36,Yes,Yes,DSL,Yes,No,Yes,Yes,Yes,Yes,One year,Yes,Credit card (automatic),89.65,3348.1,No,0.2379,0,Low,2025-11-01
4343-EJVQB,Male,No,No,No,7,Yes,No,Fiber optic,Yes,No,No,No,No,No,Month-to-month,No,Mailed check,74.35,533.6,No,0.6316,0,High,2025-11-01
9000-PLFUZ,Female,Yes,Yes,No,60,No,No,DSL,No,Yes,No,No,Yes,Yes,Two year,Yes,Credit card (automatic),49.45,2907.55,No,0.1328,0,Low,2025-11-01
3427-GGZZI,Female,No,Yes,No,19,Yes,Yes,Fiber optic,No,Yes,No,No,No,Yes,Month-to-month,Yes,Electronic check,89.1,1620.8,No,0.8347,1,High,2025-10-01
7779-ORAEL,Male,Yes,Yes,No,45,Yes,Yes,DSL,Yes,No,Yes,Yes,No,Yes,Two year,No,Credit card (automatic),75.15,3480.35,No,0.0765,0,Low,2025-11-01
0644-OQMDK,Male,Yes,No,No,4,Yes,No,Fiber optic,No,No,No,No,No,No,Month-to-month,Yes,Electronic check,70.65,293.85,No,0.8734,1,High,2026-04-01
4077-CROMM,Female,No,Yes,Yes,31,Yes,Yes,Fiber optic,No,No,Yes,Yes,Yes,Yes,Month-to-month,Yes,Electronic check,104.2,3243.45,Yes,0.7536,0,High,2025-12-01
3154-CFSZG,Male,No,Yes,Yes,47,Yes,No,Fiber optic,Yes,No,Yes,No,No,Yes,Month-to-month,No,Electronic check,90.05,4137.2,No,0.4346,0,Medium,2026-06-01
2868-MZAGQ,Male,No,No,No,1,Yes,No,Fiber optic,No,No,No,No,No,Yes,Month-to-month,Yes,Electronic check,79.25,79.25,Yes,0.8919,1,High,2026-06-01
4847-QNOKA,Female,No,No,No,1,Yes,No,DSL,No,No,No,No,No,No,Month-to-month,Yes,Bank transfer (automatic),44.9,44.9,Yes,0.6695,0,High,2026-06-01
2220-IAHLS,Female,No,No,No,1,Yes,No,No,No,No,No,No,No,No,Month-to-month,No,Credit card (automatic),19.4,19.4,No,0.3762,0,Medium,2026-03-01
1658-XUHBX,Female,Yes,Yes,Yes,59,Yes,Yes,Fiber optic,No,No,Yes,No,No,Yes,Month-to-month,Yes,Credit card (automatic),88.75,5348.65,No,0.577,0,Medium,2025-12-01
6379-RXJRQ,Male,No,Yes,No,10,Yes,No,Fiber optic,No,No,No,No,No,No,Month-to-month,Yes,Electronic check,70.1,659.65,Yes,0.8219,1,High,2026-08-01
2378-HTWFW,Male,Yes,No,No,35,Yes,Yes,Fiber optic,Yes,No,No,No,No,Yes,Month-to-month,No,Credit card (automatic),91.0,3180.5,No,0.6062,0,High,2025-11-01
8650-RHRKE,Male,No,No,No,4,No,No,DSL,No,No,Yes,No,No,No,Month-to-month,Yes,Electronic check,29.65,118.5,Yes,0.7965,0,High,2026-02-01
4377-VDHYI,Male,No,Yes,Yes,32,Yes,No,Fiber optic,Yes,Yes,No,No,No,Yes,One year,Yes,Electronic check,90.8,3023.85,No,0.4288,0,Medium,2026-02-01
0475-RIJEP,Male,No,No,No,43,Yes,Yes,Fiber optic,No,Yes,No,No,No,No,Month-to-month,Yes,Electronic check,77.85,3365.85,Yes,0.6583,0,High,2026-05-01
1260-TTRXI,Male,No,No,No,4,Yes,No,DSL,No,No,No,No,No,Yes,Month-to-month,No,Electronic check,54.3,195.3,Yes,0.7083,0,High,2026-03-01
3719-TDVQB,Female,Yes,Yes,No,54,Yes,No,No,No,No,No,No,No,No,Two year,Yes,Mailed check,18.95,1031.1,No,0.0288,0,Low,2026-06-01
6328-ZPBGN,Female,Yes,No,No,11,Yes,Yes,Fiber optic,No,No,No,No,Yes,Yes,Month-to-month,Yes,Bank transfer (automatic),95.15,997.65,Yes,0.8852,1,High,2026-08-01
0201-MIBOL,Female,Yes,No,No,66,Yes,Yes,Fiber optic,Yes,No,No,No,Yes,Yes,Two year,Yes,Bank transfer (automatic),102.4,6471.85,No,0.2432,0,Low,2026-01-01
4937-QPZPO,Male,No,Yes,Yes,61,Yes,Yes,Fiber optic,No,No,Yes,No,Yes,Yes,One year,Yes,Electronic check,99.9,6241.35,No,0.5116,0,Medium,2026-07-01
2925-VDZHY,Male,No,Yes,Yes,72,Yes,Yes,DSL,Yes,Yes,Yes,Yes,Yes,Yes,Two year,No,Credit card (automatic),88.7,6501.35,No,0.0293,0,Low,2025-11-01
6981-TDRFT,Male,No,Yes,Yes,44,No,No,DSL,No,No,Yes,Yes,Yes,Yes,One year,Yes,Electronic check,54.3,2317.1,No,0.2858,0,Low,2026-07-01
3413-CSSTH,Male,No,No,No,41,Yes,Yes,DSL,No,No,Yes,No,No,No,Month-to-month,Yes,Bank transfer (automatic),55.7,2237.55,No,0.3747,0,Medium,2025-11-01
8033-VCZGH,Male,No,Yes,No,50,Yes,Yes,Fiber optic,Yes,No,Yes,No,Yes,Yes,One year,Yes,Electronic check,103.95,5231.3,No,0.535,0,Medium,2026-07-01
4789-KWMXN,Male,No,Yes,No,47,Yes,Yes,Fiber optic,Yes,No,Yes,Yes,Yes,Yes,One year,Yes,Credit card (automatic),110.85,5275.8,Yes,0.3855,0,Medium,2026-01-01
0224-NIJLP,Male,No,Yes,Yes,8,Yes,No,No,No,No,No,No,No,No,Two year,No,Mailed check,20.15,165.5,No,0.0883,0,Low,2026-08-01
7542-CYDDM,Male,No,No,No,18,Yes,No,No,No,No,No,No,No,No,Month-to-month,No,Mailed check,20.05,358.5,No,0.2365,0,Low,2025-10-01
4718-WXBGI,Male,No,Yes,Yes,72,Yes,Yes,DSL,Yes,Yes,Yes,Yes,Yes,Yes,Two year,Yes,Credit card (automatic),91.95,6614.9,No,0.0417,0,Low,2026-02-01
2867-UIMSS,Male,No,No,No,1,Yes,No,Fiber optic,No,No,No,No,No,Yes,Month-to-month,No,Electronic check,80.5,80.5,Yes,0.8485,1,High,2026-07-01
8495-PRWFH,Female,Yes,No,No,42,Yes,Yes,DSL,No,No,Yes,No,No,No,Month-to-month,No,Electronic check,55.65,2421.75,No,0.4152,0,Medium,2025-09-01
0439-IFYUN,Female,Yes,No,No,18,Yes,No,Fiber optic,No,Yes,No,No,No,No,Month-to-month,Yes,Electronic check,74.7,1294.6,No,0.7865,0,High,2025-12-01
5716-LIBJC,Female,No,No,Yes,13,Yes,Yes,Fiber optic,No,Yes,Yes,No,Yes,Yes,One year,Yes,Credit card (automatic),104.15,1299.1,No,0.6586,0,High,2025-10-01
2868-LLSKM,Female,No,Yes,Yes,68,Yes,Yes,Fiber optic,No,Yes,No,Yes,No,No,One year,Yes,Bank transfer (automatic),83.65,5733.4,No,0.1511,0,Low,2025-12-01
8111-RKSPX,Male,No,No,No,4,Yes,Yes,Fiber optic,No,No,No,No,No,No,Month-to-month,Yes,Bank transfer (automatic),72.2,305.55,Yes,0.8358,1,High,2026-01-01
2988-QRAJY,Male,No,No,No,69,Yes,Yes,Fiber optic,Yes,Yes,Yes,No,Yes,Yes,Two year,Yes,Credit card (automatic),110.05,7430.75,No,0.1919,0,Low,2026-04-01
1585-MQSSU,Male,No,No,No,17,Yes,No,DSL,No,No,No,Yes,No,No,Month-to-month,No,Mailed check,51.5,900.5,Yes,0.3665,0,Medium,2025-12-01
0071-NDAFP,Male,No,Yes,Yes,25,Yes,Yes,No,No,No,No,No,No,No,Two year,No,Credit card (automatic),25.5,630.6,No,0.054,0,Low,2025-10-01
2856-NNASM,Male,Yes,No,No,43,Yes,No,Fiber optic,No,No,No,No,Yes,Yes,Month-to-month,Yes,Mailed check,89.55,3856.75,Yes,0.7387,0,High,2025-11-01
7328-ZJAJO,Female,No,Yes,Yes,59,Yes,No,No,No,No,No,No,No,No,Two year,No,Credit card (automatic),19.5,1222.65,No,0.0103,0,Low,2026-08-01
6458-CYIDZ,Female,Yes,No,No,5,Yes,No,Fiber optic,Yes,Yes,No,No,No,No,Month-to-month,No,Electronic check,80.7,374.8,No,0.7083,0,High,2026-08-01
8559-CIZFV,Male,No,Yes,Yes,21,Yes,Yes,DSL,Yes,Yes,No,Yes,Yes,No,One year,No,Mailed check,77.5,1625.0,Yes,0.1465,0,Low,2025-11-01
1090-PYKCI,Female,No,Yes,Yes,69,Yes,Yes,Fiber optic,Yes,Yes,Yes,Yes,Yes,No,One year,Yes,Credit card (automatic),105.1,7234.8,No,0.1477,0,Low,2025-11-01
3058-WQDRE,Male,No,No,No,13,No,No,DSL,No,No,No,No,No,No,Month-to-month,Yes,Bank transfer (automatic),25.15,331.85,No,0.6604,0,High,2025-09-01
7547-EKNFS,Male,No,Yes,No,42,Yes,Yes,Fiber optic,No,Yes,Yes,No,Yes,No,Month-to-month,Yes,Bank transfer (automatic),95.25,3959.35,Yes,0.6344,0,High,2026-08-01
2279-AXJJK,Male,No,Yes,No,52,Yes,Yes,Fiber optic,No,Yes,No,Yes,No,Yes,Month-to-month,Yes,Credit card (automatic),95.65,5088.4,No,0.5267,0,Medium,2026-05-01
6769-DYBQN,Male,Yes,No,No,46,Yes,No,Fiber optic,Yes,No,No,No,No,Yes,Month-to-month,No,Electronic check,85.0,3969.4,Yes,0.5592,0,Medium,2026-06-01
0909-SELIE,Male,No,Yes,No,61,Yes,Yes,DSL,Yes,Yes,Yes,Yes,No,Yes,Two year,Yes,Bank transfer (automatic),80.8,4860.85,No,0.0493,0,Low,2025-12-01
3417-TSCIC,Male,No,No,No,29,No,No,DSL,No,No,No,No,No,No,One year,Yes,Mailed check,24.85,788.05,No,0.3448,0,Medium,2026-04-01
1042-HFUCW,Female,No,No,Yes,25,Yes,No,DSL,No,Yes,No,Yes,No,No,One year,Yes,Credit card (automatic),54.75,1266.35,No,0.1615,0,Low,2025-09-01
4439-JMPMT,Female,No,Yes,Yes,5,Yes,No,Fiber optic,No,No,No,Yes,Yes,No,Month-to-month,Yes,Electronic check,85.75,470.95,Yes,0.7807,0,High,2026-05-01
6537-OTKMY,Male,No,No,No,15,No,No,DSL,No,No,Yes,No,Yes,Yes,One year,No,Electronic check,50.75,688.2,No,0.5776,0,Medium,2026-03-01
8999-EXMNO,Female,No,Yes,Yes,19,Yes,No,No,No,No,No,No,No,No,Two year,No,Mailed check,20.15,387.7,No,0.0561,0,Low,2025-12-01
6725-TPKJO,Male,No,No,No,44,Yes,No,No,No,No,No,No,No,No,Two year,No,Mailed check,20.05,845.25,No,0.0256,0,Low,2026-05-01
2446-BEGGB,Female,Yes,No,No,6,Yes,Yes,Fiber optic,No,Yes,No,No,Yes,Yes,Month-to-month,Yes,Electronic check,98.25,560.6,Yes,0.916,1,High,2026-04-01
7162-WPHPM,Male,No,Yes,Yes,58,Yes,Yes,DSL,Yes,Yes,Yes,Yes,No,No,Two year,No,Credit card (automatic),71.6,4230.25,No,0.0213,0,Low,2026-02-01
1599-MMYRQ,Male,No,Yes,Yes,62,Yes,No,Fiber optic,Yes,Yes,No,No,No,No,One year,Yes,Credit card (automatic),81.45,4983.05,No,0.1306,0,Low,2025-11-01
8821-KVZKQ,Female,No,Yes,Yes,70,No,No,DSL,No,Yes,Yes,Yes,Yes,Yes,One year,Yes,Bank transfer (automatic),58.4,4113.15,No,0.0909,0,Low,2025-09-01
1496-GGSUK,Female,Yes,No,No,1,No,No,DSL,No,No,No,No,No,No,Month-to-month,Yes,Mailed check,25.7,25.7,Yes,0.8014,1,High,2026-08-01
6434-TTGJP,Male,No,Yes,Yes,10,No,No,DSL,Yes,Yes,Yes,Yes,No,Yes,Two year,No,Credit card (automatic),53.7,521.0,No,0.1331,0,Low,2025-12-01
0042-JVWOJ,Male,No,No,No,26,Yes,No,No,No,No,No,No,No,No,One year,Yes,Bank transfer (automatic),19.6,471.85,No,0.1273,0,Low,2025-12-01
0130-SXOUN,Male,No,No,No,66,Yes,Yes,Fiber optic,No,Yes,No,No,No,Yes,Month-to-month,No,Credit card (automatic),89.4,5976.9,No,0.4191,0,Medium,2026-05-01
2575-GFSOE,Female,No,Yes,Yes,7,Yes,No,Fiber optic,No,No,No,No,No,No,Month-to-month,Yes,Electronic check,69.0,506.9,Yes,0.8024,1,High,2025-12-01
2330-PQGDQ,Male,No,Yes,Yes,51,Yes,Yes,Fiber optic,No,Yes,No,Yes,No,No,One year,No,Bank transfer (automatic),84.2,4299.75,No,0.1668,0,Low,2026-01-01
1452-UZOSF,Male,No,Yes,Yes,72,Yes,Yes,Fiber optic,Yes,Yes,Yes,Yes,Yes,No,Two year,Yes,Credit card (automatic),106.1,7548.6,No,0.0795,0,Low,2026-05-01
2097-YVPKN,Male,No,No,No,65,Yes,Yes,No,No,No,No,No,No,No,Two year,No,Mailed check,25.75,1654.75,No,0.0143,0,Low,2026-04-01
2842-JTCCU,Male,No,No,No,2,Yes,No,DSL,No,No,No,No,No,No,Month-to-month,No,Bank transfer (automatic),46.05,80.35,Yes,0.5739,0,Medium,2026-04-01
8597-CTXVJ,Male,No,No,Yes,70,Yes,Yes,DSL,Yes,Yes,No,Yes,No,No,One year,No,Bank transfer (automatic),64.95,4551.5,No,0.0261,0,Low,2025-09-01
6631-HMANX,Male,No,Yes,No,72,Yes,Yes,DSL,No,Yes,Yes,Yes,Yes,Yes,Two year,Yes,Credit card (automatic),85.45,6227.5,No,0.0732,0,Low,2026-02-01
9962-BFPDU,Female,No,Yes,Yes,1,Yes,No,No,No,No,No,No,No,No,Month-to-month,No,Mailed check,20.05,20.05,No,0.3309,0,Medium,2026-02-01
3296-SILRA,Female,Yes,Yes,No,1,Yes,No,Fiber optic,No,Yes,No,No,No,No,Month-to-month,Yes,Mailed check,76.4,76.4,Yes,0.8163,1,High,2026-04-01
9681-OXGVC,Female,No,No,No,5,Yes,Yes,Fiber optic,No,No,Yes,No,Yes,Yes,Month-to-month,Yes,Electronic check,100.5,514.0,Yes,0.9116,1,High,2025-10-01
6394-HHHZM,Male,No,No,No,3,Yes,No,No,No,No,No,No,No,No,Month-to-month,No,Mailed check,20.7,57.5,No,0.3685,0,Medium,2025-10-01
5995-LFTLE,Male,No,No,No,58,Yes,Yes,No,No,No,No,No,No,No,Two year,Yes,Credit card (automatic),25.3,1474.35,No,0.0262,0,Low,2026-06-01
5180-UCIIQ,Male,Yes,Yes,Yes,22,No,No,DSL,Yes,No,No,No,No,Yes,Month-to-month,No,Mailed check,40.05,880.2,Yes,0.4592,0,Medium,2026-05-01
1932-UEDCX,Male,Yes,Yes,No,33,Yes,Yes,Fiber optic,No,Yes,No,No,Yes,Yes,Month-to-month,Yes,Bank transfer (automatic),100.6,3270.25,No,0.7916,0,High,2026-06-01
7153-OANIO,Male,No,No,No,1,Yes,No,Fiber optic,No,No,No,No,No,No,Month-to-month,No,Electronic check,69.95,69.95,Yes,0.8115,1,High,2025-12-01
5188-HGMLP,Male,Yes,Yes,No,54,Yes,Yes,Fiber optic,No,No,No,No,No,No,Month-to-month,No,Bank transfer (automatic),74.0,3919.15,No,0.4677,0,Medium,2026-08-01
0665-XHDJU,Male,No,Yes,No,72,Yes,Yes,Fiber optic,No,Yes,No,No,Yes,Yes,Two year,Yes,Electronic check,99.4,7285.7,No,0.3178,0,Medium,2025-12-01
6521-YYTYI,Male,No,No,Yes,1,Yes,Yes,Fiber optic,No,No,No,No,Yes,Yes,Month-to-month,Yes,Electronic check,93.3,93.3,Yes,0.9086,1,High,2026-04-01
8878-HMWBV,Male,No,No,No,3,Yes,No,DSL,No,No,Yes,No,No,No,Month-to-month,Yes,Electronic check,49.15,169.05,Yes,0.7277,0,High,2025-10-01
8265-HKSOW,Female,No,Yes,Yes,72,Yes,Yes,Fiber optic,Yes,Yes,Yes,Yes,No,Yes,Two year,No,Credit card (automatic),107.45,7658.3,No,0.0604,0,Low,2026-08-01
3544-FBCAS,Female,No,Yes,Yes,72,Yes,Yes,DSL,Yes,Yes,Yes,No,Yes,Yes,Two year,Yes,Credit card (automatic),83.6,5959.3,No,0.0528,0,Low,2025-12-01
5331-RGMTT,Male,Yes,Yes,No,54,Yes,Yes,Fiber optic,No,No,Yes,No,Yes,Yes,Month-to-month,Yes,Credit card (automatic),99.05,5295.7,No,0.7226,0,High,2026-06-01
4759-PXTAN,Female,No,Yes,No,59,Yes,Yes,DSL,No,Yes,No,Yes,Yes,Yes,One year,Yes,Electronic check,80.1,4693.2,No,0.2246,0,Low,2025-12-01
7054-DMVAS,Male,No,No,No,54,Yes,No,DSL,Yes,Yes,No,No,Yes,No,Two year,Yes,Bank transfer (automatic),65.3,3512.9,No,0.0576,0,Low,2026-06-01
3428-MMGUB,Male,No,No,No,60,Yes,Yes,Fiber optic,No,No,Yes,No,Yes,No,Two year,Yes,Electronic check,89.55,5231.2,No,0.3124,0,Medium,2026-02-01
6549-BTYPG,Female,No,Yes,No,60,No,No,DSL,No,Yes,Yes,Yes,Yes,Yes,Two year,No,Credit card (automatic),60.8,3603.45,No,0.0608,0,Low,2025-09-01
7823-JSOAG,Male,No,No,No,3,Yes,Yes,Fiber optic,No,No,No,No,No,No,Month-to-month,No,Electronic check,74.5,217.45,No,0.8356,1,High,2025-11-01
3705-RHRFR,Female,No,Yes,No,69,Yes,Yes,Fiber optic,Yes,No,No,No,Yes,Yes,Two year,No,Bank transfer (automatic),99.15,6875.35,No,0.1505,0,Low,2026-05-01
9374-YOLBJ,Female,No,Yes,Yes,1,Yes,No,No,No,No,No,No,No,No,Month-to-month,No,Electronic check,19.25,19.25,No,0.405,0,Medium,2025-11-01
9074-KGVOX,Male,No,Yes,Yes,50,No,No,DSL,Yes,No,No,No,Yes,No,Month-to-month,Yes,Credit card (automatic),39.45,2021.35,No,0.235,0,Low,2025-12-01
6128-DAFVY,Female,No,No,No,56,No,No,DSL,No,No,No,No,Yes,Yes,Month-to-month,Yes,Credit card (automatic),44.85,2564.95,No,0.3965,0,Medium,2026-03-01
9933-QRGTX,Female,No,Yes,No,60,Yes,No,Fiber optic,Yes,No,No,Yes,Yes,Yes,Two year,Yes,Electronic check,97.2,5611.75,No,0.1943,0,Low,2025-12-01
4476-OSWTN,Male,Yes,Yes,No,69,Yes,Yes,Fiber optic,Yes,No,Yes,Yes,Yes,Yes,One year,Yes,Mailed check,110.55,7610.1,No,0.325,0,Medium,2025-10-01
3751-KTZEL,Female,No,No,No,1,No,No,DSL,No,No,No,No,No,Yes,Month-to-month,No,Mailed check,35.05,35.05,Yes,0.7504,0,High,2026-04-01
1977-STDKI,Female,Yes,No,No,1,Yes,No,Fiber optic,No,Yes,No,No,No,No,Month-to-month,Yes,Electronic check,73.0,73.0,Yes,0.8642,1,High,2026-05-01
5066-GFJMM,Female,No,Yes,No,3,Yes,No,No,No,No,No,No,No,No,Month-to-month,Yes,Mailed check,19.9,45.75,No,0.4533,0,Medium,2026-05-01
2661-GKBTK,Male,No,Yes,Yes,60,Yes,No,DSL,No,Yes,No,Yes,Yes,Yes,Two year,No,Bank transfer (automatic),76.95,4543.95,No,0.041,0,Low,2026-08-01
0458-HEUZG,Female,No,No,No,13,No,No,DSL,No,No,Yes,Yes,No,No,Two year,No,Mailed check,35.4,450.4,No,0.1937,0,Low,2025-10-01
7268-WNTCP,Male,No,Yes,Yes,62,Yes,No,No,No,No,No,No,No,No,Two year,No,Bank transfer (automatic),20.45,1297.35,No,0.0091,0,Low,2026-02-01
0824-VWDPO,Female,No,No,No,45,Yes,Yes,Fiber optic,Yes,Yes,No,No,No,Yes,One year,No,Bank transfer (automatic),96.75,4442.75,No,0.2903,0,Low,2025-11-01
8409-WQJUX,Female,No,No,No,25,No,No,DSL,No,No,Yes,Yes,Yes,Yes,One year,No,Electronic check,54.2,1423.15,No,0.408,0,Medium,2026-07-01
2578-JQPHZ,Male,No,No,No,44,Yes,No,Fiber optic,No,No,Yes,Yes,Yes,Yes,Two year,No,Bank transfer (automatic),100.1,4378.35,No,0.2123,0,Low,2026-03-01
3278-FSIXX,Female,No,No,No,2,Yes,No,DSL,No,No,No,No,No,No,Month-to-month,Yes,Mailed check,45.25,74.2,No,0.6731,0,High,2025-10-01
5813-UECBU,Male,Yes,No,No,33,Yes,Yes,Fiber optic,No,Yes,Yes,No,No,No,Month-to-month,Yes,Credit card (automatic),83.85,2716.3,Yes,0.6796,0,High,2026-05-01
0328-GRPMV,Female,No,No,No,1,Yes,No,Fiber optic,No,No,No,No,No,No,Month-to-month,Yes,Electronic check,70.1,70.1,Yes,0.8598,1,High,2025-09-01
9746-UGFAC,Female,No,No,No,22,Yes,No,No,No,No,No,No,No,No,One year,No,Bank transfer (automatic),20.85,450.65,No,0.1045,0,Low,2025-12-01
2946-KIQSP,Female,No,No,No,35,No,No,DSL,No,No,Yes,Yes,No,No,Month-to-month,Yes,Mailed check,33.45,1175.85,No,0.3648,0,Medium,2026-05-01
0625-AFOHS,Female,No,Yes,Yes,29,Yes,No,No,No,No,No,No,No,No,Two year,No,Mailed check,20.2,558.8,No,0.0371,0,Low,2026-03-01
6726-WEXXK,Male,Yes,Yes,No,27,Yes,Yes,Fiber optic,Yes,No,Yes,No,No,No,One year,Yes,Electronic check,85.9,2220.1,No,0.5687,0,Medium,2026-06-01
4636-OLWOE,Male,No,No,Yes,54,Yes,No,DSL,No,Yes,Yes,Yes,No,No,One year,Yes,Electronic check,61.0,3283.05,No,0.0951,0,Low,2026-03-01
4342-HENTK,Female,Yes,No,No,2,Yes,No,Fiber optic,No,No,No,No,No,No,Month-to-month,Yes,Electronic check,70.65,142.35,Yes,0.8779,1,High,2026-07-01
4685-ERGHK,Male,No,No,No,57,Yes,Yes,Fiber optic,No,No,No,No,Yes,No,One year,Yes,Electronic check,86.9,4939.25,No,0.4869,0,Medium,2026-03-01
0885-HMGPY,Male,No,No,No,62,Yes,Yes,DSL,Yes,Yes,Yes,Yes,No,No,Two year,No,Bank transfer (automatic),69.4,4237.5,No,0.0227,0,Low,2025-09-01
5003-OKNNK,Female,No,Yes,Yes,15,Yes,No,No,No,No,No,No,No,No,One year,No,Credit card (automatic),20.35,335.95,No,0.1125,0,Low,2025-09-01
4195-SMMNX,Male,No,No,No,2,Yes,No,No,No,No,No,No,No,No,Month-to-month,No,Mailed check,20.35,33.2,Yes,0.3792,0,Medium,2026-06-01
7208-PSIHR,Female,No,Yes,No,70,Yes,Yes,Fiber optic,No,No,Yes,Yes,Yes,Yes,Two year,Yes,Bank transfer (automatic),104.3,7188.5,No,0.2093,0,Low,2025-09-01
4012-ZTHBR,Female,No,Yes,Yes,21,Yes,No,DSL,No,No,No,No,No,No,Month-to-month,Yes,Electronic check,44.95,926.25,No,0.5228,0,Medium,2026-01-01
0489-WMEMG,Female,No,No,Yes,23,Yes,No,DSL,No,No,No,Yes,No,No,One year,Yes,Electronic check,49.45,1119.35,No,0.2613,0,Low,2025-09-01
7435-ZNUYY,Male,No,No,No,6,Yes,No,No,No,No,No,No,No,No,One year,No,Mailed check,20.6,116.6,No,0.2003,0,Low,2025-12-01
1354-YZFNB,Male,No,Yes,Yes,4,Yes,No,No,No,No,No,No,No,No,Two year,No,Credit card (automatic),19.55,68.8,No,0.0988,0,Low,2026-04-01
6956-SMUCM,Female,No,No,No,3,Yes,No,Fiber optic,Yes,No,Yes,No,Yes,Yes,Month-to-month,Yes,Credit card (automatic),99.0,287.4,Yes,0.798,1,High,2025-11-01
2985-FMWYF,Female,No,No,No,23,Yes,Yes,Fiber optic,No,No,No,No,Yes,Yes,Month-to-month,Yes,Electronic check,93.5,2341.55,No,0.8779,1,High,2026-02-01
2812-ENYMO,Male,No,No,No,26,No,No,DSL,Yes,No,No,Yes,Yes,Yes,One year,No,Credit card (automatic),54.55,1362.85,No,0.2386,0,Low,2026-08-01
2717-HVIZY,Female,No,No,Yes,8,Yes,No,No,No,No,No,No,No,No,Month-to-month,No,Mailed check,20.05,163.6,No,0.2706,0,Low,2025-09-01
3223-WZWJM,Male,No,No,No,26,Yes,Yes,Fiber optic,No,No,No,No,No,Yes,Month-to-month,Yes,Electronic check,83.95,2254.2,Yes,0.8384,1,High,2025-09-01
3422-GALYP,Male,No,No,No,2,Yes,Yes,Fiber optic,No,Yes,No,No,No,No,Month-to-month,Yes,Electronic check,79.45,145.15,No,0.8639,1,High,2025-12-01
9053-JZFKV,Male,No,No,No,67,Yes,Yes,Fiber optic,Yes,Yes,Yes,Yes,Yes,Yes,Two year,No,Credit card (automatic),116.2,7752.3,Yes,0.1155,0,Low,2026-06-01
2530-ENDWQ,Female,No,Yes,No,71,Yes,Yes,Fiber optic,No,No,No,No,Yes,Yes,Two year,Yes,Bank transfer (automatic),93.7,6585.35,Yes,0.2548,0,Low,2026-01-01
2890-WFBHU,Female,No,No,No,59,Yes,Yes,DSL,Yes,Yes,Yes,Yes,No,Yes,One year,No,Credit card (automatic),79.85,4786.1,No,0.0685,0,Low,2026-04-01
0327-WFZSY,Male,No,Yes,Yes,39,Yes,Yes,Fiber optic,No,No,Yes,No,Yes,Yes,One year,No,Electronic check,100.0,3835.55,No,0.5417,0,Medium,2025-09-01
7977-HXJKU,Male,No,No,Yes,21,Yes,No,No,No,No,No,No,No,No,Two year,No,Mailed check,19.6,397.0,No,0.0532,0,Low,2026-05-01
6615-ZGEDR,Male,No,No,No,1,Yes,No,No,No,No,No,No,No,No,Month-to-month,No,Mailed check,19.7,19.7,Yes,0.3914,0,Medium,2025-09-01
7033-CLAMM,Female,No,Yes,Yes,48,Yes,No,No,No,No,No,No,No,No,Two year,No,Bank transfer (automatic),20.2,1027.25,No,0.0161,0,Low,2026-05-01
4023-RTIQM,Female,Yes,Yes,No,31,No,No,DSL,Yes,Yes,Yes,No,No,Yes,One year,Yes,Credit card (automatic),50.4,1580.1,No,0.2982,0,Low,2025-10-01
0864-FVJNJ,Female,No,Yes,Yes,64,Yes,Yes,Fiber optic,Yes,Yes,Yes,Yes,Yes,Yes,One year,No,Electronic check,113.35,7222.75,No,0.223,0,Low,2026-07-01
7356-IWLFW,Male,No,Yes,Yes,46,Yes,Yes,Fiber optic,No,Yes,No,No,No,No,Month-to-month,Yes,Bank transfer (automatic),80.0,3769.7,No,0.4924,0,Medium,2025-12-01
9541-PWTWO,Female,No,No,No,52,Yes,Yes,DSL,No,No,Yes,Yes,Yes,Yes,Two year,Yes,Bank transfer (automatic),80.95,4233.95,No,0.1317,0,Low,2025-11-01
3967-VQOGC,Female,No,Yes,Yes,67,Yes,Yes,No,No,No,No,No,No,No,Two year,Yes,Mailed check,24.9,1680.25,No,0.0148,0,Low,2026-01-01
7872-RDDLZ,Female,Yes,No,No,67,Yes,Yes,DSL,No,Yes,No,No,No,No,Month-to-month,No,Electronic check,54.9,3725.5,No,0.2059,0,Low,2025-09-01
9250-WYPLL,Female,No,No,No,5,Yes,Yes,Fiber optic,No,No,No,No,No,No,Month-to-month,No,Electronic check,75.55,413.65,Yes,0.8242,1,High,2025-10-01
6308-CQRBU,Female,No,Yes,No,71,Yes,Yes,Fiber optic,No,Yes,Yes,Yes,Yes,Yes,Two year,No,Electronic check,109.25,7707.7,No,0.1907,0,Low,2026-04-01
2754-XBHTB,Female,No,No,No,9,Yes,No,Fiber optic,No,No,No,No,Yes,No,Month-to-month,Yes,Bank transfer (automatic),77.65,714.15,Yes,0.8046,1,High,2025-12-01
1597-LHYNC,Female,Yes,No,No,26,Yes,Yes,Fiber optic,Yes,Yes,No,No,No,Yes,Month-to-month,Yes,Electronic check,95.0,2497.2,Yes,0.7765,0,High,2026-01-01
0186-CAERR,Male,No,No,No,71,Yes,Yes,Fiber optic,Yes,Yes,Yes,Yes,Yes,Yes,One year,Yes,Bank transfer (automatic),116.3,8309.55,No,0.2487,0,Low,2026-06-01
3043-SUDUA,Female,No,No,No,32,Yes,No,No,No,No,No,No,No,No,Month-to-month,No,Bank transfer (automatic),19.9,601.55,No,0.1351,0,Low,2025-10-01
5442-BHQNG,Female,No,No,No,2,Yes,No,Fiber optic,No,No,No,No,No,No,Month-to-month,No,Electronic check,70.35,139.25,No,0.803,1,High,2026-01-01
2169-RRLFW,Female,No,Yes,No,71,Yes,Yes,No,No,No,No,No,No,No,Two year,No,Credit card (automatic),25.6,1888.25,No,0.0105,0,Low,2025-11-01
5872-OEQNH,Female,No,No,No,60,No,No,DSL,Yes,No,Yes,No,No,Yes,One year,Yes,Electronic check,44.45,2773.9,No,0.1697,0,Low,2026-02-01
3162-KKZXO,Female,Yes,No,No,55,Yes,Yes,Fiber optic,No,No,Yes,No,Yes,Yes,One year,Yes,Electronic check,100.15,5409.75,No,0.6357,0,High,2025-12-01
7055-VKGDA,Male,No,No,No,54,Yes,No,Fiber optic,Yes,Yes,No,Yes,Yes,Yes,One year,Yes,Credit card (automatic),105.4,5643.4,Yes,0.2594,0,Low,2025-09-01
0754-UKWQP,Male,No,No,No,2,Yes,No,Fiber optic,No,No,Yes,No,Yes,Yes,Month-to-month,Yes,Electronic check,95.85,197.7,Yes,0.8999,1,High,2025-09-01
8873-GLDMH,Female,No,No,No,6,Yes,Yes,Fiber optic,No,No,No,No,No,No,Month-to-month,Yes,Mailed check,73.85,401.3,No,0.829,1,High,2026-07-01
5696-JVVQY,Female,No,Yes,Yes,48,Yes,No,DSL,Yes,Yes,Yes,No,No,Yes,Two year,Yes,Credit card (automatic),70.1,3238.4,No,0.0582,0,Low,2025-09-01
8946-BFWSG,Male,No,Yes,Yes,63,Yes,Yes,No,No,No,No,No,No,No,Two year,No,Mailed check,25.25,1573.05,No,0.0122,0,Low,2026-06-01
7493-TPUWZ,Male,No,No,No,1,Yes,Yes,Fiber optic,No,Yes,No,No,No,No,Month-to-month,Yes,Electronic check,79.15,79.15,Yes,0.8681,1,High,2026-07-01
0547-HURJB,Male,No,No,Yes,12,Yes,No,No,No,No,No,No,No,No,Month-to-month,No,Credit card (automatic),21.05,235.8,No,0.2305,0,Low,2026-02-01
8904-OPDCK,Male,Yes,Yes,No,54,No,No,DSL,No,No,No,No,No,No,Month-to-month,Yes,Bank transfer (automatic),24.95,1364.75,No,0.2992,0,Low,2025-12-01
8845-LWKGE,Female,No,Yes,Yes,30,Yes,No,DSL,No,No,Yes,Yes,Yes,No,One year,Yes,Electronic check,64.5,1985.15,No,0.2568,0,Low,2026-06-01
1577-HKTFG,Female,No,Yes,No,30,Yes,No,No,No,No,No,No,No,No,Month-to-month,No,Bank transfer (automatic),19.65,655.85,Yes,0.147,0,Low,2026-08-01
8752-STIVR,Female,No,No,No,4,Yes,No,Fiber optic,No,No,No,No,Yes,No,Month-to-month,Yes,Electronic check,79.0,303.15,Yes,0.8717,1,High,2025-10-01
0691-NIKRI,Female,No,No,No,40,Yes,Yes,Fiber optic,No,No,Yes,Yes,Yes,Yes,One year,Yes,Credit card (automatic),105.95,4335.2,No,0.5203,0,Medium,2026-08-01
5022-JNQEQ,Female,No,Yes,Yes,9,Yes,No,Fiber optic,No,No,No,Yes,No,No,Month-to-month,Yes,Electronic check,75.85,647.5,No,0.7192,0,High,2026-08-01
4558-FANTW,Female,No,Yes,Yes,17,Yes,No,Fiber optic,Yes,No,No,Yes,Yes,No,Month-to-month,No,Electronic check,91.85,1574.45,Yes,0.5317,0,Medium,2025-10-01
3249-VHRIP,Female,No,No,No,62,No,No,DSL,No,Yes,Yes,No,No,Yes,Two year,Yes,Credit card (automatic),43.6,2748.7,No,0.082,0,Low,2025-09-01
3736-BLEPA,Male,No,No,No,28,Yes,No,Fiber optic,No,Yes,No,Yes,Yes,No,One year,Yes,Bank transfer (automatic),91.25,2483.65,No,0.4052,0,Medium,2026-05-01
4701-LKOZD,Female,No,No,No,70,Yes,Yes,DSL,Yes,Yes,Yes,Yes,Yes,Yes,Two year,No,Credit card (automatic),89.75,6367.2,No,0.0382,0,Low,2025-09-01
6603-QWSPR,Female,No,No,No,46,Yes,No,Fiber optic,No,Yes,Yes,Yes,Yes,Yes,Two year,Yes,Bank transfer (automatic),104.4,4904.2,No,0.2485,0,Low,2026-04-01
9921-QFQUL,Female,No,Yes,No,23,Yes,Yes,Fiber optic,No,No,Yes,No,No,Yes,Month-to-month,No,Mailed check,90.15,2044.95,No,0.7226,0,High,2025-09-01
1929-ZCBHE,Male,No,Yes,Yes,47,No,No,DSL,Yes,No,Yes,Yes,No,No,One year,No,Electronic check,40.3,1794.8,No,0.0799,0,Low,2026-05-01
4378-MYPGO,Male,No,Yes,Yes,68,Yes,No,Fiber optic,Yes,Yes,Yes,No,Yes,Yes,Two year,Yes,Bank transfer (automatic),105.25,7173.15,No,0.1272,0,Low,2025-11-01
8651-ENBZX,Female,Yes,No,No,60,Yes,Yes,Fiber optic,No,No,Yes,Yes,Yes,Yes,One year,Yes,Electronic check,106.0,6441.4,Yes,0.5415,0,Medium,2025-10-01
4129-LYCOI,Female,No,No,Yes,67,Yes,Yes,Fiber optic,No,Yes,No,Yes,Yes,Yes,Two year,Yes,Electronic check,104.0,7039.05,No,0.2328,0,Low,2025-09-01
7798-JVXYM,Female,No,No,No,14,Yes,No,DSL,No,No,No,Yes,Yes,Yes,Month-to-month,Yes,Electronic check,69.65,921.4,No,0.6752,0,High,2025-11-01
8647-SDTWQ,Male,No,Yes,Yes,57,Yes,Yes,Fiber optic,No,No,No,No,No,No,Month-to-month,Yes,Electronic check,74.3,4018.35,No,0.5173,0,Medium,2026-03-01
2696-ECXKC,Female,No,Yes,Yes,55,Yes,Yes,Fiber optic,Yes,No,No,No,Yes,Yes,One year,No,Mailed check,100.9,5448.6,No,0.2795,0,Low,2025-09-01
2081-KJSQF,Male,No,No,No,1,Yes,No,No,No,No,No,No,No,No,Month-to-month,Yes,Mailed check,20.25,20.25,No,0.4818,0,Medium,2026-06-01
7623-TRNQN,Male,No,No,Yes,1,Yes,No,DSL,No,No,No,Yes,No,No,Month-to-month,Yes,Mailed check,49.9,49.9,Yes,0.545,0,Medium,2026-04-01
3323-CPBWR,Male,No,No,No,23,Yes,Yes,Fiber optic,No,No,Yes,Yes,Yes,No,Month-to-month,Yes,Credit card (automatic),96.9,2085.45,No,0.6978,0,High,2025-12-01
9330-IJWIO,Female,No,No,No,13,Yes,Yes,Fiber optic,Yes,No,No,No,Yes,Yes,Month-to-month,Yes,Electronic check,100.35,1358.85,Yes,0.8538,1,High,2026-08-01
3384-CTMSF,Male,No,Yes,No,47,Yes,Yes,Fiber optic,No,Yes,Yes,No,Yes,Yes,Month-to-month,Yes,Electronic check,104.1,5135.15,No,0.7741,0,High,2026-04-01
0902-RFHOF,Male,No,No,No,38,Yes,No,No,No,No,No,No,No,No,One year,No,Mailed check,20.1,730.1,No,0.06,0,Low,2026-05-01
9286-DOJGF,Female,Yes,Yes,No,38,Yes,Yes,Fiber optic,No,No,No,No,No,No,Month-to-month,Yes,Bank transfer (automatic),74.95,2869.85,Yes,0.6759,0,High,2025-11-01
6048-QBXKL,Female,Yes,No,No,2,Yes,Yes,DSL,No,Yes,No,No,No,No,Month-to-month,Yes,Credit card (automatic),56.55,118.25,No,0.7117,0,High,2026-05-01
9661-MHUMO,Male,Yes,Yes,Yes,1,Yes,No,DSL,No,No,No,Yes,No,No,Month-to-month,Yes,Credit card (automatic),49.25,49.25,Yes,0.5802,0,Medium,2026-03-01
7718-RXDGG,Male,No,Yes,No,15,Yes,No,Fiber optic,No,No,No,No,No,No,Month-to-month,Yes,Bank transfer (automatic),68.6,1108.6,No,0.7388,0,High,2026-08-01
1025-FALIX,Female,No,No,No,26,Yes,No,Fiber optic,No,No,No,No,No,No,Month-to-month,Yes,Credit card (automatic),69.05,1815.65,No,0.6635,0,High,2026-02-01
3451-VAWLI,Female,No,Yes,Yes,35,Yes,No,No,No,No,No,No,No,No,Two year,No,Credit card (automatic),19.7,730.4,No,0.028,0,Low,2026-05-01
3407-QGWLG,Male,No,No,Yes,3,Yes,No,No,No,No,No,No,No,No,Month-to-month,Yes,Mailed check,20.05,75.45,No,0.4057,0,Medium,2026-01-01
1842-EZJMK,Male,No,Yes,Yes,50,Yes,Yes,Fiber optic,No,Yes,No,Yes,Yes,Yes,Month-to-month,No,Electronic check,103.7,5071.05,Yes,0.5384,0,Medium,2025-09-01
2347-WKKAE,Male,No,Yes,No,42,Yes,Yes,Fiber optic,Yes,No,Yes,No,No,Yes,Month-to-month,Yes,Electronic check,94.4,4014.6,No,0.6854,0,High,2025-10-01
8735-DCXNF,Male,No,Yes,No,10,Yes,No,DSL,Yes,No,No,Yes,No,No,Month-to-month,Yes,Credit card (automatic),54.95,568.85,No,0.4021,0,Medium,2026-07-01
3214-IYUUQ,Female,No,Yes,No,61,Yes,No,Fiber optic,Yes,Yes,No,Yes,No,Yes,One year,No,Bank transfer (automatic),93.7,5860.7,No,0.1294,0,Low,2026-05-01
1936-UAFEH,Female,No,No,No,68,Yes,Yes,Fiber optic,Yes,Yes,No,Yes,Yes,Yes,Two year,No,Credit card (automatic),110.25,7279.35,No,0.105,0,Low,2026-01-01
3587-PMCOY,Male,No,No,No,10,Yes,No,Fiber optic,Yes,No,Yes,No,Yes,Yes,One year,Yes,Electronic check,98.9,1064.95,No,0.7066,0,High,2026-05-01
8079-XRJRS,Male,No,Yes,No,65,Yes,Yes,Fiber optic,Yes,Yes,Yes,No,No,No,One year,No,Electronic check,89.75,5769.6,Yes,0.1886,0,Low,2025-09-01
1027-LKKQQ,Female,No,Yes,Yes,72,Yes,No,DSL,Yes,No,Yes,Yes,Yes,Yes,Two year,Yes,Bank transfer (automatic),80.45,5886.85,No,0.0338,0,Low,2025-09-01
7148-XZPHA,Male,No,Yes,Yes,55,Yes,No,Fiber optic,No,Yes,No,Yes,No,No,Month-to-month,No,Electronic check,79.4,4238.45,No,0.2797,0,Low,2026-03-01
8073-IJDCM,Female,No,No,No,1,Yes,No,No,No,No,No,No,No,No,Month-to-month,Yes,Mailed check,20.3,20.3,Yes,0.477,0,Medium,2026-04-01
5309-TAIKL,Female,No,No,No,7,Yes,No,DSL,No,No,Yes,Yes,No,Yes,Month-to-month,No,Bank transfer (automatic),62.8,418.3,No,0.4975,0,Medium,2026-08-01
6856-RAURS,Female,No,No,No,2,Yes,Yes,Fiber optic,No,No,No,No,No,No,Month-to-month,Yes,Mailed check,74.9,136.05,No,0.845,1,High,2026-06-01
8778-LMWTJ,Female,No,No,No,9,Yes,No,Fiber optic,Yes,No,No,No,No,No,Month-to-month,Yes,Electronic check,74.85,708.2,No,0.7586,0,High,2025-12-01
9717-IOAAF,Male,No,No,Yes,27,Yes,Yes,No,No,No,No,No,No,No,Two year,Yes,Credit card (automatic),25.85,788.55,No,0.073,0,Low,2026-06-01
8884-ADFVN,Male,Yes,Yes,No,7,Yes,Yes,Fiber optic,No,No,Yes,No,Yes,Yes,Month-to-month,Yes,Electronic check,101.95,700.85,Yes,0.9219,1,High,2026-02-01
2845-KDHVX,Female,No,Yes,No,64,Yes,No,DSL,No,Yes,Yes,Yes,No,Yes,Two year,Yes,Mailed check,68.3,4378.8,No,0.0509,0,Low,2026-06-01
0848-SOMKO,Male,No,No,No,70,No,No,DSL,Yes,No,Yes,Yes,No,Yes,Two year,No,Bank transfer (automatic),48.4,3442.8,No,0.0257,0,Low,2025-11-01
2720-WGKHP,Male,Yes,No,No,2,Yes,Yes,Fiber optic,No,No,No,No,Yes,Yes,Month-to-month,Yes,Electronic check,94.0,181.7,Yes,0.9362,1,High,2025-09-01
6734-FQAJX,Male,Yes,No,No,67,Yes,No,Fiber optic,Yes,Yes,No,Yes,Yes,Yes,Two year,Yes,Electronic check,105.05,7171.7,No,0.1992,0,Low,2025-09-01
2869-ADAWR,Female,No,No,No,45,Yes,Yes,Fiber optic,No,Yes,No,No,Yes,No,Month-to-month,Yes,Credit card (automatic),89.3,4016.85,Yes,0.6207,0,High,2026-08-01
1535-VTJOQ,Female,No,No,No,24,Yes,Yes,No,No,No,No,No,No,No,Two year,No,Credit card (automatic),25.15,553.0,No,0.0686,0,Low,2025-09-01
6368-TZZDT,Male,No,Yes,Yes,4,Yes,No,No,No,No,No,No,No,No,Two year,No,Credit card (automatic),19.5,96.85,No,0.0995,0,Low,2026-08-01
0943-ZQPXH,Male,No,Yes,Yes,44,Yes,No,Fiber optic,No,No,Yes,No,Yes,Yes,Month-to-month,Yes,Bank transfer (automatic),92.95,4122.9,No,0.6267,0,High,2026-05-01
1293-BSEUN,Female,No,Yes,Yes,72,Yes,No,No,No,No,No,No,No,No,Two year,Yes,Mailed check,20.7,1482.3,No,0.0089,0,Low,2025-10-01
9894-EZEWG,Female,No,No,No,1,Yes,No,Fiber optic,No,Yes,No,No,No,No,Month-to-month,Yes,Credit card (automatic),74.3,74.3,Yes,0.7826,0,High,2026-07-01
1302-TPUBN,Male,No,No,No,66,Yes,No,No,No,No,No,No,No,No,Two year,No,Bank transfer (automatic),19.35,1240.8,No,0.0095,0,Low,2025-10-01
7851-FLGGQ,Male,No,No,No,1,No,No,DSL,No,Yes,No,Yes,No,Yes,Month-to-month,Yes,Mailed check,44.65,44.65,Yes,0.7191,0,High,2025-10-01
0637-UBJRP,Male,No,Yes,Yes,13,Yes,No,Fiber optic,Yes,No,No,No,No,Yes,Month-to-month,No,Electronic check,84.05,1095.3,Yes,0.6733,0,High,2026-03-01
0940-OUQEC,Male,No,No,No,10,Yes,Yes,Fiber optic,No,Yes,No,No,No,No,Month-to-month,Yes,Bank transfer (automatic),80.7,788.8,Yes,0.7738,0,High,2025-12-01
2378-VTKDH,Male,Yes,Yes,No,65,Yes,Yes,Fiber optic,No,Yes,Yes,No,Yes,Yes,Month-to-month,Yes,Electronic check,104.35,6578.55,No,0.7109,0,High,2025-12-01
0927-CNGRH,Male,No,No,Yes,1,Yes,No,No,No,No,No,No,No,No,Month-to-month,No,Mailed check,19.55,19.55,No,0.3387,0,Medium,2025-11-01
8608-OZTLB,Male,No,Yes,Yes,38,Yes,No,DSL,Yes,Yes,Yes,Yes,Yes,No,One year,No,Electronic check,74.05,2802.3,No,0.0972,0,Low,2026-04-01
2335-GSODA,Male,No,No,Yes,23,No,No,DSL,Yes,No,Yes,Yes,No,No,Two year,No,Mailed check,40.1,857.75,No,0.0793,0,Low,2025-09-01
1952-DVVSW,Female,No,Yes,No,10,Yes,No,No,No,No,No,No,No,No,One year,No,Mailed check,20.1,184.4,No,0.1705,0,Low,2025-11-01
0702-PGIBZ,Male,No,No,Yes,4,Yes,Yes,Fiber optic,No,Yes,No,No,Yes,Yes,Month-to-month,Yes,Electronic check,101.7,364.55,Yes,0.8802,1,High,2026-03-01
6656-GULJQ,Male,No,Yes,Yes,72,Yes,Yes,DSL,Yes,No,Yes,Yes,Yes,Yes,Two year,Yes,Credit card (automatic),83.55,6093.3,No,0.046,0,Low,2026-02-01
9853-JFZDU,Female,No,Yes,No,35,Yes,No,DSL,No,Yes,No,Yes,No,No,Month-to-month,No,Electronic check,56.85,1861.1,No,0.2522,0,Low,2026-05-01
1963-VAUKV,Female,No,No,No,1,Yes,No,No,No,No,No,No,No,No,Month-to-month,No,Mailed check,20.4,20.4,Yes,0.3851,0,Medium,2025-11-01
3777-XROBG,Female,No,Yes,Yes,58,Yes,No,No,No,No,No,No,No,No,Two year,No,Credit card (automatic),19.55,1079.65,No,0.0104,0,Low,2026-04-01
6994-FGRHH,Male,No,Yes,Yes,70,Yes,No,Fiber optic,No,Yes,Yes,Yes,Yes,Yes,One year,Yes,Electronic check,106.15,7475.1,No,0.2895,0,Low,2026-06-01
4000-VGMQP,Male,No,Yes,Yes,38,Yes,Yes,DSL,No,Yes,Yes,No,Yes,Yes,One year,No,Credit card (automatic),78.95,2862.55,No,0.2194,0,Low,2026-01-01
3999-WRNGR,Female,No,Yes,Yes,60,No,No,DSL,No,Yes,No,No,Yes,Yes,Month-to-month,Yes,Electronic check,49.75,3069.45,No,0.364,0,Medium,2025-12-01
3466-RITXD,Male,No,No,No,26,Yes,Yes,Fiber optic,Yes,Yes,No,No,Yes,No,Month-to-month,Yes,Credit card (automatic),92.4,2349.8,No,0.6494,0,High,2026-03-01
2680-XKKNJ,Female,No,No,No,8,Yes,No,DSL,Yes,Yes,No,Yes,No,No,One year,No,Bank transfer (automatic),58.2,469.25,No,0.1677,0,Low,2026-03-01
3058-HJCUY,Male,No,Yes,Yes,41,Yes,Yes,Fiber optic,No,No,Yes,Yes,Yes,Yes,One year,Yes,Electronic check,102.6,4213.35,Yes,0.5454,0,Medium,2025-10-01
2974-GGUXS,Female,Yes,Yes,No,36,Yes,Yes,Fiber optic,No,Yes,No,No,Yes,No,Month-to-month,Yes,Credit card (automatic),91.95,3301.05,No,0.7134,0,High,2026-03-01
7994-XIRTR,Male,Yes,No,No,54,Yes,No,DSL,No,No,Yes,Yes,No,Yes,One year,No,Bank transfer (automatic),65.25,3529.95,No,0.113,0,Low,2025-10-01
3259-FDWOY,Male,No,Yes,Yes,71,Yes,Yes,Fiber optic,No,Yes,Yes,No,Yes,Yes,Two year,Yes,Bank transfer (automatic),106.0,7723.7,Yes,0.2156,0,Low,2026-03-01
2101-RANCD,Female,No,No,No,55,Yes,Yes,Fiber optic,No,No,No,No,No,No,Month-to-month,Yes,Electronic check,73.1,4144.9,No,0.6051,0,High,2026-08-01
7921-BEPCI,Female,No,No,No,72,Yes,Yes,DSL,Yes,Yes,No,No,No,No,Two year,No,Bank transfer (automatic),59.75,4265.0,No,0.0215,0,Low,2026-03-01
0807-ZABDG,Female,No,No,Yes,3,Yes,No,DSL,Yes,No,No,Yes,No,No,Month-to-month,Yes,Mailed check,55.1,154.65,Yes,0.4136,0,Medium,2026-06-01
8510-TMWYB,Female,No,Yes,Yes,54,Yes,Yes,DSL,No,Yes,Yes,No,No,No,Two year,Yes,Bank transfer (automatic),59.8,3246.45,No,0.0641,0,Low,2025-12-01
3258-ZKPAI,Male,No,Yes,Yes,72,Yes,Yes,Fiber optic,Yes,Yes,Yes,Yes,Yes,Yes,Two year,Yes,Bank transfer (automatic),116.6,8337.45,No,0.1169,0,Low,2026-08-01
1428-IEDPR,Male,No,No,No,52,Yes,Yes,Fiber optic,Yes,No,Yes,Yes,Yes,Yes,Two year,Yes,Electronic check,109.3,5731.4,No,0.3007,0,Medium,2026-06-01
5298-GSTLM,Female,Yes,No,No,60,Yes,Yes,Fiber optic,Yes,No,No,No,Yes,Yes,One year,Yes,Bank transfer (automatic),101.4,6176.6,No,0.4317,0,Medium,2026-08-01
4450-YOOHP,Female,No,No,No,39,No,No,DSL,No,No,Yes,No,Yes,Yes,Month-to-month,Yes,Credit card (automatic),50.65,1905.4,No,0.5425,0,Medium,2026-05-01
6728-CZFEI,Female,No,No,No,15,Yes,No,DSL,No,No,No,No,Yes,No,One year,No,Mailed check,56.15,931.9,No,0.3491,0,Medium,2026-04-01
5748-RNCJT,Male,No,No,No,69,Yes,Yes,Fiber optic,No,No,Yes,Yes,Yes,Yes,Two year,Yes,Bank transfer (automatic),106.5,7348.8,Yes,0.2243,0,Low,2026-03-01
3653-NCRDJ,Male,No,Yes,Yes,43,Yes,No,No,No,No,No,No,No,No,One year,Yes,Mailed check,19.2,776.25,No,0.0556,0,Low,2026-08-01
6121-TNHBO,Female,Yes,No,No,63,Yes,Yes,DSL,Yes,Yes,Yes,Yes,Yes,No,One year,No,Bank transfer (automatic),83.0,5243.05,No,0.0669,0,Low,2026-07-01
5119-NZPTV,Male,Yes,Yes,No,2,Yes,No,Fiber optic,No,No,No,No,No,No,Month-to-month,No,Electronic check,70.1,141.65,No,0.8337,1,High,2026-02-01
6519-ZHPXP,Female,No,Yes,Yes,72,Yes,No,Fiber optic,Yes,Yes,Yes,Yes,Yes,Yes,Two year,Yes,Bank transfer (automatic),108.3,7679.65,No,0.0851,0,Low,2025-10-01
7739-LAXOG,Female,No,Yes,Yes,32,Yes,Yes,Fiber optic,No,No,Yes,No,No,Yes,Month-to-month,Yes,Bank transfer (automatic),91.05,2954.5,Yes,0.6925,0,High,2025-09-01
3472-QPRCH,Male,No,Yes,Yes,40,Yes,Yes,No,No,No,No,No,No,No,Two year,No,Credit card (automatic),25.25,1006.9,No,0.0298,0,Low,2025-11-01
8224-UAXBZ,Female,No,Yes,No,58,No,No,DSL,Yes,Yes,No,No,Yes,No,One year,Yes,Electronic check,45.35,2540.1,No,0.1438,0,Low,2025-09-01
9610-WCESF,Male,No,No,No,67,No,No,DSL,Yes,No,No,Yes,Yes,No,Two year,No,Electronic check,43.9,3097.2,No,0.0378,0,Low,2025-11-01
9776-CLUJA,Female,Yes,Yes,No,51,Yes,Yes,Fiber optic,Yes,No,No,No,No,No,Month-to-month,Yes,Electronic check,77.5,3807.35,Yes,0.5729,0,Medium,2025-10-01
2486-WYVVE,Male,No,Yes,No,31,Yes,Yes,DSL,No,No,Yes,Yes,Yes,Yes,One year,Yes,Mailed check,79.3,2484.0,No,0.3615,0,Medium,2026-08-01
3865-ZYKAD,Male,Yes,Yes,No,69,Yes,Yes,Fiber optic,Yes,Yes,No,No,No,No,Month-to-month,Yes,Credit card (automatic),84.9,5785.65,No,0.3404,0,Medium,2025-10-01
1422-DGUBX,Male,No,Yes,No,32,Yes,Yes,Fiber optic,No,No,No,Yes,No,No,One year,Yes,Electronic check,79.25,2619.15,No,0.517,0,Medium,2026-04-01
2999-AANRQ,Female,No,No,No,21,Yes,No,DSL,Yes,Yes,No,Yes,Yes,No,Two year,No,Credit card (automatic),71.05,1524.85,No,0.0794,0,Low,2026-01-01
8668-KNZTI,Male,No,No,No,52,Yes,No,DSL,Yes,No,Yes,No,No,No,One year,No,Electronic check,53.75,2790.65,No,0.0939,0,Low,2025-11-01
0480-KYJVA,Female,No,Yes,Yes,72,Yes,Yes,No,No,No,No,No,No,No,Two year,No,Credit card (automatic),24.25,1784.5,No,0.0079,0,Low,2026-05-01
6034-ZRYCV,Female,No,Yes,No,72,No,No,DSL,No,Yes,Yes,No,Yes,Yes,Two year,Yes,Electronic check,54.2,3937.45,Yes,0.1091,0,Low,2026-08-01
9746-YKGXB,Male,No,Yes,Yes,52,No,No,DSL,Yes,No,Yes,No,No,Yes,One year,No,Bank transfer (automatic),44.25,2276.1,No,0.0921,0,Low,2026-06-01
3926-YZVVX,Female,No,No,No,41,Yes,No,DSL,No,No,No,Yes,No,No,One year,No,Bank transfer (automatic),50.05,2029.05,No,0.099,0,Low,2026-08-01
6000-UKLWI,Male,No,No,No,41,Yes,No,No,No,No,No,No,No,No,Two year,No,Mailed check,20.15,802.35,No,0.029,0,Low,2026-04-01
2079-FBMZK,Female,No,No,No,6,Yes,No,Fiber optic,No,No,No,No,No,No,Month-to-month,Yes,Mailed check,69.25,418.4,Yes,0.795,0,High,2026-05-01
6332-FBZRI,Male,No,Yes,Yes,67,Yes,Yes,DSL,Yes,Yes,Yes,Yes,No,No,One year,Yes,Credit card (automatic),69.35,4653.25,No,0.0421,0,Low,2025-10-01
2096-XOTMO,Female,No,Yes,Yes,16,Yes,No,No,No,No,No,No,No,No,Month-to-month,No,Mailed check,19.35,275.9,No,0.2064,0,Low,2026-07-01
3266-FTKHB,Male,No,No,No,17,Yes,No,No,No,No,No,No,No,No,Two year,No,Mailed check,19.15,343.45,No,0.0781,0,Low,2026-05-01
8221-EQDGL,Male,No,Yes,No,35,Yes,No,DSL,Yes,Yes,Yes,No,No,No,Month-to-month,No,Mailed check,61.0,2130.45,No,0.194,0,Low,2025-12-01
2346-LOCWC,Female,No,Yes,Yes,58,Yes,No,No,No,No,No,No,No,No,Two year,No,Credit card (automatic),20.5,1191.4,No,0.0106,0,Low,2026-01-01
6608-QQLVK,Male,No,No,No,1,Yes,No,DSL,No,No,Yes,No,No,No,Month-to-month,Yes,Electronic check,50.5,50.5,Yes,0.738,0,High,2026-04-01
0298-XACET,Male,No,Yes,Yes,52,No,No,DSL,No,Yes,Yes,Yes,Yes,No,Two year,No,Mailed check,50.2,2554.0,No,0.0466,0,Low,2025-09-01
7560-QJAVJ,Female,No,No,No,70,Yes,No,DSL,Yes,No,Yes,Yes,Yes,Yes,Two year,No,Bank transfer (automatic),79.6,5589.45,No,0.0308,0,Low,2026-06-01
2995-YWTCD,Female,No,Yes,Yes,19,Yes,Yes,No,No,No,No,No,No,No,Two year,Yes,Bank transfer (automatic),24.9,467.7,No,0.0939,0,Low,2025-12-01
3551-HUAZH,Male,Yes,No,No,1,Yes,Yes,Fiber optic,No,No,No,No,No,No,Month-to-month,Yes,Electronic check,74.4,74.4,Yes,0.9055,1,High,2025-09-01
9137-UIYPG,Female,No,Yes,Yes,35,Yes,No,Fiber optic,Yes,No,Yes,Yes,Yes,Yes,Month-to-month,Yes,Electronic check,106.9,3756.45,No,0.5877,0,Medium,2025-12-01
2809-ZMYOQ,Female,No,No,No,32,Yes,Yes,Fiber optic,No,No,Yes,No,Yes,Yes,Month-to-month,Yes,Electronic check,101.35,3334.9,No,0.8435,1,High,2026-07-01
5084-OOVCJ,Female,No,Yes,Yes,17,Yes,No,DSL,Yes,No,No,Yes,No,No,Month-to-month,Yes,Credit card (automatic),55.35,920.5,No,0.289,0,Low,2025-12-01
0254-WWRKD,Female,No,Yes,Yes,67,Yes,No,DSL,No,Yes,No,No,No,No,One year,No,Credit card (automatic),50.55,3431.75,No,0.0407,0,Low,2026-03-01
7727-SHVZV,Female,No,No,No,9,Yes,No,No,No,No,No,No,No,No,Month-to-month,No,Bank transfer (automatic),19.5,150.35,No,0.2958,0,Low,2026-06-01
6302-JGYRJ,Male,No,No,Yes,31,Yes,Yes,DSL,No,Yes,No,Yes,Yes,Yes,One year,Yes,Mailed check,79.45,2587.7,Yes,0.2903,0,Low,2025-09-01
5339-PXDVH,Male,No,No,No,4,Yes,Yes,Fiber optic,Yes,No,No,No,Yes,No,Month-to-month,No,Electronic check,90.65,367.95,No,0.7926,0,High,2026-06-01
2205-LPVGL,Male,Yes,Yes,Yes,58,Yes,Yes,Fiber optic,Yes,Yes,No,Yes,No,No,One year,Yes,Bank transfer (automatic),89.85,5125.75,No,0.1642,0,Low,2025-12-01
8782-NUUOL,Male,No,No,No,60,Yes,No,DSL,Yes,No,Yes,Yes,Yes,Yes,One year,No,Mailed check,79.0,4801.1,No,0.0804,0,Low,2026-05-01
3685-YLCMQ,Male,No,No,No,58,Yes,Yes,Fiber optic,No,No,Yes,Yes,Yes,Yes,One year,Yes,Electronic check,104.65,6219.6,Yes,0.5121,0,Medium,2025-11-01
7601-WFVZV,Male,No,No,No,1,Yes,No,No,No,No,No,No,No,No,Month-to-month,No,Mailed check,19.55,19.55,No,0.3918,0,Medium,2025-10-01
4609-KNNWG,Female,No,Yes,Yes,27,Yes,No,No,No,No,No,No,No,No,Two year,No,Mailed check,19.9,550.1,No,0.0406,0,Low,2026-06-01
4868-AADLV,Male,Yes,Yes,Yes,66,Yes,Yes,Fiber optic,Yes,Yes,Yes,Yes,Yes,Yes,One year,Yes,Electronic check,116.25,7862.25,No,0.3448,0,Medium,2026-06-01
9529-OFXHY,Male,No,No,No,15,Yes,Yes,Fiber optic,Yes,No,No,No,Yes,No,Month-to-month,Yes,Bank transfer (automatic),87.75,1242.2,No,0.7415,0,High,2026-08-01
8634-MPHTR,Male,Yes,Yes,No,47,Yes,Yes,Fiber optic,No,No,Yes,No,Yes,Yes,Month-to-month,Yes,Electronic check,100.05,4871.05,Yes,0.8236,1,High,2026-05-01
2669-QVCRG,Female,No,No,No,41,Yes,Yes,Fiber optic,Yes,No,No,No,No,No,Month-to-month,Yes,Credit card (automatic),81.3,3190.65,No,0.51,0,Medium,2026-02-01
2478-EEWWM,Male,No,Yes,No,59,No,No,DSL,No,No,No,No,Yes,Yes,Month-to-month,Yes,Electronic check,44.3,2666.75,No,0.4587,0,Medium,2025-11-01
9174-IHETN,Female,No,No,Yes,50,Yes,No,Fiber optic,No,No,No,No,No,No,Two year,No,Credit card (automatic),70.35,3533.6,No,0.1154,0,Low,2025-12-01
2233-TXSIU,Male,No,Yes,Yes,17,No,No,DSL,Yes,No,Yes,No,Yes,No,One year,No,Credit card (automatic),44.45,792.15,No,0.2598,0,Low,2026-04-01
9644-UMGQA,Male,No,Yes,Yes,6,Yes,No,DSL,Yes,No,No,No,No,No,Month-to-month,Yes,Electronic check,49.15,295.65,No,0.5615,0,Medium,2026-01-01
3256-EZDBI,Male,Yes,Yes,No,51,No,No,DSL,No,Yes,No,No,No,No,Month-to-month,Yes,Credit card (automatic),29.45,1459.35,No,0.2986,0,Low,2026-02-01
8761-NSOBC,Male,No,No,No,44,Yes,No,Fiber optic,No,Yes,No,Yes,Yes,Yes,Month-to-month,No,Electronic check,100.55,4398.15,Yes,0.5701,0,Medium,2025-11-01
0419-YAAPX,Male,No,Yes,No,49,Yes,No,Fiber optic,No,Yes,No,No,Yes,No,Month-to-month,Yes,Credit card (automatic),85.3,4297.95,No,0.5352,0,Medium,2026-02-01
8413-VONUO,Male,No,No,No,2,Yes,No,Fiber optic,No,Yes,No,No,Yes,Yes,Month-to-month,No,Electronic check,95.65,167.3,Yes,0.844,1,High,2025-11-01
0872-CASZJ,Male,No,Yes,No,59,Yes,Yes,DSL,Yes,No,No,Yes,No,Yes,One year,Yes,Mailed check,69.1,4096.9,No,0.1104,0,Low,2025-10-01
4726-DLWQN,Male,Yes,No,No,50,Yes,Yes,DSL,Yes,Yes,No,No,Yes,No,Month-to-month,Yes,Bank transfer (automatic),70.35,3454.6,No,0.2994,0,Low,2025-10-01
8164-OCKUJ,Female,No,Yes,Yes,59,Yes,No,No,No,No,No,No,No,No,Two year,No,Mailed check,20.6,1286.0,No,0.0108,0,Low,2026-03-01
3094-JOJAI,Male,No,No,No,18,Yes,Yes,Fiber optic,No,No,No,No,No,No,Month-to-month,No,Mailed check,74.15,1387.0,No,0.7057,0,High,2026-01-01
9494-MRNYX,Male,No,No,No,10,Yes,Yes,Fiber optic,No,No,No,No,No,No,Month-to-month,No,Electronic check,75.05,786.3,No,0.8049,1,High,2025-10-01
2599-CZABP,Male,No,Yes,No,14,Yes,No,DSL,No,No,No,No,No,No,One year,No,Electronic check,44.6,641.25,No,0.3812,0,Medium,2026-03-01
7945-PRBVF,Male,No,No,No,35,Yes,No,No,No,No,No,No,No,No,Two year,No,Bank transfer (automatic),21.45,705.45,No,0.0347,0,Low,2025-10-01
4544-RXFMG,Male,No,Yes,Yes,8,Yes,No,DSL,No,No,No,No,No,No,One year,Yes,Mailed check,43.45,345.5,No,0.3966,0,Medium,2025-09-01
0859-YGKFW,Male,No,Yes,Yes,18,Yes,No,No,No,No,No,No,No,No,One year,No,Bank transfer (automatic),20.05,345.9,No,0.1002,0,Low,2025-10-01
1150-FTQGN,Female,No,Yes,Yes,60,Yes,Yes,Fiber optic,Yes,Yes,No,No,Yes,No,One year,No,Bank transfer (automatic),94.15,5811.8,No,0.169,0,Low,2026-02-01
9223-UCPVT,Female,No,No,No,1,Yes,No,Fiber optic,No,No,Yes,No,Yes,Yes,Month-to-month,No,Electronic check,94.4,94.4,Yes,0.8633,1,High,2026-08-01
7196-LIWRH,Female,No,No,No,6,Yes,No,No,No,No,No,No,No,No,Two year,No,Mailed check,19.55,124.45,No,0.1169,0,Low,2025-11-01
5448-VWNAM,Female,No,No,Yes,19,Yes,Yes,DSL,Yes,Yes,No,Yes,Yes,No,Month-to-month,Yes,Mailed check,75.9,1375.6,No,0.3496,0,Medium,2025-12-01
1177-XZBJL,Male,No,Yes,Yes,53,Yes,Yes,DSL,Yes,Yes,No,Yes,No,No,One year,No,Bank transfer (automatic),64.15,3491.55,No,0.045,0,Low,2025-11-01
3518-FSTWG,Male,Yes,Yes,No,72,Yes,Yes,Fiber optic,Yes,Yes,Yes,No,Yes,Yes,Two year,Yes,Bank transfer (automatic),109.55,7920.7,No,0.2157,0,Low,2026-01-01
9330-VOFSZ,Female,No,Yes,No,60,Yes,Yes,Fiber optic,No,Yes,Yes,Yes,Yes,Yes,Two year,Yes,Credit card (automatic),110.8,6640.7,No,0.2371,0,Low,2026-05-01
4351-QLCSU,Female,No,No,No,1,Yes,No,DSL,No,No,No,No,Yes,No,Month-to-month,Yes,Credit card (automatic),55.0,55.0,Yes,0.7105,0,High,2025-12-01
0939-EREMR,Female,No,No,Yes,13,Yes,No,DSL,No,No,Yes,Yes,No,No,Month-to-month,No,Mailed check,53.45,718.1,No,0.339,0,Medium,2026-04-01
9389-ACWBI,Female,No,Yes,Yes,5,Yes,No,Fiber optic,No,No,No,No,No,No,Month-to-month,No,Credit card (automatic),69.95,320.4,No,0.6702,0,High,2026-07-01
5419-JPRRN,Male,No,No,No,1,Yes,Yes,Fiber optic,No,No,Yes,No,Yes,Yes,Month-to-month,Yes,Electronic check,101.45,101.45,Yes,0.9196,1,High,2026-08-01
3644-QXEHN,Male,No,Yes,Yes,13,Yes,No,Fiber optic,No,No,Yes,No,Yes,Yes,Month-to-month,No,Electronic check,97.0,1334.45,No,0.7867,0,High,2026-03-01
2911-IJORQ,Male,No,No,No,37,Yes,Yes,DSL,Yes,Yes,Yes,Yes,Yes,Yes,One year,Yes,Bank transfer (automatic),90.6,3358.65,No,0.2073,0,Low,2026-05-01
5921-NGYRH,Male,No,Yes,No,64,Yes,No,Fiber optic,Yes,No,No,No,No,No,Month-to-month,Yes,Mailed check,73.55,4764.0,No,0.3043,0,Medium,2026-08-01
2100-BDNSN,Female,No,Yes,No,5,Yes,Yes,DSL,No,No,Yes,Yes,Yes,No,Month-to-month,No,Bank transfer (automatic),67.95,350.3,Yes,0.5476,0,Medium,2026-06-01
5998-DZLYR,Female,No,Yes,No,61,Yes,Yes,Fiber optic,No,Yes,No,Yes,No,Yes,Two year,Yes,Bank transfer (automatic),94.35,5703.0,No,0.1756,0,Low,2025-12-01
0488-GSLFR,Female,No,No,No,1,Yes,No,Fiber optic,No,No,No,No,No,No,Month-to-month,Yes,Electronic check,69.5,69.5,Yes,0.8606,1,High,2025-10-01
9318-NKNFC,Male,No,No,No,1,Yes,No,No,No,No,No,No,No,No,Month-to-month,Yes,Mailed check,18.85,18.85,Yes,0.4856,0,Medium,2025-10-01
3985-HOYPM,Male,No,No,No,26,Yes,No,No,No,No,No,No,No,No,One year,No,Mailed check,19.4,525.55,No,0.0976,0,Low,2026-07-01
9728-FTTVZ,Female,No,No,No,1,Yes,No,Fiber optic,No,No,No,No,No,No,Month-to-month,Yes,Electronic check,69.2,69.2,Yes,0.861,1,High,2026-03-01
9548-LERKT,Male,No,Yes,No,24,Yes,No,No,No,No,No,No,No,No,Two year,No,Mailed check,19.75,483.15,No,0.0581,0,Low,2025-12-01
6576-FBXOJ,Male,No,Yes,No,17,No,No,DSL,No,No,Yes,Yes,Yes,Yes,One year,No,Electronic check,54.6,934.8,No,0.4747,0,Medium,2026-01-01
4310-KEDTB,Female,No,No,Yes,26,No,No,DSL,No,No,Yes,No,No,No,Month-to-month,Yes,Mailed check,29.8,786.5,No,0.479,0,Medium,2025-12-01
7254-IQWOZ,Male,No,No,No,1,Yes,No,Fiber optic,No,No,No,No,No,No,Month-to-month,Yes,Electronic check,69.65,69.65,Yes,0.8627,1,High,2026-06-01
2474-BRUCM,Male,Yes,Yes,No,40,Yes,Yes,Fiber optic,Yes,No,No,No,Yes,Yes,Month-to-month,No,Electronic check,101.85,4086.3,Yes,0.7144,0,High,2026-04-01
4062-HBMOS,Male,No,No,No,52,Yes,Yes,Fiber optic,No,Yes,Yes,No,Yes,Yes,Month-to-month,Yes,Electronic check,103.05,5364.8,No,0.7445,0,High,2026-07-01
0742-NXBGR,Female,No,No,No,1,Yes,No,Fiber optic,No,Yes,Yes,No,No,No,Month-to-month,Yes,Electronic check,82.3,82.3,Yes,0.8254,1,High,2025-12-01
2676-ISHSF,Male,No,No,No,1,Yes,No,No,No,No,No,No,No,No,Month-to-month,No,Mailed check,20.3,20.3,No,0.3898,0,Medium,2026-02-01
9236-NDUCW,Female,No,No,No,21,No,No,DSL,Yes,No,No,Yes,No,No,Two year,No,Mailed check,35.1,770.4,No,0.108,0,Low,2025-10-01
4753-PADAS,Female,No,Yes,No,67,Yes,Yes,Fiber optic,No,Yes,Yes,No,Yes,Yes,One year,Yes,Bank transfer (automatic),105.7,6816.95,No,0.3867,0,Medium,2026-08-01
6103-QCKFX,Female,No,Yes,Yes,44,Yes,No,DSL,Yes,No,No,Yes,No,No,Month-to-month,No,Bank transfer (automatic),56.25,2419.55,No,0.0967,0,Low,2026-03-01
7781-EWARA,Male,No,Yes,Yes,70,No,No,DSL,No,Yes,Yes,Yes,Yes,Yes,One year,No,Electronic check,60.35,4138.7,No,0.0909,0,Low,2026-03-01
6110-OHIHY,Male,No,No,No,3,Yes,No,Fiber optic,No,No,No,No,Yes,No,Month-to-month,No,Electronic check,79.25,267.6,Yes,0.8315,1,High,2026-01-01
7018-FPXHH,Male,No,Yes,Yes,56,Yes,No,DSL,Yes,Yes,Yes,No,No,No,Two year,Yes,Bank transfer (automatic),59.8,3457.45,No,0.0333,0,Low,2025-12-01
5889-LFOLL,Female,No,No,No,13,Yes,Yes,Fiber optic,No,No,No,No,No,Yes,Month-to-month,Yes,Electronic check,84.6,1115.2,Yes,0.8784,1,High,2026-08-01
5708-EVONK,Female,No,Yes,Yes,58,Yes,Yes,Fiber optic,Yes,Yes,No,No,No,Yes,Month-to-month,Yes,Bank transfer (automatic),93.4,5435.6,Yes,0.4029,0,Medium,2026-02-01
8708-XPXHZ,Female,No,Yes,Yes,42,Yes,Yes,Fiber optic,No,No,No,No,Yes,Yes,Month-to-month,Yes,Electronic check,94.2,4186.3,Yes,0.7762,0,High,2026-05-01
0616-ATFGB,Male,Yes,Yes,No,1,No,No,DSL,No,No,No,No,No,No,Month-to-month,No,Electronic check,25.05,25.05,Yes,0.7935,0,High,2025-09-01
0572-ZJKLT,Female,No,Yes,Yes,46,Yes,Yes,Fiber optic,Yes,No,Yes,Yes,No,Yes,Two year,No,Mailed check,99.65,4630.2,No,0.1262,0,Low,2025-12-01
5135-RDDQL,Female,No,Yes,Yes,63,Yes,No,DSL,Yes,No,No,No,No,No,Two year,Yes,Bank transfer (automatic),50.65,3221.25,No,0.0281,0,Low,2026-06-01
1353-LJWEM,Male,No,No,No,11,Yes,No,DSL,No,Yes,Yes,Yes,No,No,Month-to-month,Yes,Electronic check,60.9,688.5,No,0.5354,0,Medium,2025-10-01
1794-SWWKL,Male,No,Yes,Yes,15,Yes,Yes,DSL,No,No,Yes,Yes,No,No,Month-to-month,Yes,Bank transfer (automatic),59.65,867.1,No,0.4506,0,Medium,2025-10-01
6166-YIPFO,Male,No,Yes,No,72,No,No,DSL,Yes,Yes,Yes,Yes,Yes,Yes,Two year,Yes,Electronic check,64.7,4746.05,No,0.0618,0,Low,2026-06-01
7016-BPGEU,Female,No,No,No,29,No,No,DSL,No,No,No,No,No,No,Month-to-month,Yes,Credit card (automatic),25.1,712.85,Yes,0.4974,0,Medium,2025-12-01
6876-ADESB,Male,No,No,Yes,1,Yes,No,DSL,No,No,Yes,No,No,No,Month-to-month,No,Electronic check,48.95,48.95,Yes,0.6104,0,High,2025-12-01
9332-GYWLO,Female,No,Yes,Yes,6,Yes,No,DSL,No,No,No,No,Yes,No,Month-to-month,No,Electronic check,54.85,355.1,No,0.6168,0,High,2026-03-01
1963-SVUCV,Male,No,No,No,1,Yes,No,DSL,No,No,No,No,No,No,Month-to-month,No,Electronic check,45.3,45.3,Yes,0.672,0,High,2025-11-01
4184-VODJZ,Male,No,Yes,Yes,63,Yes,Yes,Fiber optic,No,Yes,No,No,No,Yes,One year,Yes,Electronic check,91.35,5764.7,No,0.3825,0,Medium,2025-09-01
0220-EBGCE,Male,No,No,No,2,Yes,No,Fiber optic,No,No,Yes,No,No,Yes,Month-to-month,Yes,Electronic check,85.85,167.3,Yes,0.8819,1,High,2025-09-01
1092-WPIVQ,Female,No,Yes,Yes,18,Yes,Yes,No,No,No,No,No,No,No,Two year,No,Mailed check,25.1,428.45,No,0.0728,0,Low,2025-09-01
7233-IOQNP,Female,No,Yes,No,43,No,No,DSL,Yes,No,No,Yes,No,No,Month-to-month,No,Bank transfer (automatic),34.0,1505.35,No,0.1553,0,Low,2025-10-01
2834-JKOOW,Female,No,No,No,15,No,No,DSL,Yes,Yes,Yes,Yes,No,No,One year,No,Mailed check,45.9,693.45,No,0.1884,0,Low,2026-05-01
2754-VDLTR,Male,No,No,Yes,10,Yes,Yes,Fiber optic,No,No,No,No,Yes,Yes,Month-to-month,No,Electronic check,95.2,930.4,Yes,0.8408,1,High,2025-12-01
2400-FEQME,Male,No,Yes,Yes,55,Yes,No,No,No,No,No,No,No,No,Two year,No,Mailed check,20.5,1177.95,No,0.013,0,Low,2025-09-01
3190-XFANI,Male,No,No,Yes,49,Yes,Yes,Fiber optic,No,No,No,Yes,Yes,Yes,One year,Yes,Bank transfer (automatic),100.6,5069.65,Yes,0.4153,0,Medium,2025-09-01
7551-DACSP,Male,No,Yes,Yes,6,Yes,No,DSL,No,Yes,Yes,No,No,No,Month-to-month,Yes,Mailed check,55.3,324.25,Yes,0.5323,0,Medium,2026-02-01
4957-SREEC,Male,No,Yes,Yes,70,Yes,No,No,No,No,No,No,No,No,Two year,No,Credit card (automatic),20.35,1458.1,No,0.0065,0,Low,2026-07-01
7235-NXZCP,Male,Yes,No,No,2,Yes,Yes,Fiber optic,No,No,No,No,No,No,Month-to-month,Yes,Mailed check,74.85,156.4,Yes,0.8716,1,High,2026-01-01
0230-UBYPQ,Male,Yes,Yes,No,63,No,No,DSL,Yes,No,No,Yes,No,No,One year,No,Bank transfer (automatic),36.1,2298.9,No,0.048,0,Low,2025-09-01
4923-ADWXJ,Female,No,No,No,25,Yes,No,DSL,No,Yes,No,Yes,No,Yes,Month-to-month,Yes,Bank transfer (automatic),65.8,1679.65,No,0.4101,0,Medium,2025-11-01
1763-KUAAW,Female,Yes,No,No,18,Yes,No,No,No,No,No,No,No,No,One year,No,Bank transfer (automatic),20.35,369.6,No,0.1449,0,Low,2026-02-01
1104-TNLZA,Male,Yes,Yes,No,28,Yes,Yes,Fiber optic,No,Yes,No,Yes,Yes,Yes,Month-to-month,Yes,Electronic check,105.8,2998.0,No,0.8178,1,High,2025-11-01
5195-KPUNQ,Female,Yes,No,No,53,Yes,No,Fiber optic,Yes,Yes,No,Yes,No,Yes,One year,Yes,Mailed check,96.75,5206.55,No,0.2558,0,Low,2026-08-01
0520-FDVVT,Male,No,No,No,35,Yes,No,Fiber optic,No,Yes,Yes,No,Yes,Yes,One year,Yes,Bank transfer (automatic),102.35,3626.1,Yes,0.5299,0,Medium,2026-06-01
3439-GVUSX,Male,No,No,No,1,No,No,DSL,No,No,No,No,No,No,Month-to-month,No,Mailed check,24.4,24.4,No,0.7022,0,High,2026-01-01
1444-VVSGW,Male,No,Yes,No,70,Yes,Yes,Fiber optic,Yes,Yes,Yes,Yes,Yes,Yes,One year,No,Credit card (automatic),115.65,7968.85,Yes,0.1822,0,Low,2026-08-01
5712-PTIWW,Male,No,No,No,2,Yes,No,Fiber optic,No,No,Yes,Yes,No,No,Month-to-month,Yes,Electronic check,79.85,152.45,Yes,0.7981,1,High,2025-12-01
5949-HGVJL,Female,No,Yes,No,26,Yes,No,DSL,No,Yes,No,Yes,Yes,Yes,Month-to-month,Yes,Electronic check,73.05,1959.5,No,0.5554,0,Medium,2025-10-01
5203-XEHAX,Female,No,No,No,34,Yes,No,DSL,Yes,Yes,No,No,No,Yes,One year,No,Electronic check,64.35,2053.05,No,0.1869,0,Low,2026-08-01
1635-HDGFT,Female,No,No,Yes,19,Yes,No,No,No,No,No,No,No,No,Two year,No,Mailed check,20.5,398.55,No,0.0566,0,Low,2026-08-01
3315-TOTBP,Male,No,No,No,15,Yes,Yes,Fiber optic,No,No,No,No,No,No,Month-to-month,Yes,Mailed check,76.0,1130.85,Yes,0.7879,0,High,2025-12-01
8050-XGRVL,Female,No,Yes,Yes,62,Yes,No,DSL,Yes,No,Yes,No,No,No,One year,No,Credit card (automatic),54.75,3425.35,No,0.0382,0,Low,2026-04-01
6661-HBGWL,Female,Yes,No,No,42,Yes,Yes,Fiber optic,No,Yes,Yes,No,Yes,Yes,Month-to-month,Yes,Bank transfer (automatic),104.75,4323.45,Yes,0.7491,0,High,2025-11-01
1518-VOWAV,Female,No,No,No,9,Yes,No,DSL,Yes,Yes,No,No,Yes,Yes,Month-to-month,Yes,Electronic check,74.65,703.55,Yes,0.6626,0,High,2026-04-01
9828-QHFBK,Male,No,No,No,24,Yes,No,DSL,Yes,No,No,No,No,No,Month-to-month,Yes,Electronic check,51.15,1275.7,No,0.459,0,Medium,2026-05-01
3908-MKIMJ,Male,Yes,Yes,No,68,No,No,DSL,Yes,Yes,Yes,No,No,No,Two year,Yes,Electronic check,41.95,2965.75,No,0.0558,0,Low,2026-05-01
5012-YSPJJ,Male,No,Yes,Yes,31,Yes,No,DSL,No,No,Yes,Yes,No,No,Month-to-month,No,Mailed check,54.35,1647.0,No,0.2123,0,Low,2026-03-01
5909-ECHUI,Female,No,No,No,1,Yes,No,DSL,No,No,No,No,No,Yes,Month-to-month,Yes,Electronic check,56.25,56.25,Yes,0.7911,0,High,2026-05-01
1309-BXVOQ,Male,No,Yes,No,21,Yes,Yes,Fiber optic,No,No,Yes,Yes,Yes,Yes,Month-to-month,Yes,Electronic check,106.1,2249.95,Yes,0.831,1,High,2026-03-01
6728-VOIFY,Female,No,Yes,No,63,Yes,No,Fiber optic,No,Yes,No,No,Yes,Yes,One year,Yes,Electronic check,96.0,6109.75,No,0.4426,0,Medium,2026-06-01
9317-WZPGV,Female,Yes,No,No,2,Yes,No,Fiber optic,No,No,No,No,No,Yes,Month-to-month,Yes,Bank transfer (automatic),79.75,159.4,Yes,0.8678,1,High,2025-11-01
4891-NLUBA,Female,No,Yes,Yes,61,No,No,DSL,No,Yes,Yes,Yes,Yes,Yes,Two year,Yes,Bank transfer (automatic),61.45,3751.15,No,0.0675,0,Low,2026-02-01
2856-HYAPG,Female,No,No,No,1,Yes,No,Fiber optic,No,No,No,No,No,No,Month-to-month,No,Electronic check,68.65,68.65,Yes,0.8108,1,High,2026-01-01
8969-PRHFK,Male,No,No,No,18,Yes,No,No,No,No,No,No,No,No,One year,No,Mailed check,19.65,411.25,No,0.133,0,Low,2026-03-01
0661-KQHNK,Female,No,Yes,Yes,6,Yes,No,No,No,No,No,No,No,No,One year,No,Credit card (automatic),19.0,105.5,No,0.1575,0,Low,2025-10-01
8709-KRDVL,Female,No,No,No,33,Yes,Yes,Fiber optic,No,Yes,No,No,Yes,Yes,Month-to-month,Yes,Electronic check,100.0,3320.6,No,0.8206,1,High,2025-12-01
4488-PSYCG,Male,No,No,No,16,Yes,No,No,No,No,No,No,No,No,Month-to-month,No,Bank transfer (automatic),20.25,327.45,Yes,0.2409,0,Low,2026-08-01
1427-VERSM,Female,No,Yes,No,56,Yes,No,Fiber optic,No,No,Yes,Yes,Yes,Yes,Month-to-month,Yes,Electronic check,98.7,5669.5,No,0.6216,0,High,2025-10-01
9801-NOSHQ,Male,No,No,Yes,23,Yes,No,No,No,No,No,No,No,No,One year,No,Mailed check,19.8,465.45,No,0.0887,0,Low,2026-04-01
6339-YPSAH,Male,No,No,No,9,Yes,No,Fiber optic,No,No,Yes,No,No,No,Month-to-month,Yes,Electronic check,73.8,704.3,No,0.826,1,High,2026-04-01
3621-CEOVK,Female,Yes,Yes,No,14,Yes,Yes,Fiber optic,No,Yes,No,No,Yes,Yes,Month-to-month,Yes,Electronic check,100.2,1369.8,Yes,0.8967,1,High,2026-02-01
6906-ANDWJ,Male,No,Yes,Yes,15,Yes,Yes,Fiber optic,No,No,No,No,No,No,Month-to-month,Yes,Bank transfer (automatic),74.9,1107.25,Yes,0.7346,0,High,2025-09-01
2159-TURXX,Male,No,No,No,5,Yes,No,No,No,No,No,No,No,No,Month-to-month,No,Credit card (automatic),20.05,95.55,No,0.3393,0,Medium,2025-09-01
1548-FEHVL,Male,No,Yes,No,61,Yes,Yes,Fiber optic,Yes,Yes,No,No,Yes,Yes,Month-to-month,Yes,Electronic check,106.2,6375.2,No,0.6091,0,High,2025-12-01
3795-CAWEX,Male,No,Yes,Yes,70,Yes,Yes,Fiber optic,Yes,Yes,Yes,Yes,Yes,Yes,Two year,Yes,Credit card (automatic),116.55,8152.3,No,0.1239,0,Low,2025-10-01
6215-NQCPY,Male,No,No,No,15,Yes,Yes,Fiber optic,Yes,No,No,No,Yes,Yes,Month-to-month,Yes,Electronic check,99.7,1566.75,No,0.8511,1,High,2025-10-01
5647-URDKA,Male,No,Yes,Yes,8,Yes,No,No,No,No,No,No,No,No,Two year,No,Mailed check,19.7,130.25,No,0.088,0,Low,2025-10-01
2229-DPMBI,Female,No,Yes,Yes,8,Yes,No,No,No,No,No,No,No,No,Two year,No,Mailed check,19.5,162.15,No,0.0873,0,Low,2025-11-01
9626-WEQRM,Female,No,No,No,4,No,No,DSL,Yes,No,No,No,No,No,Month-to-month,Yes,Mailed check,29.15,110.05,No,0.6584,0,High,2026-07-01
2188-SXWVT,Female,No,No,No,34,Yes,No,DSL,Yes,Yes,No,No,No,No,One year,No,Mailed check,55.0,1885.15,No,0.1098,0,Low,2026-04-01
6258-PVZWJ,Male,No,Yes,No,68,Yes,Yes,DSL,Yes,Yes,Yes,Yes,Yes,Yes,Two year,Yes,Credit card (automatic),90.8,6302.85,No,0.0587,0,Low,2025-09-01
1094-BKOSX,Female,No,Yes,Yes,45,No,No,DSL,No,Yes,Yes,Yes,No,Yes,One year,No,Bank transfer (automatic),51.0,2264.5,No,0.1071,0,Low,2026-04-01
6969-MVBAI,Female,Yes,No,No,9,Yes,Yes,Fiber optic,No,No,Yes,No,Yes,No,Month-to-month,Yes,Electronic check,90.1,816.8,No,0.8953,1,High,2025-10-01
2978-XXSOG,Female,No,No,No,22,Yes,Yes,DSL,Yes,No,No,Yes,No,No,Month-to-month,Yes,Mailed check,59.05,1253.5,No,0.3692,0,Medium,2026-02-01
2342-CKIAO,Female,No,No,No,2,Yes,No,No,No,No,No,No,No,No,Month-to-month,No,Mailed check,20.3,41.2,No,0.3753,0,Medium,2025-09-01
6953-PBDIN,Male,No,Yes,No,70,Yes,Yes,DSL,No,Yes,Yes,Yes,Yes,No,Two year,No,Bank transfer (automatic),72.95,5265.55,No,0.036,0,Low,2025-10-01
3898-BSJYF,Female,No,No,Yes,10,Yes,Yes,DSL,Yes,No,Yes,Yes,No,Yes,One year,No,Credit card (automatic),73.55,693.3,No,0.2229,0,Low,2025-10-01
3938-YFPXD,Male,No,No,No,72,Yes,Yes,DSL,Yes,No,Yes,Yes,Yes,Yes,Two year,No,Credit card (automatic),84.3,5997.1,No,0.0393,0,Low,2026-02-01
7696-AMHOD,Female,No,Yes,Yes,49,Yes,No,DSL,No,Yes,Yes,No,Yes,Yes,One year,No,Credit card (automatic),78.0,3824.2,No,0.1349,0,Low,2026-02-01
2453-SAFNS,Female,Yes,No,No,54,Yes,Yes,DSL,No,Yes,No,Yes,Yes,No,One year,No,Mailed check,72.1,3886.05,No,0.1243,0,Low,2026-01-01
9558-IHEZX,Female,No,No,No,71,Yes,Yes,Fiber optic,Yes,Yes,Yes,No,Yes,Yes,Two year,Yes,Credit card (automatic),106.75,7283.25,No,0.1755,0,Low,2026-04-01
9617-UDPEU,Female,No,No,No,22,Yes,No,No,No,No,No,No,No,No,One year,Yes,Mailed check,19.25,412.55,No,0.1541,0,Low,2026-05-01
6340-DACFT,Female,No,Yes,Yes,50,Yes,No,No,No,No,No,No,No,No,Two year,No,Credit card (automatic),20.55,1070.25,No,0.015,0,Low,2026-05-01
4955-VCWBI,Female,No,Yes,Yes,43,Yes,No,No,No,No,No,No,No,No,One year,No,Mailed check,20.0,817.95,No,0.0382,0,Low,2026-03-01
6813-GZQCG,Female,No,Yes,Yes,45,Yes,Yes,No,No,No,No,No,No,No,Two year,Yes,Credit card (automatic),24.65,1171.3,No,0.0349,0,Low,2026-03-01
7426-GSWPO,Male,Yes,No,No,64,Yes,Yes,Fiber optic,Yes,Yes,No,No,Yes,Yes,Month-to-month,Yes,Bank transfer (automatic),103.5,6548.65,No,0.5514,0,Medium,2026-02-01
3389-KTRXV,Female,No,Yes,Yes,23,Yes,Yes,No,No,No,No,No,No,No,Two year,No,Mailed check,23.85,625.65,No,0.0617,0,Low,2025-11-01
3118-UHVVQ,Female,No,Yes,No,68,Yes,Yes,No,No,No,No,No,No,No,Two year,No,Credit card (automatic),25.8,1911.5,No,0.0121,0,Low,2026-02-01
1031-IIDEO,Female,No,No,No,1,Yes,No,Fiber optic,No,No,No,No,No,No,Month-to-month,Yes,Electronic check,70.85,70.85,Yes,0.8588,1,High,2025-09-01
5832-XKAES,Male,No,No,No,2,Yes,No,Fiber optic,No,No,No,No,No,No,Month-to-month,Yes,Credit card (automatic),69.8,134.7,Yes,0.809,1,High,2026-08-01
3205-MXZRA,Male,No,No,No,26,Yes,No,DSL,No,No,No,Yes,Yes,No,One year,No,Credit card (automatic),59.45,1507.0,No,0.1976,0,Low,2026-01-01
4701-AHWMW,Male,No,Yes,No,55,No,No,DSL,No,No,Yes,Yes,Yes,Yes,Month-to-month,Yes,Bank transfer (automatic),54.55,2978.3,Yes,0.3289,0,Medium,2026-06-01
8317-BVKSO,Male,No,No,No,14,Yes,No,No,No,No,No,No,No,No,Month-to-month,Yes,Electronic check,20.05,299.3,No,0.4228,0,Medium,2026-08-01
5702-KVQRD,Male,No,Yes,No,71,Yes,No,DSL,Yes,No,Yes,Yes,Yes,Yes,Two year,Yes,Electronic check,82.55,5832.65,No,0.0617,0,Low,2026-02-01
0083-PIVIK,Male,No,No,No,64,Yes,Yes,DSL,Yes,Yes,Yes,Yes,Yes,No,One year,No,Electronic check,81.25,5567.55,No,0.0835,0,Low,2026-07-01
9210-IAHGH,Female,No,No,No,7,Yes,No,DSL,No,No,No,Yes,Yes,Yes,Month-to-month,Yes,Credit card (automatic),70.75,450.8,Yes,0.6421,0,High,2026-02-01
6169-PGNCD,Female,No,No,No,57,Yes,No,DSL,Yes,Yes,Yes,Yes,Yes,No,Two year,Yes,Credit card (automatic),74.3,4166.35,No,0.0385,0,Low,2025-10-01
0023-XUOPT,Female,No,Yes,No,13,Yes,Yes,Fiber optic,No,Yes,Yes,No,Yes,No,Month-to-month,No,Electronic check,94.1,1215.6,Yes,0.7848,0,High,2025-09-01
4592-IWTJI,Female,No,Yes,Yes,3,No,No,DSL,Yes,No,No,No,No,No,Month-to-month,No,Credit card (automatic),29.7,91.7,Yes,0.5074,0,Medium,2025-10-01
4909-JOUPP,Male,Yes,Yes,No,72,Yes,Yes,Fiber optic,No,Yes,Yes,Yes,Yes,Yes,Two year,No,Credit card (automatic),109.7,7898.45,No,0.1681,0,Low,2026-08-01
4657-FWVFY,Female,No,Yes,Yes,40,Yes,Yes,Fiber optic,No,Yes,Yes,No,Yes,No,Month-to-month,Yes,Credit card (automatic),96.35,3915.4,No,0.5958,0,Medium,2026-02-01
2257-BOVXD,Male,No,Yes,No,14,Yes,Yes,DSL,No,No,No,Yes,Yes,No,Month-to-month,Yes,Credit card (automatic),66.6,979.5,No,0.5811,0,Medium,2025-12-01
7729-JTEEC,Male,No,Yes,Yes,2,Yes,No,DSL,No,No,No,No,No,No,Month-to-month,Yes,Electronic check,44.5,90.05,No,0.695,0,High,2026-02-01
7632-MNYOY,Male,Yes,No,No,66,Yes,Yes,Fiber optic,No,Yes,Yes,Yes,Yes,Yes,One year,No,Credit card (automatic),110.9,7432.05,Yes,0.3118,0,Medium,2025-12-01
6518-LGAOV,Female,No,Yes,No,38,Yes,Yes,Fiber optic,No,No,Yes,Yes,Yes,Yes,Month-to-month,Yes,Electronic check,105.0,4026.4,Yes,0.7657,0,High,2026-07-01
7242-QZLXF,Male,No,No,Yes,1,No,No,DSL,No,No,No,No,No,No,Month-to-month,Yes,Electronic check,25.3,25.3,Yes,0.7865,0,High,2026-08-01
4576-CSAJH,Male,No,No,No,22,Yes,No,DSL,No,Yes,No,Yes,No,No,One year,Yes,Credit card (automatic),55.15,1193.05,Yes,0.2178,0,Low,2025-10-01
1000-AJSLD,Male,No,No,No,1,Yes,No,No,No,No,No,No,No,No,Month-to-month,Yes,Mailed check,20.1,20.1,Yes,0.4822,0,Medium,2026-05-01
9696-RMYBA,Male,No,No,No,5,Yes,No,Fiber optic,No,No,No,No,Yes,No,Month-to-month,Yes,Mailed check,80.1,398.55,No,0.83,1,High,2026-01-01
8690-UPCZI,Male,No,Yes,Yes,29,Yes,Yes,DSL,Yes,No,No,Yes,Yes,No,One year,No,Bank transfer (automatic),69.05,1958.45,No,0.1296,0,Low,2025-09-01
1062-LHZOD,Male,No,Yes,Yes,1,Yes,No,Fiber optic,No,No,No,No,No,No,Month-to-month,Yes,Mailed check,69.9,69.9,Yes,0.7832,0,High,2026-08-01
9770-LXDBK,Female,No,No,No,3,Yes,No,No,No,No,No,No,No,No,Month-to-month,No,Mailed check,20.4,63.15,No,0.3652,0,Medium,2025-09-01
4086-WITJG,Male,No,Yes,Yes,71,Yes,No,No,No,No,No,No,No,No,Two year,No,Credit card (automatic),19.7,1301.1,No,0.0061,0,Low,2025-11-01
8344-WFMFH,Male,No,No,Yes,9,Yes,No,DSL,No,Yes,No,No,No,No,Month-to-month,Yes,Electronic check,50.1,484.05,No,0.5993,0,Medium,2025-09-01
9600-NAXZN,Male,No,No,No,43,Yes,Yes,Fiber optic,No,Yes,No,No,Yes,Yes,Month-to-month,Yes,Electronic check,101.4,4528.0,Yes,0.7898,0,High,2026-02-01
8822-KNBHV,Female,No,No,No,48,Yes,Yes,DSL,Yes,Yes,Yes,No,Yes,Yes,One year,Yes,Credit card (automatic),83.45,3887.85,No,0.2065,0,Low,2026-04-01
8404-FYDIB,Male,No,No,No,26,Yes,Yes,Fiber optic,Yes,Yes,No,No,No,No,Month-to-month,Yes,Credit card (automatic),86.65,2208.75,No,0.5886,0,Medium,2025-12-01
2791-SFVEW,Female,No,No,No,9,Yes,No,No,No,No,No,No,No,No,Month-to-month,No,Bank transfer (automatic),20.15,238.15,No,0.2984,0,Low,2025-09-01
6457-USBER,Male,No,No,No,1,Yes,No,Fiber optic,No,No,No,No,No,Yes,Month-to-month,Yes,Electronic check,80.8,80.8,Yes,0.8903,1,High,2025-10-01
6762-NSODU,Female,No,Yes,Yes,46,Yes,No,No,No,No,No,No,No,No,Two year,No,Credit card (automatic),19.4,958.15,No,0.0178,0,Low,2026-08-01
4662-EKDPQ,Male,No,No,No,2,Yes,Yes,DSL,No,No,No,No,No,Yes,Month-to-month,No,Bank transfer (automatic),62.05,118.3,Yes,0.6866,0,High,2026-06-01
9248-OJYKK,Male,Yes,No,No,1,Yes,Yes,Fiber optic,No,No,No,No,No,No,Month-to-month,Yes,Electronic check,76.45,76.45,Yes,0.9036,1,High,2026-08-01
9888-ZCUMM,Male,No,Yes,Yes,64,No,No,DSL,Yes,No,Yes,Yes,Yes,Yes,Two year,Yes,Bank transfer (automatic),60.05,3845.45,No,0.049,0,Low,2026-03-01
3398-FSHON,Female,Yes,No,No,12,Yes,Yes,Fiber optic,No,Yes,No,No,Yes,No,Month-to-month,Yes,Electronic check,91.3,1094.5,Yes,0.8728,1,High,2026-03-01
3319-DWOEP,Male,Yes,Yes,No,6,Yes,No,Fiber optic,No,No,Yes,No,Yes,Yes,Month-to-month,Yes,Electronic check,95.75,573.75,Yes,0.9071,1,High,2026-06-01
1074-WVEVG,Female,No,Yes,No,59,Yes,No,No,No,No,No,No,No,No,One year,No,Mailed check,20.35,1267.0,No,0.0252,0,Low,2026-04-01
9979-RGMZT,Female,No,No,No,7,Yes,No,Fiber optic,No,Yes,No,No,Yes,Yes,One year,Yes,Mailed check,94.05,633.45,No,0.7113,0,High,2026-02-01
6437-UDQJM,Female,Yes,Yes,No,72,Yes,Yes,DSL,Yes,Yes,Yes,No,Yes,Yes,Two year,Yes,Credit card (automatic),84.1,6129.65,No,0.081,0,Low,2025-12-01
1226-IENZN,Male,Yes,No,No,16,Yes,No,Fiber optic,No,No,No,No,No,Yes,Month-to-month,Yes,Electronic check,78.75,1218.25,No,0.8654,1,High,2026-02-01
2108-GLPQB,Male,No,Yes,No,25,Yes,Yes,DSL,No,No,Yes,No,No,No,Month-to-month,No,Credit card (automatic),55.55,1405.3,No,0.4218,0,Medium,2025-09-01
9259-PACGQ,Female,No,Yes,No,34,Yes,Yes,DSL,Yes,Yes,No,Yes,No,No,Month-to-month,No,Electronic check,62.65,2274.9,Yes,0.247,0,Low,2025-11-01
4415-IJZTP,Female,No,No,No,1,Yes,Yes,Fiber optic,No,No,No,No,No,No,Month-to-month,Yes,Electronic check,74.5,74.5,Yes,0.8853,1,High,2026-05-01
1465-VINDH,Female,No,Yes,Yes,10,Yes,Yes,Fiber optic,No,Yes,Yes,No,Yes,Yes,Month-to-month,Yes,Credit card (automatic),102.1,1068.85,Yes,0.8142,1,High,2026-07-01
5474-LAMUQ,Male,No,Yes,No,24,Yes,No,No,No,No,No,No,No,No,One year,No,Mailed check,20.1,533.9,No,0.1047,0,Low,2025-10-01
3468-DRVQJ,Female,No,Yes,Yes,10,Yes,Yes,DSL,Yes,Yes,No,No,Yes,No,One year,No,Electronic check,70.3,676.15,No,0.318,0,Medium,2025-10-01
1122-YJBCS,Male,No,Yes,No,69,Yes,No,DSL,Yes,Yes,No,No,No,No,One year,Yes,Credit card (automatic),53.65,3804.4,No,0.0491,0,Low,2025-10-01
4990-ALDGW,Male,No,No,No,57,Yes,No,No,No,No,No,No,No,No,Two year,No,Mailed check,20.75,1118.8,No,0.0148,0,Low,2026-06-01
4816-OKWNX,Male,No,Yes,Yes,50,Yes,No,Fiber optic,No,Yes,Yes,Yes,Yes,Yes,One year,Yes,Bank transfer (automatic),103.4,5236.4,No,0.3103,0,Medium,2025-12-01
3315-IKYZQ,Male,No,Yes,Yes,28,No,No,DSL,Yes,No,Yes,Yes,Yes,No,One year,No,Mailed check,50.8,1386.8,No,0.1448,0,Low,2025-12-01
2810-FTLEM,Female,No,No,No,16,Yes,No,DSL,Yes,No,No,No,No,No,Month-to-month,Yes,Electronic check,50.15,762.25,Yes,0.5225,0,Medium,2025-09-01
4747-LCAQL,Male,No,No,No,25,Yes,No,DSL,Yes,Yes,No,Yes,Yes,Yes,Month-to-month,Yes,Mailed check,79.0,1902.0,No,0.384,0,Medium,2026-08-01
3411-WLRSQ,Female,Yes,Yes,No,3,Yes,No,Fiber optic,No,Yes,No,No,No,No,Month-to-month,Yes,Bank transfer (automatic),74.6,239.05,No,0.8011,1,High,2026-02-01
0898-XCGTF,Male,No,Yes,No,61,Yes,Yes,Fiber optic,No,No,No,No,Yes,Yes,One year,Yes,Bank transfer (automatic),96.5,5673.7,No,0.4533,0,Medium,2026-06-01
8006-PYCSW,Female,No,No,No,2,Yes,No,No,No,No,No,No,No,No,Month-to-month,No,Mailed check,20.1,39.8,No,0.3758,0,Medium,2026-05-01
8249-THVEC,Male,No,Yes,Yes,51,Yes,No,No,No,No,No,No,No,No,One year,No,Mailed check,19.4,997.75,No,0.0282,0,Low,2025-10-01
8722-PRFDV,Female,No,Yes,Yes,71,Yes,No,DSL,Yes,No,Yes,No,Yes,Yes,Two year,No,Credit card (automatic),77.55,5574.35,No,0.0328,0,Low,2026-06-01
2164-SOQXL,Female,No,Yes,Yes,20,Yes,No,No,No,No,No,No,No,No,Month-to-month,No,Mailed check,20.05,406.05,No,0.1803,0,Low,2026-03-01
4020-KIUDI,Male,No,Yes,Yes,6,Yes,No,No,No,No,No,No,No,No,Month-to-month,No,Credit card (automatic),19.85,138.85,No,0.2806,0,Low,2026-04-01
5850-BDWCY,Female,No,No,No,6,Yes,No,No,No,No,No,No,No,No,Month-to-month,No,Mailed check,20.2,123.65,No,0.3366,0,Medium,2025-11-01
2038-YSEZE,Female,No,No,No,29,Yes,Yes,DSL,Yes,Yes,No,Yes,No,No,Month-to-month,No,Mailed check,67.45,1801.1,No,0.2077,0,Low,2026-07-01
0827-ITJPH,Male,No,No,No,36,Yes,No,No,No,No,No,No,No,No,Two year,Yes,Credit card (automatic),18.55,689.0,No,0.0494,0,Low,2026-08-01
8799-OXZMD,Female,No,No,No,28,No,No,DSL,No,No,Yes,No,No,No,Month-to-month,Yes,Mailed check,29.75,790.7,No,0.513,0,Medium,2026-01-01
1925-TIBLE,Female,No,Yes,No,7,Yes,Yes,Fiber optic,No,No,No,No,Yes,No,Month-to-month,Yes,Electronic check,86.5,582.5,Yes,0.8829,1,High,2025-10-01
1705-GUHPV,Female,No,No,No,63,Yes,Yes,No,No,No,No,No,No,No,Two year,No,Mailed check,24.2,1618.2,No,0.0155,0,Low,2026-07-01
4779-ZGICK,Male,No,Yes,Yes,48,Yes,Yes,No,No,No,No,No,No,No,Two year,No,Mailed check,23.55,1173.35,No,0.0228,0,Low,2026-07-01
0048-PIHNL,Female,No,Yes,No,49,Yes,No,No,No,No,No,No,No,No,One year,No,Bank transfer (automatic),20.45,900.9,No,0.0346,0,Low,2026-03-01
0818-OCPZO,Male,Yes,No,No,27,Yes,Yes,Fiber optic,No,Yes,No,No,No,No,Month-to-month,Yes,Electronic check,81.45,2122.05,Yes,0.7836,0,High,2026-03-01
3967-KXAPS,Male,No,Yes,No,72,Yes,Yes,DSL,Yes,Yes,Yes,Yes,Yes,Yes,Two year,No,Credit card (automatic),92.3,6719.9,No,0.0369,0,Low,2025-11-01
1447-GIQMR,Male,No,Yes,No,1,Yes,No,Fiber optic,No,No,No,No,No,No,Month-to-month,Yes,Electronic check,69.15,69.15,Yes,0.862,1,High,2025-09-01
3704-IEAXF,Female,No,Yes,Yes,72,No,No,DSL,No,Yes,No,Yes,Yes,Yes,Two year,No,Credit card (automatic),53.65,3784.0,No,0.0319,0,Low,2026-08-01
6810-VCAEX,Female,No,No,No,47,No,No,DSL,Yes,Yes,No,Yes,No,No,One year,No,Credit card (automatic),39.65,1798.65,No,0.0628,0,Low,2026-02-01
0674-EYYZV,Female,No,No,No,1,Yes,No,DSL,No,No,No,No,Yes,No,Month-to-month,Yes,Electronic check,54.65,54.65,No,0.7792,0,High,2025-12-01
4480-MBMLB,Female,No,No,No,36,Yes,Yes,Fiber optic,No,Yes,Yes,No,Yes,Yes,One year,Yes,Bank transfer (automatic),104.8,3886.45,No,0.5899,0,Medium,2026-05-01
1395-OFUWC,Male,No,Yes,Yes,43,No,No,DSL,No,Yes,No,No,No,No,Month-to-month,No,Credit card (automatic),29.3,1224.05,No,0.2097,0,Low,2025-09-01
0822-QGCXA,Female,Yes,Yes,No,27,Yes,Yes,DSL,No,Yes,Yes,Yes,Yes,Yes,Month-to-month,No,Electronic check,83.85,2310.2,No,0.5583,0,Medium,2025-09-01
0872-NXJYS,Female,No,No,No,9,Yes,No,Fiber optic,No,No,No,No,No,Yes,Month-to-month,Yes,Electronic check,79.55,723.4,Yes,0.8649,1,High,2025-11-01
2832-KJCRD,Female,No,No,No,38,Yes,Yes,Fiber optic,No,No,Yes,Yes,Yes,Yes,Month-to-month,Yes,Electronic check,103.65,3988.5,No,0.7688,0,High,2026-02-01
3588-WSTTJ,Female,Yes,No,No,35,Yes,Yes,Fiber optic,Yes,No,No,No,Yes,Yes,Month-to-month,Yes,Electronic check,99.05,3554.6,No,0.8071,1,High,2026-01-01
4075-WKNIU,Female,No,Yes,Yes,0,Yes,Yes,DSL,No,Yes,Yes,Yes,Yes,No,Two year,No,Mailed check,73.35,0.0,No,0.2045,0,Low,2025-11-01
5090-EMGTC,Female,No,Yes,No,59,Yes,No,Fiber optic,No,Yes,No,Yes,Yes,Yes,Two year,Yes,Mailed check,100.05,6034.85,No,0.2029,0,Low,2026-01-01
2346-CZYIL,Male,No,No,No,27,Yes,No,No,No,No,No,No,No,No,Two year,No,Credit card (automatic),20.35,531.6,No,0.0492,0,Low,2026-01-01
3798-EPWRR,Female,Yes,No,No,2,Yes,No,DSL,No,No,No,No,No,No,Month-to-month,No,Electronic check,43.95,85.1,No,0.705,0,High,2026-03-01
6258-NGCNG,Male,No,No,No,7,Yes,Yes,No,No,No,No,No,No,No,Month-to-month,No,Mailed check,23.5,173.0,No,0.3883,0,Medium,2026-03-01
4186-ZBUEW,Female,No,No,No,36,Yes,Yes,DSL,No,Yes,No,Yes,No,Yes,One year,Yes,Mailed check,70.7,2511.95,No,0.2443,0,Low,2026-07-01
5274-XHAKY,Female,No,Yes,Yes,41,Yes,Yes,Fiber optic,Yes,Yes,No,No,Yes,No,Month-to-month,Yes,Bank transfer (automatic),94.3,3893.6,No,0.491,0,Medium,2026-06-01
1442-BQPVU,Female,No,No,No,13,No,No,DSL,No,Yes,No,No,No,No,Month-to-month,No,Electronic check,29.15,357.15,No,0.617,0,High,2025-12-01
3978-YNKDD,Male,No,No,Yes,19,Yes,No,No,No,No,No,No,No,No,Two year,No,Credit card (automatic),20.85,467.5,No,0.0556,0,Low,2026-07-01
4940-KHCWD,Female,No,Yes,No,60,No,No,DSL,Yes,Yes,No,Yes,No,No,Two year,No,Bank transfer (automatic),37.7,2288.7,No,0.021,0,Low,2026-03-01
9412-ARGBX,Female,No,No,Yes,48,Yes,No,Fiber optic,No,Yes,Yes,Yes,Yes,No,Two year,Yes,Mailed check,95.5,4627.85,Yes,0.1531,0,Low,2025-11-01
1389-CXMLU,Male,Yes,No,No,3,Yes,Yes,Fiber optic,No,No,Yes,No,Yes,No,Month-to-month,No,Electronic check,91.05,289.1,Yes,0.8748,1,High,2026-01-01
9589-ABEPT,Male,No,Yes,No,69,Yes,Yes,Fiber optic,No,Yes,No,Yes,Yes,No,Two year,Yes,Mailed check,92.45,6460.55,No,0.1492,0,Low,2026-05-01
9388-ZEYVT,Male,No,No,No,43,No,No,DSL,No,No,Yes,Yes,No,Yes,One year,No,Electronic check,44.15,1931.3,No,0.2197,0,Low,2026-06-01
0305-SQECB,Female,No,No,Yes,11,No,No,DSL,Yes,No,No,Yes,No,No,One year,Yes,Mailed check,36.05,402.6,No,0.2779,0,Low,2026-01-01
7605-SNLQG,Female,No,Yes,No,45,Yes,No,DSL,No,No,Yes,No,No,No,Month-to-month,Yes,Credit card (automatic),50.25,2221.55,No,0.281,0,Low,2025-10-01
4670-TABXH,Male,No,Yes,No,72,Yes,Yes,Fiber optic,No,Yes,Yes,Yes,Yes,Yes,Two year,Yes,Credit card (automatic),109.75,7758.9,No,0.1896,0,Low,2025-11-01
5561-NWEVX,Female,Yes,Yes,No,2,Yes,Yes,Fiber optic,No,No,Yes,No,No,No,Month-to-month,No,Electronic check,79.2,172.85,Yes,0.8554,1,High,2025-10-01
0064-SUDOG,Female,No,Yes,Yes,12,Yes,No,No,No,No,No,No,No,No,Two year,No,Bank transfer (automatic),20.3,224.5,No,0.0696,0,Low,2026-05-01
8561-NMTBD,Female,No,Yes,Yes,67,Yes,Yes,Fiber optic,No,Yes,Yes,Yes,Yes,Yes,One year,Yes,Credit card (automatic),112.35,7388.45,No,0.2799,0,Low,2026-03-01
5161-XEUVX,Male,No,Yes,No,37,Yes,Yes,Fiber optic,No,No,Yes,Yes,Yes,No,Two year,No,Mailed check,94.3,3460.95,No,0.2364,0,Low,2026-02-01
8292-FRFZQ,Female,No,No,No,39,No,No,DSL,Yes,Yes,No,Yes,No,No,One year,No,Bank transfer (automatic),41.15,1700.9,No,0.085,0,Low,2026-05-01
8591-NXRCV,Female,No,No,No,41,Yes,Yes,DSL,Yes,No,Yes,Yes,No,Yes,Month-to-month,Yes,Bank transfer (automatic),74.65,3090.65,No,0.2942,0,Low,2026-06-01
7895-VONWT,Female,No,No,No,25,No,No,DSL,No,No,Yes,No,Yes,Yes,Month-to-month,Yes,Electronic check,48.25,1293.8,No,0.7465,0,High,2026-06-01
4526-RMTLL,Male,No,Yes,Yes,8,Yes,Yes,DSL,Yes,Yes,No,Yes,No,Yes,Two year,Yes,Credit card (automatic),76.15,645.8,No,0.1719,0,Low,2025-10-01
6253-GNHWH,Female,No,Yes,Yes,71,Yes,Yes,DSL,Yes,Yes,Yes,Yes,No,No,Two year,No,Mailed check,71.1,5224.95,No,0.015,0,Low,2026-04-01
4566-NECEV,Male,No,No,No,5,Yes,Yes,Fiber optic,No,Yes,Yes,No,No,Yes,Month-to-month,No,Electronic check,96.55,500.1,No,0.8321,1,High,2026-07-01
8080-POTJR,Female,No,No,No,30,Yes,Yes,DSL,Yes,No,Yes,No,Yes,Yes,One year,Yes,Credit card (automatic),79.3,2427.1,No,0.3426,0,Medium,2026-06-01
6906-MPARY,Male,No,No,No,40,Yes,No,Fiber optic,No,Yes,No,Yes,No,Yes,One year,Yes,Credit card (automatic),89.6,3488.15,No,0.353,0,Medium,2025-12-01
3662-FXJFO,Female,No,No,No,54,Yes,No,No,No,No,No,No,No,No,Two year,Yes,Mailed check,20.5,1035.7,No,0.0237,0,Low,2026-01-01
8107-RZLNV,Male,No,Yes,No,72,Yes,Yes,Fiber optic,No,Yes,Yes,No,Yes,Yes,Two year,Yes,Bank transfer (automatic),106.3,7565.35,No,0.2407,0,Low,2026-07-01
0516-OOHAR,Male,No,Yes,Yes,28,Yes,No,Fiber optic,No,Yes,Yes,No,Yes,Yes,One year,No,Bank transfer (automatic),100.35,2799.0,No,0.4186,0,Medium,2025-09-01
2027-CWDNU,Male,No,Yes,Yes,18,Yes,No,Fiber optic,No,No,No,Yes,No,Yes,Month-to-month,Yes,Electronic check,85.6,1601.5,No,0.7347,0,High,2026-03-01
2737-WFVYW,Female,No,No,No,2,No,No,DSL,No,No,No,No,Yes,Yes,Month-to-month,Yes,Electronic check,45.25,85.5,Yes,0.8729,1,High,2025-10-01
9912-OMZDS,Female,No,Yes,Yes,59,Yes,Yes,Fiber optic,No,Yes,Yes,No,Yes,Yes,One year,Yes,Electronic check,106.15,6256.2,No,0.482,0,Medium,2026-07-01
3733-ZEECP,Male,No,Yes,Yes,22,Yes,No,DSL,No,No,No,Yes,No,No,Month-to-month,Yes,Electronic check,51.1,1232.9,No,0.4357,0,Medium,2025-09-01
7878-RTCZG,Female,No,No,No,1,Yes,No,No,No,No,No,No,No,No,Month-to-month,No,Mailed check,19.9,19.9,No,0.3864,0,Medium,2025-09-01
2452-MRMZF,Female,Yes,Yes,No,72,Yes,Yes,No,No,No,No,No,No,No,Two year,Yes,Credit card (automatic),25.7,1937.4,No,0.0178,0,Low,2025-12-01
2272-QAGFO,Female,Yes,No,No,14,Yes,Yes,Fiber optic,No,No,No,No,No,No,Month-to-month,Yes,Electronic check,74.3,1096.25,Yes,0.8651,1,High,2025-11-01
7103-IPXPJ,Male,No,Yes,No,50,Yes,Yes,Fiber optic,No,No,No,Yes,Yes,Yes,One year,No,Electronic check,99.4,5059.75,No,0.4594,0,Medium,2026-02-01
4342-HFXWS,Female,No,Yes,Yes,48,Yes,No,DSL,Yes,No,Yes,Yes,Yes,No,One year,No,Bank transfer (automatic),69.7,3023.65,No,0.0539,0,Low,2025-12-01
3545-CNWRG,Female,No,Yes,Yes,49,Yes,Yes,Fiber optic,No,Yes,No,No,Yes,Yes,Month-to-month,Yes,Electronic check,98.35,4889.2,No,0.7104,0,High,2026-01-01
1785-BPHTP,Male,No,Yes,Yes,28,Yes,No,Fiber optic,No,No,Yes,No,Yes,No,Month-to-month,No,Electronic check,85.45,2289.9,No,0.6371,0,High,2026-03-01
4989-LIXVT,Male,Yes,No,No,68,Yes,Yes,Fiber optic,No,Yes,Yes,No,No,Yes,Month-to-month,Yes,Electronic check,95.9,6503.2,No,0.6355,0,High,2026-03-01
7315-WYOAW,Male,No,No,No,13,Yes,Yes,Fiber optic,No,No,No,Yes,Yes,Yes,Month-to-month,No,Electronic check,100.75,1313.25,No,0.8107,1,High,2026-08-01
1173-XZPYF,Female,No,No,No,11,Yes,Yes,Fiber optic,No,No,Yes,No,Yes,No,Month-to-month,Yes,Electronic check,89.2,990.3,No,0.8705,1,High,2026-02-01
9850-OWRHQ,Female,No,Yes,No,3,Yes,Yes,Fiber optic,No,No,No,No,No,No,Month-to-month,Yes,Credit card (automatic),74.1,228.0,Yes,0.8346,1,High,2026-03-01
3768-NLUBH,Male,Yes,Yes,No,57,Yes,Yes,Fiber optic,No,No,Yes,No,Yes,Yes,Month-to-month,No,Electronic check,100.6,5746.15,Yes,0.7079,0,High,2026-05-01
8676-TRMJS,Male,No,No,No,3,Yes,Yes,Fiber optic,No,No,No,No,No,No,Month-to-month,No,Mailed check,75.0,209.1,Yes,0.7871,0,High,2025-11-01
2509-TFPJU,Male,No,Yes,No,72,Yes,Yes,No,No,No,No,No,No,No,Two year,No,Credit card (automatic),25.75,1864.2,No,0.0102,0,Low,2026-05-01
9530-GRMJG,Male,No,Yes,Yes,70,Yes,Yes,DSL,No,Yes,Yes,Yes,Yes,Yes,Two year,Yes,Electronic check,84.1,5979.7,No,0.0867,0,Low,2026-07-01
6898-RBTLU,Female,No,Yes,Yes,49,Yes,Yes,DSL,No,Yes,No,Yes,Yes,Yes,Two year,No,Bank transfer (automatic),79.3,3902.45,No,0.0729,0,Low,2025-12-01
5481-NTDOH,Female,Yes,Yes,No,67,Yes,Yes,Fiber optic,Yes,No,Yes,No,Yes,Yes,One year,Yes,Credit card (automatic),107.05,7142.5,No,0.3897,0,Medium,2025-11-01
2068-WWXQZ,Male,No,No,No,46,Yes,No,No,No,No,No,No,No,No,Two year,No,Bank transfer (automatic),20.05,902.0,No,0.0222,0,Low,2026-01-01
7359-SSBJK,Female,Yes,No,No,64,Yes,No,DSL,Yes,Yes,No,Yes,Yes,No,Two year,Yes,Credit card (automatic),70.2,4481.0,Yes,0.0379,0,Low,2025-12-01
2061-VVFST,Female,No,Yes,No,37,Yes,No,No,No,No,No,No,No,No,Month-to-month,No,Bank transfer (automatic),19.5,805.2,No,0.1137,0,Low,2026-04-01
0685-MLYYM,Female,Yes,No,No,2,Yes,No,Fiber optic,No,No,No,No,No,No,Month-to-month,No,Electronic check,70.75,154.85,Yes,0.832,1,High,2026-07-01
0749-IRGQE,Female,Yes,Yes,No,13,No,No,DSL,No,No,No,No,Yes,Yes,Month-to-month,No,Electronic check,45.3,528.45,No,0.7887,0,High,2026-04-01
2380-DAMQP,Female,No,Yes,No,72,Yes,Yes,Fiber optic,Yes,Yes,Yes,Yes,Yes,Yes,Two year,No,Electronic check,115.15,8349.7,No,0.1424,0,Low,2025-10-01
2256-YLYLP,Male,No,Yes,Yes,68,Yes,No,DSL,No,No,Yes,Yes,Yes,Yes,Two year,Yes,Bank transfer (automatic),72.95,4953.25,No,0.0527,0,Low,2025-12-01
1272-ILHFG,Male,No,Yes,Yes,15,Yes,No,No,No,No,No,No,No,No,One year,No,Mailed check,19.65,332.65,No,0.1202,0,Low,2026-05-01
0164-XAIRP,Female,No,No,No,24,Yes,No,No,No,No,No,No,No,No,Two year,Yes,Bank transfer (automatic),19.55,470.2,No,0.0772,0,Low,2025-12-01
5666-CYCYZ,Female,No,No,No,24,Yes,Yes,Fiber optic,No,No,No,Yes,No,Yes,Month-to-month,Yes,Electronic check,89.55,2259.35,No,0.7924,0,High,2026-04-01
4011-ARPHK,Male,No,No,No,27,Yes,No,DSL,Yes,No,No,No,No,No,Month-to-month,No,Mailed check,50.35,1411.35,No,0.2785,0,Low,2026-05-01
8182-PNAGI,Male,No,No,No,12,Yes,No,DSL,No,No,No,Yes,No,No,Month-to-month,No,Bank transfer (automatic),50.25,593.75,Yes,0.3948,0,Medium,2025-12-01
6365-HITVU,Female,No,Yes,Yes,71,Yes,No,DSL,Yes,Yes,Yes,Yes,Yes,Yes,Two year,No,Credit card (automatic),87.25,6328.7,No,0.0225,0,Low,2026-04-01
7558-IMLMT,Male,No,Yes,Yes,67,Yes,No,No,No,No,No,No,No,No,Two year,Yes,Mailed check,20.8,1411.9,No,0.0113,0,Low,2026-01-01
9488-FYQAU,Female,No,Yes,No,63,Yes,Yes,Fiber optic,No,Yes,Yes,Yes,Yes,Yes,Two year,Yes,Bank transfer (automatic),109.25,6841.4,No,0.221,0,Low,2025-10-01
3590-TCXTB,Male,No,No,No,1,Yes,No,No,No,No,No,No,No,No,Month-to-month,No,Mailed check,20.35,20.35,No,0.3897,0,Medium,2026-01-01
6994-KERXL,Male,No,No,No,4,Yes,No,DSL,No,No,No,No,No,Yes,Month-to-month,Yes,Electronic check,55.9,238.5,No,0.7779,0,High,2026-02-01
7957-RYHQD,Female,Yes,No,No,40,Yes,No,Fiber optic,Yes,Yes,No,No,No,No,Month-to-month,Yes,Credit card (automatic),79.2,3233.85,Yes,0.4776,0,Medium,2025-09-01
2180-DXNEG,Female,No,No,No,12,Yes,No,Fiber optic,No,No,Yes,No,Yes,Yes,Month-to-month,Yes,Electronic check,96.0,1062.1,Yes,0.8697,1,High,2026-07-01
1960-UOTYM,Male,No,Yes,Yes,52,Yes,No,DSL,Yes,Yes,Yes,No,Yes,Yes,Two year,No,Electronic check,79.2,4016.3,No,0.0688,0,Low,2026-03-01
2740-JFBOK,Male,No,No,No,10,Yes,Yes,No,No,No,No,No,No,No,Month-to-month,Yes,Electronic check,24.0,226.55,No,0.5239,0,Medium,2025-09-01
6500-JVEGC,Male,No,No,No,68,Yes,Yes,Fiber optic,Yes,Yes,Yes,No,Yes,No,One year,No,Bank transfer (automatic),101.35,7110.75,No,0.1826,0,Low,2026-07-01
5515-AKOAJ,Female,No,No,No,54,Yes,Yes,Fiber optic,No,No,No,Yes,Yes,Yes,Month-to-month,Yes,Electronic check,100.1,5440.9,Yes,0.6925,0,High,2026-07-01
8976-OQHGT,Female,No,Yes,Yes,4,Yes,No,DSL,No,Yes,No,Yes,No,No,Month-to-month,No,Mailed check,56.5,235.1,Yes,0.3716,0,Medium,2025-09-01
5245-VDBUR,Female,No,Yes,No,52,No,No,DSL,Yes,No,Yes,No,No,No,One year,No,Mailed check,35.45,1958.95,No,0.0857,0,Low,2025-10-01
6230-BSUXY,Female,Yes,No,No,1,Yes,No,Fiber optic,No,No,Yes,No,No,Yes,Month-to-month,Yes,Electronic check,85.0,85.0,Yes,0.9026,1,High,2026-01-01
8469-SNFFH,Male,No,Yes,No,70,Yes,Yes,DSL,Yes,Yes,Yes,Yes,Yes,No,One year,No,Bank transfer (automatic),79.4,5528.9,No,0.0452,0,Low,2026-03-01
2144-ESWKO,Male,No,No,No,43,No,No,DSL,Yes,No,Yes,No,No,No,One year,Yes,Credit card (automatic),35.2,1463.7,No,0.1549,0,Low,2026-05-01
1241-FPMOF,Male,No,No,No,52,Yes,No,No,No,No,No,No,No,No,Two year,No,Mailed check,19.65,1025.05,No,0.0184,0,Low,2026-02-01
9928-BZVLZ,Female,No,No,No,12,No,No,DSL,Yes,No,Yes,Yes,No,Yes,Two year,No,Mailed check,49.85,552.1,No,0.1793,0,Low,2026-04-01
4114-QMKVN,Female,No,Yes,Yes,56,Yes,Yes,DSL,Yes,Yes,No,No,No,Yes,One year,No,Bank transfer (automatic),68.75,3815.4,No,0.0763,0,Low,2025-09-01
2775-SEFEE,Male,No,No,Yes,0,Yes,Yes,DSL,Yes,Yes,No,Yes,No,No,Two year,Yes,Bank transfer (automatic),61.9,0.0,No,0.1735,0,Low,2026-04-01
9003-CPATH,Male,No,No,No,42,Yes,Yes,Fiber optic,No,No,Yes,No,No,No,Month-to-month,No,Electronic check,79.9,3313.4,No,0.604,0,High,2026-07-01
1754-GKYPY,Male,Yes,Yes,No,22,Yes,No,Fiber optic,No,No,No,No,Yes,Yes,Month-to-month,Yes,Bank transfer (automatic),89.75,1938.9,No,0.8212,1,High,2026-03-01
5294-CDGWY,Male,No,Yes,Yes,51,No,No,DSL,Yes,Yes,Yes,No,Yes,Yes,One year,No,Electronic check,59.3,3014.65,Yes,0.1535,0,Low,2026-02-01
7956-XQWGU,Male,No,No,No,27,Yes,No,No,No,No,No,No,No,No,Month-to-month,Yes,Credit card (automatic),19.4,460.25,No,0.2242,0,Low,2025-12-01
1591-MQJTP,Male,Yes,Yes,No,51,Yes,Yes,Fiber optic,Yes,No,Yes,No,No,Yes,One year,Yes,Bank transfer (automatic),93.65,4839.15,No,0.4142,0,Medium,2026-08-01
5295-PCJOO,Male,No,No,Yes,4,Yes,No,DSL,Yes,No,No,No,No,No,Month-to-month,Yes,Electronic check,49.4,184.4,Yes,0.5805,0,Medium,2025-09-01
2369-FEVNO,Male,No,No,No,1,Yes,No,No,No,No,No,No,No,No,Month-to-month,Yes,Mailed check,19.9,19.9,No,0.4827,0,Medium,2025-12-01
9863-JZAIC,Male,No,No,No,35,Yes,No,DSL,No,No,No,No,Yes,No,Month-to-month,No,Mailed check,55.0,2010.55,Yes,0.3603,0,Medium,2025-10-01
7471-MQPOS,Male,Yes,Yes,Yes,71,Yes,Yes,DSL,No,Yes,Yes,Yes,No,Yes,One year,Yes,Bank transfer (automatic),72.9,5139.65,No,0.0911,0,Low,2026-07-01
7660-HDPJV,Female,No,No,No,1,Yes,No,Fiber optic,No,No,No,No,No,No,Month-to-month,Yes,Electronic check,69.2,69.2,Yes,0.861,1,High,2026-02-01
5115-SQAAU,Female,No,Yes,Yes,69,Yes,Yes,No,No,No,No,No,No,No,Two year,Yes,Bank transfer (automatic),25.6,1673.4,No,0.0126,0,Low,2026-08-01
9845-QOMAD,Male,No,Yes,Yes,14,Yes,No,No,No,No,No,No,No,No,One year,No,Mailed check,19.75,309.35,No,0.1246,0,Low,2026-04-01
7672-VFMXZ,Male,No,Yes,No,57,Yes,No,DSL,Yes,No,No,Yes,No,No,Month-to-month,No,Electronic check,55.7,3171.6,No,0.1137,0,Low,2026-03-01
9739-JLPQJ,Female,No,Yes,Yes,72,Yes,Yes,Fiber optic,Yes,Yes,Yes,Yes,Yes,Yes,Two year,No,Credit card (automatic),117.5,8670.1,No,0.088,0,Low,2026-03-01
9916-AYHTC,Male,No,No,No,48,Yes,No,No,No,No,No,No,No,No,Two year,No,Credit card (automatic),19.85,916.0,No,0.0206,0,Low,2025-11-01
3855-ONCAR,Female,No,Yes,Yes,4,Yes,No,Fiber optic,No,No,No,No,Yes,No,Month-to-month,Yes,Mailed check,78.9,299.75,No,0.7967,0,High,2026-03-01
1488-SYSFC,Male,No,Yes,Yes,31,Yes,No,No,No,No,No,No,No,No,Month-to-month,Yes,Electronic check,20.65,702.05,No,0.2192,0,Low,2026-05-01
7931-PXHFC,Male,No,No,No,38,Yes,No,DSL,No,No,Yes,Yes,No,Yes,One year,Yes,Mailed check,62.3,2354.8,Yes,0.2147,0,Low,2026-08-01
3990-QYKBE,Male,Yes,Yes,No,37,Yes,Yes,Fiber optic,No,No,No,No,Yes,Yes,Month-to-month,Yes,Electronic check,92.5,3473.4,Yes,0.8559,1,High,2026-03-01
0970-QXPXW,Female,No,No,No,1,Yes,No,No,No,No,No,No,No,No,Month-to-month,No,Mailed check,19.65,19.65,No,0.3871,0,Medium,2026-08-01
3259-KNMRR,Male,Yes,No,No,57,Yes,Yes,DSL,No,Yes,Yes,No,Yes,Yes,Two year,Yes,Bank transfer (automatic),79.75,4438.2,No,0.1606,0,Low,2026-08-01
6120-RJKLU,Female,Yes,Yes,No,62,Yes,No,DSL,Yes,No,Yes,Yes,Yes,Yes,Two year,Yes,Credit card (automatic),79.95,4819.75,No,0.0643,0,Low,2026-03-01
9572-WUKSB,Male,No,Yes,No,3,No,No,DSL,No,No,No,Yes,No,No,Month-to-month,Yes,Electronic check,29.9,92.25,No,0.7446,0,High,2026-02-01
5893-KCLGT,Female,No,No,Yes,72,Yes,No,No,No,No,No,No,No,No,Two year,Yes,Mailed check,19.75,1567.0,No,0.0093,0,Low,2025-10-01
0076-LVEPS,Male,No,No,Yes,29,No,No,DSL,Yes,Yes,Yes,Yes,No,No,Month-to-month,Yes,Mailed check,45.0,1242.45,No,0.2488,0,Low,2025-12-01
3640-JQGJG,Male,No,Yes,Yes,13,Yes,No,DSL,No,No,No,No,No,No,Month-to-month,No,Bank transfer (automatic),44.8,559.2,No,0.4159,0,Medium,2026-07-01
4919-MOAVT,Male,No,No,Yes,3,Yes,No,Fiber optic,No,No,No,No,No,No,Month-to-month,No,Electronic check,69.65,220.1,Yes,0.7637,0,High,2025-10-01
1596-OQSPS,Female,No,No,No,11,Yes,No,DSL,No,Yes,No,No,No,No,Month-to-month,No,Electronic check,51.1,531.15,No,0.5358,0,Medium,2026-01-01
9867-XOBQA,Female,No,No,Yes,21,No,No,DSL,Yes,Yes,Yes,Yes,Yes,No,Two year,No,Mailed check,53.15,1183.2,No,0.0924,0,Low,2026-05-01
9546-KDTRB,Female,No,No,No,19,Yes,Yes,No,No,No,No,No,No,No,Month-to-month,No,Bank transfer (automatic),24.7,465.85,No,0.2595,0,Low,2025-11-01
3090-HAWSU,Male,No,No,No,61,Yes,Yes,Fiber optic,Yes,No,Yes,Yes,Yes,Yes,Two year,Yes,Credit card (automatic),111.6,6876.05,Yes,0.1984,0,Low,2026-08-01
9820-RMCQV,Female,No,No,No,11,Yes,No,DSL,Yes,No,No,No,No,No,Month-to-month,No,Credit card (automatic),48.55,501.0,Yes,0.3897,0,Medium,2026-04-01
3174-RKMOW,Male,No,Yes,Yes,35,Yes,Yes,Fiber optic,No,Yes,Yes,Yes,Yes,Yes,Month-to-month,Yes,Electronic check,109.95,3782.4,No,0.7063,0,High,2025-09-01
1760-CAZHT,Male,No,No,Yes,25,Yes,No,No,No,No,No,No,No,No,Month-to-month,No,Mailed check,20.8,460.2,No,0.1522,0,Low,2025-11-01
7839-QRKXN,Female,No,No,No,1,Yes,No,No,No,No,No,No,No,No,Month-to-month,Yes,Mailed check,20.2,20.2,Yes,0.4772,0,Medium,2026-05-01
8441-SHIPE,Female,No,No,No,67,Yes,Yes,No,No,No,No,No,No,No,Two year,Yes,Bank transfer (automatic),25.6,1790.35,No,0.0179,0,Low,2026-07-01
5204-QZXPU,Male,No,No,No,19,No,No,DSL,No,No,Yes,No,Yes,No,Month-to-month,Yes,Electronic check,39.65,733.35,Yes,0.7258,0,High,2026-08-01
4597-ELFTS,Male,No,No,No,56,Yes,Yes,No,No,No,No,No,No,No,One year,No,Electronic check,24.9,1334.0,Yes,0.0506,0,Low,2026-07-01
1320-GVNHT,Male,No,Yes,Yes,72,Yes,Yes,Fiber optic,Yes,Yes,Yes,No,Yes,Yes,Two year,Yes,Credit card (automatic),108.4,7767.25,No,0.1512,0,Low,2025-09-01
1047-RNXZV,Male,No,No,No,43,Yes,No,No,No,No,No,No,No,No,Two year,No,Mailed check,19.55,876.15,No,0.0271,0,Low,2026-05-01
3541-ZNUHK,Female,No,Yes,Yes,55,Yes,Yes,Fiber optic,Yes,Yes,No,No,No,No,Month-to-month,Yes,Electronic check,85.1,4600.95,No,0.4125,0,Medium,2025-10-01
8450-JOVAH,Male,No,Yes,Yes,2,Yes,Yes,DSL,Yes,No,No,No,No,No,Month-to-month,No,Mailed check,56.7,113.55,Yes,0.476,0,Medium,2025-09-01
8725-JEDFD,Male,No,No,No,27,Yes,No,Fiber optic,No,No,No,No,No,No,Month-to-month,Yes,Mailed check,69.05,1793.25,No,0.6669,0,High,2026-05-01
7562-UXTPG,Female,No,No,No,13,Yes,No,Fiber optic,No,No,No,No,No,No,Month-to-month,Yes,Mailed check,70.15,886.7,No,0.754,0,High,2026-02-01
8071-SBTRN,Female,No,No,No,70,Yes,Yes,Fiber optic,Yes,Yes,Yes,No,Yes,Yes,Two year,Yes,Mailed check,111.15,7737.55,No,0.1981,0,Low,2026-04-01
1113-IUJYX,Female,No,Yes,No,14,Yes,No,Fiber optic,Yes,Yes,No,Yes,Yes,Yes,One year,No,Mailed check,105.95,1348.9,Yes,0.3801,0,Medium,2026-07-01
6668-CNMFP,Female,No,Yes,Yes,19,Yes,Yes,Fiber optic,No,No,No,Yes,No,Yes,One year,Yes,Bank transfer (automatic),89.35,1686.85,No,0.5295,0,Medium,2025-09-01
5626-MGTUK,Female,No,No,No,20,Yes,Yes,Fiber optic,Yes,No,No,No,Yes,No,Month-to-month,Yes,Bank transfer (automatic),89.1,1879.25,No,0.7165,0,High,2026-03-01
5681-LLOEI,Male,No,Yes,Yes,43,Yes,Yes,Fiber optic,Yes,No,Yes,Yes,No,No,One year,Yes,Credit card (automatic),91.25,4013.8,No,0.2243,0,Low,2026-07-01
8212-DJRCH,Male,No,Yes,Yes,5,Yes,No,Fiber optic,Yes,No,Yes,No,No,Yes,Month-to-month,Yes,Mailed check,90.35,434.5,No,0.7204,0,High,2026-02-01
4323-OHFOW,Female,Yes,Yes,No,70,Yes,Yes,Fiber optic,No,Yes,No,Yes,Yes,Yes,One year,Yes,Bank transfer (automatic),105.55,7195.35,No,0.3448,0,Medium,2026-03-01
4933-BSAIP,Female,No,Yes,No,40,Yes,No,No,No,No,No,No,No,No,Two year,No,Mailed check,19.1,780.1,No,0.0297,0,Low,2026-02-01
2030-BTZRO,Male,No,Yes,Yes,6,Yes,No,No,No,No,No,No,No,No,Two year,Yes,Credit card (automatic),20.4,107.6,No,0.1267,0,Low,2026-07-01
1116-DXXDF,Male,No,No,No,39,Yes,No,Fiber optic,Yes,No,Yes,No,Yes,Yes,Two year,Yes,Electronic check,100.45,3801.7,No,0.3721,0,Medium,2025-09-01
9274-CNFMO,Male,Yes,Yes,No,4,Yes,Yes,Fiber optic,No,No,No,No,No,No,Month-to-month,No,Electronic check,74.95,308.7,Yes,0.8556,1,High,2026-07-01
7758-XKCBS,Male,No,No,No,15,No,No,DSL,No,No,No,Yes,No,No,Month-to-month,Yes,Electronic check,29.7,438.25,Yes,0.6443,0,High,2026-06-01
8992-JQYUN,Male,No,Yes,No,1,No,No,DSL,No,No,Yes,No,Yes,Yes,Month-to-month,Yes,Electronic check,50.35,50.35,Yes,0.8719,1,High,2026-06-01
6563-VNPMN,Female,Yes,No,No,45,Yes,No,Fiber optic,Yes,Yes,No,Yes,No,No,Month-to-month,Yes,Bank transfer (automatic),85.7,3778.1,No,0.3522,0,Medium,2026-01-01
0617-AQNWT,Female,No,Yes,No,64,No,No,DSL,Yes,No,Yes,Yes,No,Yes,Two year,No,Electronic check,47.85,3147.5,Yes,0.0444,0,Low,2026-03-01
2267-WTPYD,Female,Yes,Yes,No,57,Yes,Yes,Fiber optic,No,Yes,Yes,No,No,Yes,Month-to-month,No,Credit card (automatic),94.0,5438.95,No,0.5233,0,Medium,2026-01-01
0270-THENM,Male,No,Yes,Yes,72,Yes,Yes,DSL,Yes,Yes,Yes,Yes,No,No,Two year,No,Bank transfer (automatic),69.85,5102.35,No,0.0136,0,Low,2025-12-01
2446-PLQVO,Male,No,No,No,1,Yes,No,Fiber optic,No,No,No,No,No,No,Month-to-month,Yes,Electronic check,70.3,70.3,Yes,0.8618,1,High,2026-07-01
4707-MAXGU,Male,No,Yes,No,72,Yes,Yes,No,No,No,No,No,No,No,Two year,No,Credit card (automatic),25.85,1872.2,No,0.0102,0,Low,2026-03-01
2710-WYVXG,Female,No,No,No,3,Yes,No,DSL,Yes,Yes,No,Yes,No,Yes,Two year,No,Mailed check,71.1,213.35,No,0.1468,0,Low,2026-05-01
3005-NFMTA,Male,Yes,No,No,55,Yes,Yes,Fiber optic,Yes,No,No,No,Yes,Yes,Month-to-month,Yes,Electronic check,98.8,5617.75,Yes,0.7258,0,High,2025-10-01
6300-BWMJX,Female,No,Yes,No,59,Yes,Yes,Fiber optic,No,No,Yes,Yes,Yes,No,Month-to-month,No,Electronic check,93.35,5386.5,No,0.469,0,Medium,2026-06-01
8784-CGILN,Female,No,No,No,18,Yes,Yes,Fiber optic,No,No,No,Yes,Yes,Yes,Month-to-month,Yes,Bank transfer (automatic),99.85,1776.95,Yes,0.7888,0,High,2026-04-01
5389-FFVKB,Male,Yes,Yes,No,32,Yes,No,Fiber optic,No,No,No,No,No,Yes,Month-to-month,Yes,Credit card (automatic),80.3,2483.05,Yes,0.7315,0,High,2026-08-01
7009-LGECI,Female,No,No,No,4,Yes,No,DSL,Yes,No,No,No,No,No,Month-to-month,Yes,Bank transfer (automatic),50.55,235.65,No,0.5404,0,Medium,2025-10-01
8444-WRIDW,Female,Yes,No,No,66,Yes,Yes,Fiber optic,No,Yes,No,No,No,No,Month-to-month,Yes,Credit card (automatic),80.45,5224.35,Yes,0.4446,0,Medium,2026-03-01
5022-KVDQT,Male,No,No,No,27,Yes,Yes,Fiber optic,No,No,Yes,No,No,No,Month-to-month,Yes,Electronic check,81.3,2272.8,No,0.7782,0,High,2026-03-01
7976-CICYS,Male,No,No,No,4,Yes,No,No,No,No,No,No,No,No,Month-to-month,Yes,Credit card (automatic),20.7,83.75,No,0.4368,0,Medium,2026-03-01
1036-GUDCL,Male,No,Yes,Yes,60,Yes,No,DSL,Yes,Yes,No,Yes,Yes,Yes,Month-to-month,Yes,Credit card (automatic),79.05,4663.4,No,0.1428,0,Low,2025-09-01
2005-DWQZJ,Female,No,Yes,Yes,8,Yes,No,No,No,No,No,No,No,No,Two year,No,Mailed check,19.05,201.7,No,0.0884,0,Low,2026-02-01
8148-WOCMK,Male,No,Yes,Yes,8,Yes,No,No,No,No,No,No,No,No,Two year,No,Credit card (automatic),19.6,125.0,No,0.0842,0,Low,2025-12-01
7815-PDTHL,Male,No,No,No,35,Yes,No,No,No,No,No,No,No,No,Two year,Yes,Mailed check,20.2,684.4,No,0.0532,0,Low,2026-04-01
9451-LPGOO,Male,No,No,No,7,Yes,Yes,Fiber optic,No,No,No,No,No,Yes,Month-to-month,Yes,Electronic check,86.8,620.35,Yes,0.895,1,High,2025-11-01
9173-IVZVP,Female,No,Yes,Yes,53,Yes,No,No,No,No,No,No,No,No,Two year,No,Mailed check,20.9,1146.05,No,0.0138,0,Low,2026-02-01
9129-UXERG,Female,Yes,No,No,18,Yes,Yes,Fiber optic,No,Yes,No,Yes,Yes,Yes,Month-to-month,Yes,Credit card (automatic),103.6,1806.35,No,0.7962,0,High,2026-04-01
3635-JBPSG,Female,No,No,No,15,No,No,DSL,No,Yes,No,No,No,Yes,Two year,Yes,Mailed check,38.8,603.0,No,0.3593,0,Medium,2025-09-01
7964-ZRKKG,Male,No,Yes,No,67,Yes,Yes,Fiber optic,No,Yes,No,No,Yes,No,One year,Yes,Bank transfer (automatic),88.4,5798.3,No,0.2977,0,Low,2026-06-01
5868-YWPDW,Male,Yes,Yes,No,6,Yes,No,Fiber optic,No,Yes,No,No,No,Yes,Month-to-month,Yes,Electronic check,84.2,519.15,Yes,0.8783,1,High,2026-05-01
6229-LSCKB,Male,Yes,No,No,6,Yes,No,Fiber optic,No,No,No,No,Yes,No,Month-to-month,Yes,Electronic check,79.7,497.6,No,0.8881,1,High,2025-09-01
2025-JKFWI,Male,No,No,No,13,Yes,Yes,Fiber optic,No,No,No,Yes,Yes,Yes,Month-to-month,Yes,Mailed check,99.0,1301.7,Yes,0.8228,1,High,2025-09-01
4078-SAYYN,Female,No,No,No,11,Yes,Yes,Fiber optic,No,No,Yes,No,Yes,Yes,Month-to-month,Yes,Electronic check,100.75,1129.75,Yes,0.899,1,High,2026-07-01
1724-IQWNM,Male,No,No,Yes,1,Yes,No,No,No,No,No,No,No,No,Month-to-month,Yes,Mailed check,19.3,19.3,No,0.4276,0,Medium,2025-12-01
8217-QYOHV,Male,No,No,No,5,Yes,No,DSL,Yes,No,No,Yes,No,No,Month-to-month,Yes,Mailed check,55.75,266.95,No,0.4557,0,Medium,2026-07-01
5546-QUERU,Male,No,No,No,13,Yes,No,No,No,No,No,No,No,No,One year,Yes,Mailed check,19.95,257.0,No,0.2139,0,Low,2026-02-01
9940-HPQPG,Female,No,Yes,No,9,Yes,Yes,Fiber optic,Yes,Yes,Yes,No,No,No,Month-to-month,No,Bank transfer (automatic),91.75,865.8,Yes,0.5953,0,Medium,2026-01-01
6897-UUBNU,Male,No,No,No,29,Yes,No,Fiber optic,No,Yes,No,Yes,Yes,No,Month-to-month,No,Mailed check,89.65,2623.65,No,0.5059,0,Medium,2025-12-01
6127-IYJOZ,Male,Yes,No,No,1,Yes,No,DSL,No,No,No,No,No,No,Month-to-month,Yes,Mailed check,45.85,45.85,No,0.7254,0,High,2026-04-01
6618-RYATB,Female,No,No,No,1,Yes,Yes,Fiber optic,No,No,Yes,No,No,No,Month-to-month,Yes,Mailed check,79.55,79.55,Yes,0.8428,1,High,2025-10-01
8930-XOTDP,Female,No,Yes,Yes,18,Yes,No,DSL,No,No,No,No,Yes,No,Month-to-month,No,Mailed check,55.95,1082.8,No,0.4379,0,Medium,2026-01-01
5916-QEWPT,Female,No,Yes,No,2,Yes,No,DSL,No,No,Yes,No,Yes,Yes,Month-to-month,No,Credit card (automatic),69.0,147.8,No,0.6702,0,High,2026-01-01
5060-TQUQN,Male,No,Yes,Yes,30,Yes,Yes,Fiber optic,No,Yes,No,Yes,No,No,Month-to-month,Yes,Bank transfer (automatic),83.55,2570.2,No,0.5234,0,Medium,2025-10-01
0531-XBKMM,Male,No,No,Yes,66,Yes,Yes,DSL,Yes,Yes,No,Yes,No,No,Two year,No,Bank transfer (automatic),65.7,4378.9,No,0.0162,0,Low,2026-01-01
8465-SBRXP,Male,No,Yes,Yes,38,Yes,Yes,Fiber optic,No,No,Yes,Yes,Yes,No,Two year,Yes,Bank transfer (automatic),94.9,3616.25,No,0.2485,0,Low,2026-03-01
2408-PSJVE,Male,No,Yes,Yes,44,Yes,No,DSL,No,Yes,Yes,Yes,No,No,Month-to-month,Yes,Mailed check,61.9,2924.05,No,0.1863,0,Low,2026-05-01
9079-YEXQJ,Female,No,No,No,54,Yes,Yes,Fiber optic,No,Yes,Yes,Yes,Yes,Yes,Month-to-month,No,Electronic check,111.1,6014.85,Yes,0.5786,0,Medium,2025-10-01
9700-ZCLOT,Male,No,No,No,2,Yes,No,No,No,No,No,No,No,No,Month-to-month,No,Mailed check,20.0,32.7,No,0.3801,0,Medium,2026-07-01
8738-JOKAR,Female,No,No,No,42,Yes,No,DSL,Yes,Yes,No,Yes,No,Yes,One year,Yes,Mailed check,67.7,2882.25,No,0.1239,0,Low,2026-07-01
4534-WGCIR,Female,No,Yes,Yes,58,Yes,Yes,No,No,No,No,No,No,No,Two year,No,Credit card (automatic),25.15,1509.9,No,0.0142,0,Low,2026-05-01
1930-WNXSB,Male,No,Yes,Yes,58,Yes,No,Fiber optic,No,Yes,No,No,Yes,Yes,Month-to-month,Yes,Electronic check,92.85,5305.05,No,0.5909,0,Medium,2026-08-01
2685-SREOM,Female,No,Yes,Yes,25,Yes,Yes,Fiber optic,No,No,Yes,No,No,Yes,Month-to-month,Yes,Electronic check,89.1,2368.4,Yes,0.8028,1,High,2026-02-01
3508-CFVZL,Female,No,No,No,71,Yes,Yes,Fiber optic,Yes,Yes,Yes,Yes,Yes,Yes,Two year,No,Mailed check,111.3,7985.9,No,0.1104,0,Low,2026-06-01
0402-CQAJN,Female,No,No,No,37,Yes,Yes,Fiber optic,No,Yes,Yes,No,Yes,Yes,Month-to-month,Yes,Bank transfer (automatic),101.9,3545.35,Yes,0.7292,0,High,2026-05-01
6692-UDPJC,Female,No,Yes,Yes,14,Yes,Yes,Fiber optic,No,No,No,Yes,Yes,No,Month-to-month,Yes,Electronic check,91.65,1301.0,Yes,0.7763,0,High,2026-03-01
1273-MTETI,Female,Yes,No,No,4,Yes,Yes,Fiber optic,No,No,Yes,No,No,Yes,Month-to-month,Yes,Electronic check,88.85,372.45,Yes,0.9156,1,High,2025-11-01
0657-DOGUM,Female,No,Yes,No,48,Yes,Yes,DSL,Yes,No,No,Yes,No,No,One year,Yes,Bank transfer (automatic),60.6,2985.25,No,0.1015,0,Low,2026-03-01
5480-HPRRX,Female,Yes,No,No,3,No,No,DSL,No,No,No,No,No,No,Month-to-month,No,Electronic check,25.3,77.75,Yes,0.7778,0,High,2026-07-01
8792-AOROI,Female,No,Yes,No,8,Yes,No,DSL,Yes,No,No,Yes,No,Yes,Two year,No,Mailed check,65.5,564.35,No,0.1496,0,Low,2026-08-01
0295-PPHDO,Male,No,No,No,1,Yes,Yes,Fiber optic,No,No,No,No,Yes,Yes,Month-to-month,Yes,Electronic check,95.45,95.45,Yes,0.9243,1,High,2026-02-01
5146-YYFRZ,Male,No,No,No,67,Yes,No,No,No,No,No,No,No,No,Two year,No,Bank transfer (automatic),19.95,1311.75,No,0.0092,0,Low,2025-11-01
1195-OIYEJ,Male,No,No,No,13,Yes,No,Fiber optic,No,No,No,No,Yes,Yes,Month-to-month,Yes,Electronic check,91.1,1135.7,Yes,0.8744,1,High,2026-05-01
5906-CVLHP,Female,No,Yes,Yes,45,Yes,No,DSL,No,Yes,No,Yes,No,No,One year,Yes,Credit card (automatic),54.15,2319.8,Yes,0.0864,0,Low,2025-09-01
3452-SRFEG,Male,No,No,No,49,Yes,Yes,Fiber optic,No,No,No,No,No,No,Month-to-month,Yes,Bank transfer (automatic),74.6,3720.35,No,0.5609,0,Medium,2025-10-01
4070-OKWVH,Female,No,Yes,No,52,Yes,Yes,Fiber optic,No,Yes,Yes,No,Yes,No,Month-to-month,No,Bank transfer (automatic),94.6,5025.8,No,0.4833,0,Medium,2026-03-01
5297-MDOIR,Female,No,Yes,No,63,Yes,No,Fiber optic,Yes,No,Yes,No,No,No,One year,Yes,Credit card (automatic),81.15,5224.5,No,0.1757,0,Low,2026-08-01
6369-MCAKO,Female,No,Yes,Yes,68,Yes,Yes,DSL,Yes,Yes,Yes,Yes,Yes,Yes,Two year,Yes,Bank transfer (automatic),89.05,6185.8,No,0.0456,0,Low,2025-12-01
4926-UMJZD,Female,No,Yes,No,31,Yes,No,DSL,No,No,No,Yes,No,No,Month-to-month,Yes,Mailed check,49.2,1498.55,No,0.3312,0,Medium,2026-02-01
6848-HJTXY,Female,No,Yes,No,64,Yes,No,No,No,No,No,No,No,No,Two year,No,Credit card (automatic),19.45,1208.6,No,0.0102,0,Low,2025-12-01
6341-AEVKX,Female,No,Yes,No,62,Yes,No,Fiber optic,Yes,No,Yes,Yes,Yes,Yes,One year,Yes,Electronic check,104.3,6613.65,No,0.3236,0,Medium,2026-02-01
4501-EQDRN,Female,No,No,No,1,Yes,No,Fiber optic,No,No,No,No,No,No,Month-to-month,No,Bank transfer (automatic),69.7,69.7,Yes,0.745,0,High,2025-09-01
2990-HWIML,Female,No,No,No,6,Yes,No,Fiber optic,No,No,No,No,Yes,Yes,Month-to-month,Yes,Electronic check,89.5,573.3,Yes,0.895,1,High,2026-04-01
0682-USIXD,Female,No,Yes,No,21,Yes,No,Fiber optic,No,No,No,Yes,Yes,No,Month-to-month,Yes,Electronic check,86.05,1818.9,No,0.7395,0,High,2026-04-01
6976-BWGLQ,Female,No,Yes,Yes,72,Yes,Yes,No,No,No,No,No,No,No,Two year,No,Bank transfer (automatic),25.2,1787.35,No,0.0078,0,Low,2025-12-01
7078-NVFAM,Female,No,Yes,Yes,32,No,No,DSL,Yes,Yes,No,No,No,No,Month-to-month,Yes,Electronic check,35.15,1051.05,No,0.3594,0,Medium,2025-12-01
8065-QBYTO,Female,Yes,No,No,71,Yes,Yes,Fiber optic,Yes,Yes,No,Yes,Yes,No,One year,Yes,Credit card (automatic),99.65,7181.25,No,0.2036,0,Low,2026-06-01
2133-TSRRM,Female,No,No,Yes,34,Yes,No,Fiber optic,Yes,Yes,Yes,No,Yes,Yes,Month-to-month,Yes,Bank transfer (automatic),105.35,3688.6,No,0.5589,0,Medium,2025-11-01
7384-GHBPI,Male,No,Yes,No,3,No,No,DSL,No,No,No,No,No,Yes,Month-to-month,Yes,Electronic check,35.15,99.75,Yes,0.8472,1,High,2025-09-01
7603-USHJS,Male,No,No,Yes,12,Yes,Yes,Fiber optic,No,No,No,No,No,No,Month-to-month,Yes,Credit card (automatic),73.75,871.4,Yes,0.7582,0,High,2025-09-01
7234-FECYN,Female,Yes,No,No,8,Yes,Yes,Fiber optic,No,No,Yes,No,Yes,Yes,Month-to-month,No,Electronic check,101.35,780.5,Yes,0.8873,1,High,2026-07-01
2511-ALLCS,Female,No,Yes,Yes,35,Yes,Yes,No,No,No,No,No,No,No,Two year,No,Bank transfer (automatic),24.3,821.6,No,0.0352,0,Low,2026-01-01
3191-CSNMG,Female,No,Yes,Yes,3,Yes,No,Fiber optic,No,No,No,No,Yes,No,Month-to-month,Yes,Electronic check,80.7,239.45,No,0.8442,1,High,2025-10-01
7952-OBOYL,Male,No,No,No,3,Yes,No,Fiber optic,No,No,Yes,Yes,Yes,No,Month-to-month,Yes,Mailed check,89.85,244.45,No,0.7713,0,High,2026-07-01
7470-DYNOE,Male,No,No,No,53,Yes,No,DSL,No,No,Yes,No,No,Yes,One year,Yes,Electronic check,61.1,3357.9,No,0.2435,0,Low,2025-10-01
7853-OETYL,Female,No,Yes,No,4,No,No,DSL,Yes,No,No,No,No,No,Month-to-month,Yes,Electronic check,29.05,129.6,No,0.7234,0,High,2026-01-01
1545-ACTAS,Female,No,Yes,Yes,48,Yes,No,Fiber optic,Yes,No,Yes,No,Yes,Yes,One year,Yes,Bank transfer (automatic),99.7,4977.2,No,0.3378,0,Medium,2025-09-01
5876-HZVZM,Female,No,Yes,Yes,6,Yes,No,DSL,Yes,Yes,No,No,No,No,Month-to-month,No,Credit card (automatic),55.9,365.35,Yes,0.3334,0,Medium,2026-05-01
1400-MMYXY,Male,Yes,Yes,No,3,Yes,Yes,Fiber optic,No,Yes,Yes,No,Yes,Yes,Month-to-month,Yes,Electronic check,105.9,334.65,Yes,0.9171,1,High,2026-05-01
5126-RCXYW,Male,No,Yes,Yes,54,No,No,DSL,No,No,Yes,Yes,No,Yes,Two year,No,Credit card (automatic),46.0,2424.05,No,0.0508,0,Low,2026-06-01
3085-QUOZK,Female,No,No,No,1,Yes,No,DSL,No,No,No,No,No,No,Month-to-month,No,Mailed check,43.95,43.95,Yes,0.5993,0,Medium,2025-12-01
2363-BJLSL,Male,No,No,No,62,Yes,No,DSL,No,Yes,Yes,Yes,Yes,Yes,Month-to-month,Yes,Bank transfer (automatic),80.4,4981.15,No,0.228,0,Low,2025-12-01
1956-YIFGE,Male,No,Yes,Yes,22,Yes,No,Fiber optic,No,Yes,Yes,No,Yes,Yes,One year,Yes,Mailed check,100.05,2090.25,No,0.5583,0,Medium,2026-08-01
3926-CUQZX,Male,No,No,No,1,Yes,No,DSL,No,No,No,No,No,No,Month-to-month,Yes,Bank transfer (automatic),45.1,45.1,Yes,0.6731,0,High,2026-06-01
7921-LMDFQ,Male,Yes,No,No,51,Yes,No,Fiber optic,No,No,Yes,No,Yes,Yes,One year,Yes,Bank transfer (automatic),94.0,4905.75,No,0.5173,0,Medium,2025-09-01
2925-MXLSX,Female,No,No,No,30,Yes,Yes,DSL,No,Yes,Yes,No,Yes,No,One year,Yes,Credit card (automatic),68.95,2038.7,No,0.3213,0,Medium,2026-05-01
5820-PTRYM,Female,Yes,Yes,No,56,Yes,Yes,DSL,Yes,Yes,Yes,Yes,No,No,One year,Yes,Credit card (automatic),68.45,4014.0,No,0.0884,0,Low,2026-06-01
9609-BENEA,Male,No,Yes,No,35,Yes,Yes,DSL,No,Yes,No,Yes,Yes,No,One year,Yes,Electronic check,69.0,2441.7,No,0.2997,0,Low,2026-03-01
6211-WHMYA,Female,Yes,No,No,64,No,No,DSL,No,Yes,No,Yes,Yes,No,Month-to-month,Yes,Electronic check,43.85,2751.0,No,0.2657,0,Low,2026-04-01
4459-BBGHE,Male,No,No,Yes,30,No,No,DSL,No,No,No,No,Yes,Yes,Month-to-month,Yes,Electronic check,44.5,1307.8,No,0.6632,0,High,2025-09-01
9945-PSVIP,Female,No,Yes,Yes,25,Yes,No,No,No,No,No,No,No,No,Two year,Yes,Mailed check,18.7,383.65,No,0.062,0,Low,2025-09-01
1041-RXHRA,Female,No,No,No,41,Yes,No,Fiber optic,No,No,No,No,No,No,Month-to-month,No,Bank transfer (automatic),70.25,2868.05,Yes,0.452,0,Medium,2025-09-01
1750-CSKKM,Male,No,No,Yes,9,Yes,No,DSL,No,No,No,No,Yes,No,Month-to-month,No,Electronic check,55.35,449.75,Yes,0.5938,0,Medium,2025-10-01
9108-EJFJP,Female,No,Yes,No,1,Yes,No,DSL,Yes,Yes,No,No,No,No,Month-to-month,Yes,Mailed check,53.55,53.55,No,0.5379,0,Medium,2026-08-01
0530-IJVDB,Male,No,No,Yes,70,Yes,Yes,Fiber optic,Yes,Yes,Yes,Yes,Yes,Yes,Two year,Yes,Electronic check,114.6,7882.5,No,0.1645,0,Low,2026-04-01
0508-SQWPL,Female,No,Yes,Yes,57,Yes,No,No,No,No,No,No,No,No,Two year,Yes,Bank transfer (automatic),20.1,1087.7,No,0.0156,0,Low,2026-06-01
2215-ZAFGX,Male,No,No,No,9,Yes,Yes,Fiber optic,No,No,No,No,Yes,No,Month-to-month,Yes,Electronic check,85.5,791.7,No,0.8823,1,High,2025-12-01
8213-TAZPM,Female,No,Yes,Yes,69,Yes,Yes,Fiber optic,No,Yes,Yes,Yes,Yes,Yes,One year,Yes,Bank transfer (automatic),108.75,7493.05,No,0.2714,0,Low,2026-08-01
7142-HVGBG,Male,Yes,Yes,No,43,Yes,Yes,Fiber optic,No,Yes,Yes,No,Yes,Yes,Month-to-month,Yes,Electronic check,103.0,4414.3,Yes,0.8125,1,High,2025-11-01
1304-SEGFY,Female,No,Yes,No,72,Yes,Yes,Fiber optic,No,No,Yes,No,Yes,Yes,Two year,Yes,Electronic check,97.85,6841.3,No,0.3237,0,Medium,2026-07-01
7242-EDTYC,Male,No,No,Yes,44,Yes,No,No,No,No,No,No,No,No,Two year,No,Bank transfer (automatic),19.55,819.95,No,0.0192,0,Low,2025-09-01
2904-GGUAZ,Female,No,Yes,No,72,Yes,Yes,Fiber optic,Yes,Yes,No,No,No,No,Two year,Yes,Bank transfer (automatic),84.05,6052.25,No,0.0902,0,Low,2025-09-01
8267-ZNYVZ,Female,No,Yes,No,33,Yes,No,Fiber optic,Yes,No,Yes,Yes,Yes,Yes,One year,Yes,Electronic check,103.75,3361.05,Yes,0.4763,0,Medium,2025-09-01
5136-GFPMB,Male,No,No,No,54,Yes,Yes,Fiber optic,No,No,Yes,No,No,Yes,Month-to-month,No,Credit card (automatic),89.4,4869.5,No,0.5298,0,Medium,2026-06-01
2595-KIWPV,Male,No,No,Yes,27,Yes,No,No,No,No,No,No,No,No,Two year,No,Credit card (automatic),19.7,509.3,No,0.0396,0,Low,2025-12-01
5243-SAOTC,Male,No,No,No,54,Yes,Yes,Fiber optic,No,Yes,No,No,No,No,Month-to-month,Yes,Bank transfer (automatic),79.85,4308.25,No,0.4887,0,Medium,2026-02-01
9398-MMQTO,Male,No,No,No,3,Yes,No,Fiber optic,No,Yes,No,No,No,No,Month-to-month,No,Credit card (automatic),74.45,221.1,No,0.703,0,High,2026-02-01
7619-PLRLP,Female,No,Yes,No,53,Yes,Yes,DSL,Yes,Yes,Yes,No,No,Yes,One year,No,Bank transfer (automatic),74.1,3833.95,No,0.1017,0,Low,2026-06-01
6457-GIRWB,Male,No,No,No,1,Yes,No,Fiber optic,No,No,No,No,No,No,Month-to-month,Yes,Electronic check,69.35,69.35,Yes,0.863,1,High,2026-01-01
6508-NJYRO,Male,No,Yes,No,15,Yes,No,No,No,No,No,No,No,No,One year,No,Mailed check,18.8,294.95,No,0.1467,0,Low,2025-09-01
1450-SKCVI,Female,No,No,No,56,Yes,No,Fiber optic,No,Yes,No,No,No,No,Month-to-month,Yes,Electronic check,73.85,4092.85,Yes,0.4884,0,Medium,2026-01-01
4710-NKCAW,Male,No,Yes,Yes,5,Yes,Yes,DSL,Yes,Yes,No,Yes,No,No,Month-to-month,No,Credit card (automatic),64.4,316.9,No,0.3152,0,Medium,2025-12-01
5306-BVTKJ,Male,No,Yes,Yes,48,Yes,No,DSL,No,Yes,Yes,No,No,No,One year,Yes,Credit card (automatic),55.8,2651.2,No,0.1088,0,Low,2026-05-01
0357-NVCRI,Female,No,No,Yes,25,Yes,No,No,No,No,No,No,No,No,Month-to-month,No,Credit card (automatic),20.05,471.7,No,0.1451,0,Low,2026-06-01
5570-PTWEH,Female,No,Yes,No,3,Yes,Yes,Fiber optic,No,No,No,No,No,No,Month-to-month,Yes,Credit card (automatic),75.15,216.75,Yes,0.8326,1,High,2025-10-01
2371-KFUOG,Male,No,No,No,58,Yes,No,Fiber optic,Yes,Yes,No,No,Yes,Yes,One year,No,Bank transfer (automatic),99.15,5720.95,No,0.2286,0,Low,2026-06-01
0463-ZSDNT,Male,No,No,No,10,Yes,No,DSL,No,No,No,No,No,Yes,Month-to-month,Yes,Bank transfer (automatic),56.75,503.25,No,0.6567,0,High,2025-09-01
6502-MJQAE,Male,No,No,No,1,Yes,No,Fiber optic,No,No,No,No,No,No,Month-to-month,Yes,Electronic check,69.6,69.6,Yes,0.8627,1,High,2026-04-01
6257-DTAYD,Male,No,Yes,No,71,Yes,Yes,Fiber optic,No,Yes,No,Yes,Yes,Yes,Two year,Yes,Credit card (automatic),104.15,7365.3,No,0.1927,0,Low,2026-01-01
4616-ULAOA,Female,No,Yes,Yes,65,Yes,Yes,Fiber optic,No,Yes,Yes,Yes,Yes,Yes,Two year,Yes,Credit card (automatic),110.8,7245.9,No,0.1828,0,Low,2025-12-01
7693-LCKZL,Male,No,Yes,Yes,5,Yes,Yes,Fiber optic,No,Yes,No,No,No,No,Month-to-month,Yes,Electronic check,80.15,385.0,Yes,0.8195,1,High,2026-02-01
7746-AWNQW,Female,No,No,No,28,No,No,DSL,No,No,Yes,Yes,No,No,Month-to-month,Yes,Mailed check,35.75,961.4,No,0.4261,0,Medium,2025-12-01
5996-EBTKM,Female,No,Yes,Yes,67,Yes,Yes,DSL,No,No,Yes,Yes,No,Yes,Two year,Yes,Bank transfer (automatic),69.9,4615.9,No,0.0514,0,Low,2026-06-01
2758-RNWXS,Male,No,No,No,35,Yes,No,Fiber optic,Yes,No,No,Yes,No,Yes,One year,Yes,Electronic check,89.2,3251.3,No,0.4224,0,Medium,2026-08-01
2314-TNDJQ,Female,No,Yes,Yes,72,No,No,DSL,Yes,Yes,Yes,Yes,No,Yes,Two year,No,Credit card (automatic),55.65,3880.05,No,0.0165,0,Low,2026-06-01
2405-LBMUW,Female,No,Yes,Yes,61,No,No,DSL,Yes,Yes,No,Yes,No,Yes,One year,Yes,Bank transfer (automatic),50.7,3088.75,No,0.0632,0,Low,2026-02-01
3454-JFUBC,Male,Yes,No,No,68,Yes,No,No,No,No,No,No,No,No,Two year,Yes,Credit card (automatic),20.0,1396.0,No,0.0159,0,Low,2026-03-01
0032-PGELS,Female,No,Yes,Yes,1,No,No,DSL,Yes,No,No,No,No,No,Month-to-month,No,Bank transfer (automatic),30.5,30.5,Yes,0.5223,0,Medium,2026-02-01
9039-ZVJDC,Male,No,No,No,3,Yes,No,No,No,No,No,No,No,No,Month-to-month,Yes,Mailed check,19.1,53.05,No,0.4633,0,Medium,2026-06-01
6797-LNAQX,Male,No,Yes,Yes,70,Yes,Yes,Fiber optic,No,Yes,No,No,Yes,Yes,Two year,No,Bank transfer (automatic),98.3,6859.5,Yes,0.1508,0,Low,2026-03-01
9013-AQORL,Female,No,No,Yes,48,No,No,DSL,No,Yes,Yes,No,No,Yes,Month-to-month,No,Credit card (automatic),45.55,2108.35,No,0.2362,0,Low,2026-02-01
2898-MRKPI,Male,No,Yes,Yes,68,Yes,Yes,Fiber optic,No,Yes,No,No,Yes,Yes,One year,Yes,Credit card (automatic),101.05,6770.5,No,0.3394,0,Medium,2026-01-01
2750-BJLSB,Female,No,No,No,47,Yes,No,Fiber optic,Yes,No,Yes,Yes,Yes,Yes,One year,Yes,Electronic check,103.7,4730.6,No,0.3927,0,Medium,2026-01-01
3648-GZPHF,Male,No,Yes,Yes,32,No,No,DSL,No,No,Yes,Yes,No,No,One year,Yes,Mailed check,36.25,1151.05,No,0.1995,0,Low,2026-03-01
2075-RMJIK,Female,No,Yes,Yes,5,Yes,No,DSL,Yes,No,No,No,No,No,Month-to-month,Yes,Mailed check,49.4,232.55,No,0.4871,0,Medium,2026-05-01
9588-YRFHY,Male,No,No,No,49,Yes,No,No,No,No,No,No,No,No,Two year,Yes,Credit card (automatic),19.9,1022.6,No,0.029,0,Low,2026-02-01
6394-MFYNG,Female,No,No,No,48,Yes,Yes,Fiber optic,No,Yes,Yes,No,Yes,Yes,Month-to-month,Yes,Bank transfer (automatic),107.4,5121.3,Yes,0.6824,0,High,2026-06-01
1564-NTYXF,Female,Yes,No,No,13,Yes,Yes,Fiber optic,No,No,No,No,No,Yes,Month-to-month,Yes,Electronic check,82.0,1127.2,Yes,0.9007,1,High,2026-06-01
9364-YKUVW,Male,No,No,No,15,Yes,No,No,No,No,No,No,No,No,Month-to-month,Yes,Mailed check,19.8,309.4,No,0.3398,0,Medium,2026-02-01
5392-AKEMH,Female,No,No,No,12,Yes,No,DSL,No,No,No,No,No,No,Month-to-month,Yes,Electronic check,45.05,523.1,No,0.6602,0,High,2026-07-01
2451-YMUXS,Male,Yes,No,No,67,Yes,Yes,DSL,Yes,Yes,No,Yes,No,No,Two year,Yes,Bank transfer (automatic),64.55,4250.1,No,0.0332,0,Low,2025-11-01
3914-FDRHP,Male,No,No,No,9,Yes,No,Fiber optic,No,No,No,Yes,Yes,No,Month-to-month,No,Electronic check,86.25,770.5,No,0.7362,0,High,2026-08-01
3078-ZKNTS,Female,No,Yes,Yes,13,Yes,No,No,No,No,No,No,No,No,Two year,Yes,Bank transfer (automatic),19.75,246.7,No,0.095,0,Low,2025-12-01
1024-KPRBB,Female,No,No,No,38,Yes,No,Fiber optic,No,No,No,No,Yes,Yes,One year,Yes,Mailed check,89.1,3342.0,No,0.5575,0,Medium,2026-03-01
4690-PKDQG,Female,Yes,Yes,No,42,Yes,Yes,Fiber optic,No,Yes,Yes,No,Yes,No,Month-to-month,Yes,Electronic check,95.55,3930.6,No,0.7485,0,High,2025-12-01
8155-IBNHG,Female,No,Yes,No,24,Yes,Yes,Fiber optic,No,No,No,No,No,No,Month-to-month,Yes,Credit card (automatic),75.4,1747.85,Yes,0.722,0,High,2026-02-01
0886-QGENL,Female,Yes,Yes,No,27,Yes,No,Fiber optic,Yes,No,Yes,No,Yes,Yes,Month-to-month,Yes,Electronic check,101.25,2754.45,Yes,0.7885,0,High,2026-01-01
9547-ITEFG,Male,No,Yes,Yes,9,Yes,Yes,Fiber optic,No,Yes,Yes,No,Yes,Yes,Month-to-month,Yes,Credit card (automatic),102.6,897.75,No,0.8174,1,High,2026-05-01
1264-FUHCX,Female,No,Yes,No,49,No,No,DSL,No,Yes,No,Yes,Yes,Yes,One year,Yes,Credit card (automatic),56.3,2780.6,No,0.2063,0,Low,2025-09-01
7789-CRUVC,Female,Yes,Yes,No,61,Yes,Yes,Fiber optic,Yes,Yes,Yes,Yes,No,No,Month-to-month,Yes,Credit card (automatic),94.2,5895.45,No,0.3314,0,Medium,2026-07-01
6598-KELSS,Male,No,No,Yes,50,No,No,DSL,Yes,Yes,No,No,Yes,No,One year,Yes,Bank transfer (automatic),43.05,2208.05,No,0.1165,0,Low,2026-07-01
8739-WWKDU,Male,Yes,No,No,25,Yes,Yes,Fiber optic,No,Yes,No,No,Yes,No,Month-to-month,Yes,Electronic check,89.5,2196.15,Yes,0.8318,1,High,2026-03-01
8685-WHQPW,Female,Yes,No,No,22,Yes,Yes,Fiber optic,No,No,No,No,No,No,Month-to-month,Yes,Bank transfer (automatic),74.4,1692.6,Yes,0.776,0,High,2026-03-01
4745-LSPLO,Male,No,No,No,1,Yes,No,No,No,No,No,No,No,No,Month-to-month,No,Mailed check,20.5,20.5,Yes,0.3893,0,Medium,2026-05-01
8083-YTZES,Male,No,No,No,4,Yes,Yes,Fiber optic,No,No,No,No,No,No,Month-to-month,Yes,Electronic check,74.35,265.35,Yes,0.8772,1,High,2025-11-01
7240-FQLHE,Female,Yes,Yes,No,18,Yes,Yes,Fiber optic,No,No,No,Yes,Yes,Yes,Month-to-month,No,Bank transfer (automatic),99.75,1836.25,Yes,0.7581,0,High,2026-05-01
6664-FPDAC,Female,Yes,No,No,56,Yes,Yes,Fiber optic,No,Yes,Yes,Yes,Yes,Yes,One year,Yes,Electronic check,111.95,6418.9,Yes,0.5389,0,Medium,2025-11-01
9972-VAFJJ,Female,Yes,Yes,No,53,Yes,No,Fiber optic,No,Yes,Yes,Yes,Yes,No,One year,Yes,Electronic check,94.0,4871.45,No,0.3733,0,Medium,2026-05-01
0422-UXFAP,Female,No,Yes,No,51,Yes,Yes,Fiber optic,No,No,Yes,No,Yes,Yes,One year,Yes,Electronic check,98.85,4947.55,No,0.6104,0,High,2025-12-01
1904-WAJAA,Female,No,Yes,Yes,24,Yes,Yes,DSL,Yes,Yes,Yes,No,No,No,Two year,No,Electronic check,64.35,1558.65,No,0.111,0,Low,2026-05-01
5130-YPIRV,Female,No,Yes,No,62,Yes,No,DSL,Yes,Yes,Yes,No,Yes,No,Two year,Yes,Credit card (automatic),72.0,4284.2,No,0.0435,0,Low,2026-06-01
2843-CQMEG,Male,No,No,No,24,Yes,No,DSL,No,Yes,No,No,No,No,Month-to-month,Yes,Mailed check,49.7,1218.25,No,0.4458,0,Medium,2025-11-01
6439-PKTRR,Female,No,Yes,Yes,70,Yes,Yes,DSL,Yes,Yes,Yes,Yes,Yes,No,Two year,No,Electronic check,80.7,5617.95,No,0.0279,0,Low,2026-04-01
5351-QESIO,Male,No,No,Yes,1,No,No,DSL,No,No,No,No,No,No,Month-to-month,No,Mailed check,24.2,24.2,No,0.6527,0,High,2026-02-01
0786-VSSUD,Male,Yes,No,No,16,No,No,DSL,No,Yes,No,No,Yes,No,Month-to-month,Yes,Mailed check,39.0,679.85,Yes,0.7041,0,High,2025-12-01
5568-DMXZS,Female,No,No,No,8,Yes,No,DSL,No,Yes,No,Yes,Yes,No,Month-to-month,Yes,Electronic check,65.45,554.45,No,0.6162,0,High,2026-04-01
8468-FZTOE,Female,No,Yes,Yes,72,Yes,No,DSL,Yes,Yes,Yes,Yes,No,Yes,Two year,Yes,Electronic check,74.35,5237.4,No,0.03,0,Low,2026-08-01
6633-SYEUS,Female,No,No,No,23,Yes,No,Fiber optic,No,Yes,Yes,Yes,No,No,Month-to-month,No,Bank transfer (automatic),83.2,2032.3,No,0.4691,0,Medium,2025-09-01
6447-GORXK,Male,No,No,Yes,31,No,No,DSL,No,No,No,No,No,No,Month-to-month,No,Credit card (automatic),25.0,789.2,No,0.3381,0,Medium,2026-08-01
6967-PEJLL,Male,No,Yes,Yes,37,No,No,DSL,Yes,No,Yes,Yes,No,No,One year,Yes,Electronic check,40.2,1525.35,No,0.1602,0,Low,2026-07-01
3976-BWUCK,Female,No,Yes,No,30,Yes,Yes,Fiber optic,No,Yes,No,Yes,Yes,No,Month-to-month,Yes,Credit card (automatic),94.1,2804.45,Yes,0.6322,0,High,2026-03-01
5981-ZVXOT,Female,Yes,No,No,35,Yes,Yes,Fiber optic,Yes,Yes,Yes,No,Yes,Yes,One year,Yes,Electronic check,108.35,3726.15,No,0.6273,0,High,2026-04-01
1684-FLBGS,Female,No,Yes,Yes,23,Yes,Yes,DSL,No,Yes,No,Yes,Yes,No,Month-to-month,Yes,Credit card (automatic),69.5,1652.1,No,0.4124,0,Medium,2026-01-01
1389-WNUIB,Female,No,Yes,Yes,20,Yes,Yes,DSL,Yes,No,No,No,Yes,Yes,One year,No,Bank transfer (automatic),76.0,1588.75,No,0.2771,0,Low,2025-10-01
0376-OIWME,Male,No,Yes,No,36,Yes,No,Fiber optic,Yes,No,No,No,Yes,Yes,Month-to-month,Yes,Electronic check,93.6,3366.05,No,0.7183,0,High,2026-03-01
3585-ISXZP,Female,No,No,No,8,Yes,Yes,Fiber optic,No,No,No,No,Yes,Yes,Month-to-month,No,Bank transfer (automatic),95.65,778.1,Yes,0.8261,1,High,2026-06-01
0218-QNVAS,Male,No,Yes,Yes,71,Yes,Yes,Fiber optic,No,Yes,No,No,Yes,Yes,One year,No,Bank transfer (automatic),100.55,7113.75,No,0.2476,0,Low,2025-11-01
6583-QGCSI,Female,Yes,Yes,No,50,Yes,Yes,Fiber optic,No,Yes,No,No,Yes,No,Month-to-month,Yes,Electronic check,88.05,4367.35,Yes,0.7097,0,High,2026-05-01
0804-YGEQV,Female,No,Yes,Yes,43,Yes,Yes,No,No,No,No,No,No,No,One year,Yes,Bank transfer (automatic),24.45,993.15,No,0.0663,0,Low,2026-05-01
7164-BPTUT,Male,No,No,Yes,57,Yes,Yes,DSL,Yes,Yes,Yes,Yes,Yes,Yes,Two year,No,Mailed check,89.55,5012.35,No,0.0441,0,Low,2026-06-01
4174-LPGTI,Female,No,Yes,Yes,41,Yes,No,DSL,No,Yes,No,Yes,No,Yes,One year,Yes,Bank transfer (automatic),66.5,2728.6,Yes,0.136,0,Low,2026-01-01
2523-EWWZL,Female,No,Yes,No,27,Yes,No,Fiber optic,No,Yes,No,No,No,No,Month-to-month,Yes,Electronic check,76.1,2093.4,No,0.6977,0,High,2026-01-01
0928-XUTSN,Female,No,No,No,13,Yes,No,Fiber optic,No,No,No,No,No,Yes,Month-to-month,Yes,Electronic check,80.5,1011.8,No,0.8483,1,High,2026-01-01
2108-XWMPY,Male,No,No,No,3,No,No,DSL,Yes,Yes,No,No,No,No,Month-to-month,Yes,Mailed check,35.45,106.85,Yes,0.6279,0,High,2026-07-01
0052-YNYOT,Female,No,No,No,67,Yes,No,No,No,No,No,No,No,No,One year,No,Electronic check,20.55,1343.4,No,0.0242,0,Low,2026-07-01
6304-IJFSQ,Male,No,No,No,3,Yes,No,DSL,No,Yes,No,No,No,No,Month-to-month,Yes,Mailed check,49.9,130.1,Yes,0.6287,0,High,2026-01-01
9586-JGQKH,Female,No,Yes,No,64,Yes,Yes,Fiber optic,No,Yes,No,Yes,Yes,Yes,Two year,Yes,Bank transfer (automatic),105.4,6794.75,No,0.2183,0,Low,2026-08-01
4501-VCPFK,Male,No,No,No,26,No,No,DSL,No,No,Yes,Yes,No,No,Month-to-month,No,Electronic check,35.75,1022.5,No,0.4415,0,Medium,2026-03-01
6075-SLNIL,Male,No,No,No,38,Yes,Yes,Fiber optic,No,Yes,Yes,No,No,Yes,Month-to-month,Yes,Credit card (automatic),95.1,3691.2,No,0.6884,0,High,2026-01-01
9347-AERRL,Male,No,Yes,No,23,Yes,No,No,No,No,No,No,No,No,One year,No,Credit card (automatic),19.3,486.2,No,0.1044,0,Low,2025-09-01
0093-XWZFY,Male,No,No,No,40,Yes,Yes,Fiber optic,No,Yes,Yes,No,Yes,Yes,Month-to-month,Yes,Credit card (automatic),104.5,4036.85,Yes,0.7234,0,High,2026-04-01
2274-XUATA,Male,Yes,Yes,No,72,No,No,DSL,Yes,Yes,Yes,Yes,Yes,Yes,Two year,Yes,Bank transfer (automatic),63.1,4685.55,No,0.0526,0,Low,2026-04-01
1980-KXVPM,Female,Yes,No,No,3,Yes,Yes,Fiber optic,No,No,No,No,No,No,Month-to-month,Yes,Credit card (automatic),75.05,256.25,Yes,0.8607,1,High,2026-08-01
7703-ZEKEF,Male,No,No,No,23,Yes,Yes,Fiber optic,No,No,Yes,No,No,No,Month-to-month,Yes,Electronic check,81.0,1917.1,Yes,0.7969,0,High,2026-05-01
0723-DRCLG,Female,Yes,Yes,No,1,Yes,Yes,Fiber optic,No,No,No,No,No,No,Month-to-month,Yes,Electronic check,74.45,74.45,Yes,0.9029,1,High,2025-09-01
5482-NUPNA,Female,No,No,No,4,Yes,No,DSL,Yes,Yes,No,Yes,No,No,Month-to-month,Yes,Mailed check,60.4,272.15,Yes,0.4188,0,Medium,2026-03-01
6691-CCIHA,Female,No,Yes,No,62,Yes,Yes,DSL,Yes,Yes,No,Yes,Yes,Yes,Two year,Yes,Electronic check,84.95,5150.55,No,0.0874,0,Low,2026-05-01
1685-BQULA,Female,No,No,No,40,Yes,Yes,Fiber optic,No,Yes,Yes,No,Yes,No,Month-to-month,Yes,Bank transfer (automatic),93.4,3756.4,No,0.6486,0,High,2026-02-01
9053-EJUNL,Male,No,No,No,41,Yes,Yes,Fiber optic,No,Yes,No,No,Yes,No,Month-to-month,Yes,Electronic check,89.2,3645.75,No,0.7265,0,High,2026-02-01
0666-UXTJO,Male,Yes,Yes,No,34,Yes,No,Fiber optic,No,No,Yes,No,Yes,No,Month-to-month,Yes,Credit card (automatic),85.2,2874.45,No,0.7015,0,High,2026-06-01
1471-GIQKQ,Female,No,No,No,1,Yes,No,DSL,No,Yes,No,No,No,No,Month-to-month,No,Electronic check,49.95,49.95,No,0.6271,0,High,2026-04-01
4807-IZYOZ,Female,No,No,No,51,Yes,No,No,No,No,No,No,No,No,Two year,No,Bank transfer (automatic),20.65,1020.75,No,0.0177,0,Low,2026-05-01
1122-JWTJW,Male,No,Yes,Yes,1,Yes,No,Fiber optic,No,No,No,No,No,No,Month-to-month,Yes,Mailed check,70.65,70.65,Yes,0.7818,0,High,2026-02-01
9710-NJERN,Female,No,No,No,39,Yes,No,No,No,No,No,No,No,No,Two year,No,Mailed check,20.15,826.0,No,0.0314,0,Low,2025-12-01
9837-FWLCH,Male,No,Yes,Yes,12,Yes,No,No,No,No,No,No,No,No,Month-to-month,Yes,Electronic check,19.2,239.0,No,0.3868,0,Medium,2026-03-01
1699-HPSBG,Male,No,No,No,12,Yes,No,DSL,No,No,No,Yes,Yes,No,One year,Yes,Electronic check,59.8,727.8,Yes,0.4537,0,Medium,2026-08-01
7203-OYKCT,Male,No,No,No,72,Yes,Yes,Fiber optic,No,Yes,Yes,No,Yes,Yes,One year,Yes,Electronic check,104.95,7544.3,No,0.4691,0,Medium,2026-04-01
1035-IPQPU,Female,Yes,Yes,No,63,Yes,Yes,Fiber optic,No,Yes,Yes,No,Yes,Yes,Month-to-month,Yes,Electronic check,103.5,6479.4,No,0.7237,0,High,2026-05-01
7398-LXGYX,Male,No,Yes,No,44,Yes,Yes,Fiber optic,Yes,No,Yes,No,No,No,Month-to-month,Yes,Credit card (automatic),84.8,3626.35,No,0.4915,0,Medium,2025-10-01
2823-LKABH,Female,No,No,No,18,Yes,Yes,Fiber optic,No,No,Yes,Yes,No,Yes,Month-to-month,Yes,Bank transfer (automatic),95.05,1679.4,No,0.7426,0,High,2026-08-01
8775-CEBBJ,Female,No,No,No,9,Yes,No,DSL,No,No,No,No,No,No,Month-to-month,Yes,Bank transfer (automatic),44.2,403.35,Yes,0.6027,0,High,2025-11-01
0550-DCXLH,Male,No,No,No,13,Yes,No,DSL,No,Yes,No,Yes,Yes,Yes,Month-to-month,No,Mailed check,73.35,931.55,No,0.4865,0,Medium,2026-08-01
9281-CEDRU,Female,No,Yes,No,68,Yes,No,DSL,No,Yes,No,Yes,Yes,No,Two year,No,Bank transfer (automatic),64.1,4326.25,No,0.0265,0,Low,2026-02-01
2235-DWLJU,Female,Yes,No,No,6,No,No,DSL,No,No,No,No,Yes,Yes,Month-to-month,Yes,Electronic check,44.4,263.05,No,0.879,1,High,2026-08-01
0871-OPBXW,Female,No,No,No,2,Yes,No,No,No,No,No,No,No,No,Month-to-month,Yes,Mailed check,20.05,39.25,No,0.467,0,Medium,2026-07-01
3605-JISKB,Male,Yes,Yes,No,55,Yes,Yes,DSL,Yes,Yes,No,No,No,No,One year,No,Credit card (automatic),60.0,3316.1,No,0.0844,0,Low,2026-06-01
6894-LFHLY,Male,Yes,No,No,1,Yes,Yes,Fiber optic,No,No,No,No,No,No,Month-to-month,Yes,Electronic check,75.75,75.75,Yes,0.9042,1,High,2026-07-01
9767-FFLEM,Male,No,No,No,38,Yes,No,Fiber optic,No,No,No,No,No,No,Month-to-month,Yes,Credit card (automatic),69.5,2625.25,No,0.5765,0,Medium,2026-04-01
0639-TSIQW,Female,No,No,No,67,Yes,Yes,Fiber optic,Yes,Yes,Yes,No,Yes,No,Month-to-month,Yes,Credit card (automatic),102.95,6886.25,Yes,0.3934,0,Medium,2026-07-01
8456-QDAVC,Male,No,No,No,19,Yes,No,Fiber optic,No,No,No,No,Yes,No,Month-to-month,Yes,Bank transfer (automatic),78.7,1495.1,No,0.7551,0,High,2025-11-01
7750-EYXWZ,Female,No,No,No,12,No,No,DSL,No,Yes,Yes,Yes,Yes,Yes,One year,No,Electronic check,60.65,743.3,No,0.4722,0,Medium,2025-09-01
2569-WGERO,Female,No,No,No,72,Yes,No,No,No,No,No,No,No,No,Two year,Yes,Bank transfer (automatic),21.15,1419.4,No,0.0104,0,Low,2026-03-01
6840-RESVB,Male,No,Yes,Yes,24,Yes,Yes,DSL,Yes,No,Yes,Yes,Yes,Yes,One year,Yes,Mailed check,84.8,1990.5,No,0.2647,0,Low,2026-06-01
2234-XADUH,Female,No,Yes,Yes,72,Yes,Yes,Fiber optic,No,Yes,Yes,No,Yes,Yes,One year,Yes,Credit card (automatic),103.2,7362.9,No,0.318,0,Medium,2026-06-01
4801-JZAZL,Female,No,Yes,Yes,11,No,No,DSL,Yes,No,No,No,No,No,Month-to-month,Yes,Electronic check,29.6,346.45,No,0.6093,0,High,2026-03-01
8361-LTMKD,Male,Yes,Yes,No,4,Yes,Yes,Fiber optic,No,No,No,No,No,No,Month-to-month,Yes,Mailed check,74.4,306.6,Yes,0.864,1,High,2026-03-01
3186-AJIEK,Male,No,No,No,66,Yes,No,Fiber optic,Yes,No,Yes,Yes,Yes,Yes,Two year,Yes,Bank transfer (automatic),105.65,6844.5,No,0.1343,0,Low,2026-04-01
